customer_id,customer_name,email,gender,age,customer_segment,region,signup_date
1,Edward Davis,edward.davis13@example.com,Male,65.0,Consumer,Midwest,2023-10-07
2,Sarah Nguyen,sarah.nguyen64@example.com,,32.0,Corporate,West,2023-01-14
3,Mary Gonzalez,mary.gonzalez93@example.com,Female,55.0,Consumer,East,2023-01-04
4,Jacob Hernandez,jacob.hernandez99@example.com,Female,66.0,Consumer,Midwest,2023-02-17
5,Steven Miller,steven.miller55@example.com,Female,64.0,Corporate,South,2023-03-05
6,Steven Garcia,steven.garcia80@example.com,Female,63.0,Consumer,Midwest,2023-12-05
7,Thomas Roberts,thomas.roberts47@example.com,Male,42.0,Corporate,East,2023-11-22
8,Michelle Hernandez,michelle.hernandez57@example.com,Female,61.0,Consumer,East,2023-11-08
9,Edward Hernandez,edward.hernandez78@example.com,Male,35.0,Consumer,West,2023-11-24
10,Timothy Scott,timothy.scott38@example.com,Male,20.0,Consumer,East,2023-07-25
11,Donna Jones,donna.jones37@example.com,Female,49.0,Corporate,East,2023-11-26
12,Elizabeth Martinez,elizabeth.martinez43@example.com,Female,45.0,Consumer,West,2023-07-24
13,Michelle Anderson,michelle.anderson27@example.com,Male,73.0,Consumer,South,2023-11-18
14,William Baker,william.baker64@example.com,Female,47.0,Consumer,West,2023-10-11
15,John Baker,john.baker24@example.com,Female,39.0,Consumer,East,2023-08-11
16,William Robinson,william.robinson10@example.com,Female,66.0,Corporate,East,2023-02-24
17,Edward Martin,edward.martin91@example.com,Male,66.0,Consumer,Midwest,2023-09-29
18,John Hill,john.hill51@example.com,Male,74.0,Home Office,South,2023-06-07
19,Sandra Brown,sandra.brown40@example.com,Male,49.0,Consumer,East,2023-09-30
20,Gary Rodriguez,gary.rodriguez26@example.com,Male,73.0,Corporate,West,2023-04-19
21,Kevin Carter,kevin.carter98@example.com,Female,60.0,Consumer,West,2023-08-13
22,Amy Lewis,amy.lewis25@example.com,Male,55.0,Consumer,Midwest,2023-10-29
23,Thomas Smith,thomas.smith19@example.com,Male,75.0,Consumer,South,2023-06-19
24,David Allen,david.allen40@example.com,Female,26.0,Consumer,West,2023-10-20
25,Brian Walker,brian.walker41@example.com,Female,24.0,Consumer,East,2023-07-01
26,Kimberly Clark,kimberly.clark69@example.com,Male,59.0,Home Office,South,2023-07-26
27,Jeffrey Perez,jeffrey.perez23@example.com,Male,26.0,Home Office,Midwest,2023-05-23
28,Elizabeth Thomas,elizabeth.thomas19@example.com,Male,,Consumer,Midwest,2023-01-08
29,Sarah Carter,sarah.carter40@example.com,Female,73.0,Consumer,East,2023-01-31
30,William Harris,william.harris10@example.com,Female,68.0,Consumer,East,2023-08-05
31,Timothy Campbell,timothy.campbell81@example.com,Female,36.0,Consumer,East,2023-01-30
32,Angela Mitchell,angela.mitchell79@example.com,,21.0,Corporate,West,2023-09-15
33,Amy Hernandez,amy.hernandez17@example.com,Male,22.0,Consumer,West,2023-12-12
34,Sandra Sanchez,sandra.sanchez25@example.com,Male,20.0,Consumer,South,2023-08-03
35,Ronald Nguyen,ronald.nguyen82@example.com,Female,63.0,Consumer,Midwest,2023-05-16
36,Laura Rodriguez,laura.rodriguez95@example.com,Female,66.0,Corporate,East,2023-01-05
37,Elizabeth Flores,elizabeth.flores82@example.com,Male,50.0,Consumer,South,2023-06-28
38,David Thomas,david.thomas57@example.com,Female,63.0,Corporate,South,2023-12-01
39,Amy Smith,amy.smith95@example.com,Female,24.0,Corporate,East,2023-03-10
40,Daniel Davis,daniel.davis23@example.com,Male,56.0,Consumer,East,2023-06-25
41,Betty Baker,betty.baker91@example.com,Female,72.0,Home Office,West,2023-11-21
42,Kimberly Moore,kimberly.moore15@example.com,,58.0,Consumer,East,2023-03-24
43,Ryan Lewis,ryan.lewis80@example.com,Male,74.0,Consumer,East,2023-03-18
44,Kevin Williams,kevin.williams57@example.com,Male,20.0,Corporate,West,2023-01-21
45,Donald Wilson,donald.wilson97@example.com,Male,53.0,Home Office,West,2023-07-28
46,Brenda Mitchell,brenda.mitchell29@example.com,Male,69.0,Consumer,South,2023-07-31
47,Jane Lopez,jane.lopez52@example.com,Female,73.0,Corporate,West,2023-05-08
48,Donna Hernandez,donna.hernandez99@example.com,Male,32.0,Corporate,West,2023-08-24
49,Donald Martin,donald.martin39@example.com,Male,35.0,Consumer,West,2023-05-23
50,Donald Adams,donald.adams75@example.com,Female,25.0,Consumer,East,2023-05-14
51,Lisa Nguyen,lisa.nguyen43@example.com,,40.0,Consumer,West,2023-06-10
52,Kimberly Hill,kimberly.hill75@example.com,Male,63.0,Consumer,West,2023-09-24
53,Kevin Baker,kevin.baker95@example.com,Female,140.0,Home Office,East,2023-12-06
54,Jessica Campbell,jessica.campbell48@example.com,Female,62.0,Consumer,South,2023-03-07
55,Joseph Clark,joseph.clark95@example.com,Male,37.0,Consumer,East,2023-01-01
56,Carol Jackson,carol.jackson36@example.com,Female,46.0,Consumer,East,2023-09-19
57,Joshua Mitchell,joshua.mitchell31@example.com,Female,58.0,Home Office,South,2023-02-17
58,Jacob Thomas,jacob.thomas96@example.com,Male,20.0,Corporate,Midwest,2023-09-01
59,Brenda Roberts,brenda.roberts19@example.com,Male,42.0,Corporate,East,2023-05-05
60,Karen Adams,karen.adams98@example.com,,67.0,Home Office,West,2023-08-06
61,Thomas Lopez,thomas.lopez99@example.com,Male,72.0,Corporate,Midwest,2023-03-10
62,Elizabeth Nelson,elizabeth.nelson77@example.com,Female,75.0,Consumer,East,2023-09-16
63,Kimberly Scott,kimberly.scott67@example.com,Female,66.0,Consumer,West,2023-11-23
64,Donna Roberts,donna.roberts76@example.com,Male,22.0,Corporate,Midwest,2023-05-01
65,Donna Perez,donna.perez50@example.com,Male,32.0,Consumer,West,2023-03-20
66,Jason Wilson,jason.wilson18@example.com,Female,44.0,Consumer,East,2023-08-04
67,Steven Roberts,steven.roberts84@example.com,Male,66.0,Consumer,East,2023-09-02
68,John Thompson,john.thompson48@example.com,Female,65.0,Home Office,East,2023-11-05
69,Thomas Young,thomas.young38@example.com,Female,,Consumer,South,2023-12-14
70,Laura Campbell,laura.campbell31@example.com,Male,52.0,Consumer,Midwest,
71,Laura Nguyen,laura.nguyen82@example.com,Male,26.0,Home Office,East,2023-04-04
72,Emily Taylor,emily.taylor58@example.com,Female,66.0,Consumer,East,2023-05-23
73,Jacob Clark,jacob.clark42@example.com,Female,,Consumer,East,2023-06-29
74,Thomas Adams,thomas.adams18@example.com,Male,33.0,Corporate,West,2023-01-11
75,Brenda Martinez,brenda.martinez40@example.com,Male,31.0,Consumer,East,2023-05-12
76,Gary White,gary.white31@example.com,Male,28.0,Home Office,East,2023-02-25
77,Angela Johnson,angela.johnson49@example.com,Female,63.0,Consumer,West,2023-10-31
78,Timothy Green,timothy.green41@example.com,Female,56.0,Home Office,East,2023-10-17
79,Michael Thompson,michael.thompson78@example.com,Female,140.0,Corporate,South,
80,Paul Young,paul.young23@example.com,Female,71.0,Consumer,South,2023-03-20
81,Kimberly Lopez,kimberly.lopez76@example.com,Female,52.0,Consumer,West,2023-08-27
82,Kimberly Campbell,kimberly.campbell85@example.com,Male,23.0,Corporate,West,2023-08-19
83,Sandra Carter,sandra.carter69@example.com,Female,49.0,Consumer,South,2023-04-04
84,Melissa Wilson,melissa.wilson55@example.com,Female,56.0,Consumer,East,2023-05-22
85,Mary Smith,mary.smith76@example.com,Male,44.0,Consumer,West,2023-05-04
86,Timothy Walker,timothy.walker92@example.com,Female,23.0,Corporate,East,2023-07-27
87,Timothy Thomas,timothy.thomas49@example.com,Female,51.0,Consumer,East,2023-10-09
88,Ruth Thompson,ruth.thompson99@example.com,Female,25.0,Corporate,East,2023-06-11
89,Jessica Mitchell,jessica.mitchell78@example.com,Male,65.0,Corporate,West,2023-10-29
90,Jacob King,jacob.king86@example.com,Male,36.0,Home Office,East,2023-04-02
91,Carol Smith,carol.smith78@example.com,Male,53.0,Consumer,East,2023-03-06
92,Edward Carter,edward.carter72@example.com,Male,48.0,Home Office,Midwest,2023-06-24
93,Lisa Brown,lisa.brown42@example.com,Female,22.0,Consumer,South,2023-02-07
94,Brian Green,brian.green97@example.com,,54.0,Corporate,West,2023-02-13
95,Sandra Davis,sandra.davis81@example.com,Male,42.0,Consumer,East,2023-08-15
96,Carol Nguyen,carol.nguyen64@example.com,Male,65.0,Consumer,Midwest,2023-04-17
97,Edward Wilson,edward.wilson43@example.com,Male,53.0,Home Office,West,2023-01-02
98,Paul Lewis,paul.lewis98@example.com,Female,,Consumer,East,2023-05-25
99,Timothy Robinson,timothy.robinson19@example.com,Female,58.0,Corporate,Midwest,2023-04-12
100,Kimberly Davis,kimberly.davis79@example.com,Male,70.0,Home Office,South,2023-01-31
101,William Martin,william.martin86@example.com,Female,47.0,Corporate,East,2023-12-25
102,Laura Moore,laura.moore74@example.com,Female,20.0,Consumer,Midwest,2023-06-15
103,George Taylor,george.taylor13@example.com,Male,61.0,Corporate,East,2023-10-23
104,Michael Carter,michael.carter32@example.com,Female,29.0,Consumer,South,2023-08-12
105,Edward Young,edward.young21@example.com,Female,60.0,Consumer,East,2023-03-24
106,Ruth Clark,ruth.clark98@example.com,Female,53.0,Consumer,South,2023-02-15
107,Mark Taylor,mark.taylor51@example.com,Female,70.0,Corporate,East,2023-12-03
108,Kevin Robinson,kevin.robinson62@example.com,,57.0,Corporate,East,2023-11-17
109,Andrew Carter,andrew.carter16@example.com,Male,46.0,Consumer,South,2023-09-06
110,Jessica Johnson,jessica.johnson90@example.com,Male,37.0,Corporate,South,2023-10-10
111,Paul Garcia,paul.garcia38@example.com,Male,25.0,Corporate,West,2023-03-20
112,Melissa Rivera,melissa.rivera47@example.com,Female,48.0,Consumer,West,2023-05-05
113,Elizabeth Scott,elizabeth.scott28@example.com,Male,35.0,Consumer,East,2023-08-01
114,Ruth Allen,ruth.allen44@example.com,Female,71.0,Home Office,West,2023-12-04
115,Melissa Martinez,melissa.martinez67@example.com,Female,66.0,Home Office,West,2023-08-22
116,Mark Gonzalez,mark.gonzalez99@example.com,Female,67.0,Corporate,West,2023-06-12
117,Ryan Walker,ryan.walker58@example.com,Male,20.0,Consumer,West,2023-10-30
118,Ruth Miller,ruth.miller66@example.com,Female,,Consumer,South,2023-12-02
119,Karen Jones,karen.jones70@example.com,Female,62.0,Consumer,East,2023-02-11
120,Ruth Baker,ruth.baker78@example.com,Female,74.0,Corporate,East,2023-10-05
121,Michael Flores,michael.flores18@example.com,Female,65.0,Home Office,Midwest,2023-02-20
122,Jacob Green,jacob.green22@example.com,Female,20.0,Home Office,West,2023-01-29
123,Matthew Thompson,matthew.thompson57@example.com,Male,54.0,Consumer,Midwest,2023-04-03
124,William Lopez,william.lopez20@example.com,Female,33.0,Consumer,Midwest,2023-10-26
125,Karen Anderson,karen.anderson69@example.com,Female,18.0,Home Office,Midwest,2023-08-27
126,Matthew Baker,matthew.baker79@example.com,Female,55.0,Consumer,West,2023-08-06
127,Timothy Taylor,timothy.taylor68@example.com,Male,72.0,Home Office,East,2023-05-02
128,Steven Torres,steven.torres55@example.com,Female,,Consumer,West,2023-07-22
129,Donna Smith,donna.smith82@example.com,Male,65.0,Home Office,South,2023-05-27
130,Gary Anderson,gary.anderson87@example.com,Male,57.0,Consumer,East,2023-12-04
131,Gary Rodriguez,gary.rodriguez90@example.com,Male,46.0,Corporate,Midwest,2023-07-06
132,Jeffrey Rodriguez,jeffrey.rodriguez21@example.com,Female,29.0,Consumer,West,2023-10-04
133,Michelle King,michelle.king74@example.com,Male,70.0,Home Office,South,2023-06-01
134,Ryan Perez,ryan.perez24@example.com,Male,32.0,Corporate,South,2023-12-12
135,Laura Scott,laura.scott56@example.com,Female,,Consumer,East,2023-08-21
136,Michelle Baker,michelle.baker96@example.com,Female,41.0,Corporate,South,2023-04-30
137,Joshua Johnson,joshua.johnson89@example.com,Female,32.0,Home Office,Midwest,2023-11-22
138,Elizabeth Hall,elizabeth.hall48@example.com,Male,20.0,Consumer,West,2023-09-10
139,Jessica Miller,jessica.miller40@example.com,Male,41.0,Corporate,West,2023-12-23
140,Kevin Clark,kevin.clark85@example.com,Male,59.0,Corporate,South,2023-09-08
141,Brenda Clark,brenda.clark45@example.com,,46.0,Home Office,East,2023-05-01
142,Michelle Miller,michelle.miller97@example.com,Female,140.0,Consumer,East,2023-03-04
143,Elizabeth Garcia,elizabeth.garcia94@example.com,Male,,Consumer,East,2023-03-06
144,Brian Wilson,brian.wilson18@example.com,Male,70.0,Consumer,West,2023-06-18
145,Gary Martinez,gary.martinez86@example.com,,27.0,Consumer,West,2023-10-04
146,Daniel Lopez,daniel.lopez24@example.com,Male,40.0,Consumer,East,2023-05-02
147,Angela Lee,angela.lee12@example.com,Male,44.0,Corporate,West,2023-02-02
148,Joshua Lewis,joshua.lewis56@example.com,Male,32.0,Consumer,West,2023-01-23
149,Jeffrey Nelson,jeffrey.nelson76@example.com,Male,150.0,Corporate,East,2023-08-07
150,Gary Miller,gary.miller72@example.com,Female,-5.0,Corporate,East,2023-03-17
151,David Rodriguez,david.rodriguez45@example.com,Female,56.0,Consumer,West,2023-08-21
152,Kenneth Hill,kenneth.hill65@example.com,Male,59.0,Consumer,West,2023-10-10
153,Jeffrey Wilson,jeffrey.wilson65@example.com,Male,70.0,Corporate,Midwest,2023-08-01
154,Jeffrey Miller,jeffrey.miller50@example.com,Female,27.0,Consumer,East,2023-08-31
155,David Garcia,david.garcia20@example.com,Male,41.0,Corporate,East,2023-10-12
156,Emily Nguyen,emily.nguyen81@example.com,Male,73.0,Consumer,East,2023-08-05
157,Jeffrey Brown,jeffrey.brown46@example.com,Female,50.0,Consumer,Midwest,2023-12-03
158,Joshua Anderson,joshua.anderson23@example.com,Female,35.0,Corporate,South,2023-08-08
159,Mary Roberts,mary.roberts89@example.com,Male,60.0,Consumer,East,2023-05-17
160,Jane Lopez,jane.lopez44@example.com,Female,40.0,Consumer,East,
161,Karen Torres,karen.torres94@example.com,Male,19.0,Consumer,South,2023-09-29
162,Betty Harris,betty.harris63@example.com,Male,64.0,Corporate,East,2023-10-18
163,George Garcia,george.garcia16@example.com,Male,35.0,Home Office,South,2023-08-06
164,Melissa Hill,melissa.hill66@example.com,Male,25.0,Consumer,West,2023-02-26
165,Matthew Baker,matthew.baker96@example.com,Female,,Consumer,East,2023-11-03
166,Emily Smith,emily.smith36@example.com,Male,66.0,Consumer,South,2023-06-17
167,Jessica Smith,jessica.smith73@example.com,Male,52.0,Consumer,East,2023-09-14
168,Mary Nelson,mary.nelson55@example.com,,20.0,Consumer,East,2023-08-24
169,David Lee,david.lee83@example.com,Female,44.0,Home Office,South,2023-07-27
170,Jane Lee,jane.lee31@example.com,Female,41.0,Consumer,East,2023-02-24
171,Sandra Ramirez,sandra.ramirez85@example.com,Male,37.0,Consumer,West,2023-04-24
172,Ruth Roberts,ruth.roberts31@example.com,,51.0,Consumer,West,2023-06-28
173,Donald Campbell,donald.campbell92@example.com,Male,34.0,Consumer,West,2023-11-05
174,Karen Carter,karen.carter93@example.com,,58.0,Corporate,East,2023-10-16
175,Jacob Nguyen,jacob.nguyen67@example.com,Female,58.0,Consumer,West,2023-08-14
176,David Walker,david.walker66@example.com,Female,40.0,Consumer,Midwest,2023-06-08
177,Elizabeth Lewis,elizabeth.lewis14@example.com,,22.0,Corporate,East,2023-02-16
178,Brenda Hill,brenda.hill74@example.com,Male,69.0,Consumer,West,2023-04-07
179,Mark Hill,mark.hill70@example.com,Male,69.0,Consumer,West,2023-06-25
180,Jason Garcia,jason.garcia74@example.com,Male,46.0,Home Office,West,2023-09-26
181,Amy Flores,amy.flores30@example.com,Female,67.0,Consumer,West,2023-11-03
182,Emily Green,emily.green92@example.com,Female,61.0,Consumer,West,2023-05-10
183,Jeffrey Nelson,jeffrey.nelson87@example.com,Female,60.0,Home Office,West,2023-06-29
184,Carol Adams,carol.adams99@example.com,Male,23.0,Home Office,Midwest,2023-07-12
185,Nicole Perez,nicole.perez26@example.com,Male,45.0,Consumer,East,2023-01-10
186,Michelle Martin,michelle.martin33@example.com,Female,49.0,Consumer,East,2023-03-12
187,Karen Jones,karen.jones47@example.com,Male,52.0,Consumer,South,2023-09-27
188,Michael Nelson,michael.nelson53@example.com,Male,27.0,Consumer,East,2023-12-21
189,Gary Flores,gary.flores31@example.com,Male,61.0,Corporate,East,2023-08-16
190,Brenda Jackson,brenda.jackson67@example.com,Male,69.0,Corporate,East,2023-04-10
191,Michelle Baker,michelle.baker83@example.com,Female,67.0,Consumer,South,2023-09-28
192,Paul Hernandez,paul.hernandez35@example.com,Male,21.0,Corporate,Midwest,2023-07-10
193,Mary Miller,mary.miller76@example.com,Female,28.0,Corporate,South,2023-09-20
194,Karen Ramirez,karen.ramirez21@example.com,Male,74.0,Consumer,East,2023-01-14
195,Paul Brown,paul.brown60@example.com,Male,23.0,Corporate,South,2023-01-15
196,Mark Miller,mark.miller93@example.com,Male,36.0,Home Office,West,2023-08-30
197,Timothy Rodriguez,timothy.rodriguez70@example.com,Male,19.0,Consumer,South,2023-03-18
198,Mary Campbell,mary.campbell87@example.com,Male,33.0,Consumer,Midwest,2023-01-25
199,Sandra Clark,sandra.clark91@example.com,Female,150.0,Home Office,West,2023-01-09
200,Edward Allen,edward.allen83@example.com,Male,18.0,Corporate,South,2023-05-04
201,Brian Clark,brian.clark33@example.com,Male,41.0,Consumer,Midwest,2023-09-27
202,Kevin Allen,kevin.allen74@example.com,Female,20.0,Consumer,South,2023-07-11
203,Daniel Mitchell,daniel.mitchell12@example.com,Male,64.0,Consumer,Midwest,2023-02-23
204,Gary Nguyen,gary.nguyen52@example.com,Female,70.0,Consumer,East,2023-12-17
205,Elizabeth Hall,elizabeth.hall71@example.com,Male,150.0,Home Office,East,2023-04-14
206,Michael Gonzalez,michael.gonzalez15@example.com,Female,70.0,Consumer,Midwest,2023-05-10
207,Michael Carter,michael.carter92@example.com,Female,21.0,Home Office,West,2023-06-19
208,Donna Davis,donna.davis57@example.com,Female,75.0,Corporate,West,2023-06-23
209,Lisa Young,lisa.young98@example.com,Female,64.0,Consumer,East,2023-08-09
210,George Lopez,george.lopez79@example.com,Male,60.0,Corporate,South,2023-08-17
211,George Rivera,george.rivera64@example.com,Female,20.0,Corporate,South,2023-06-30
212,Brenda Ramirez,brenda.ramirez45@example.com,Male,150.0,Consumer,West,2023-12-14
213,William Johnson,william.johnson28@example.com,Female,,Consumer,West,2023-11-27
214,Michelle White,michelle.white59@example.com,Male,61.0,Consumer,Midwest,2023-07-09
215,Michelle Lewis,michelle.lewis19@example.com,Female,59.0,Consumer,East,2023-02-28
216,Jane Mitchell,jane.mitchell33@example.com,Female,25.0,Consumer,South,2023-05-14
217,Jason Lewis,jason.lewis37@example.com,Female,49.0,Corporate,East,2023-03-11
218,David Lewis,david.lewis32@example.com,Female,69.0,Consumer,South,2023-06-13
219,Ronald Thompson,ronald.thompson18@example.com,Female,72.0,Consumer,South,2023-12-30
220,Timothy Green,timothy.green32@example.com,Male,30.0,Corporate,East,2023-05-02
221,Melissa Johnson,melissa.johnson56@example.com,Female,53.0,Consumer,Midwest,2023-02-14
222,David Martin,david.martin60@example.com,Female,67.0,Consumer,West,2023-10-22
223,David Rodriguez,david.rodriguez50@example.com,Female,51.0,Corporate,Midwest,2023-10-10
224,Edward Nguyen,edward.nguyen33@example.com,Male,73.0,Home Office,South,2023-03-05
225,Amy Martinez,amy.martinez48@example.com,Female,32.0,Consumer,East,2023-09-23
226,Matthew Garcia,matthew.garcia42@example.com,Female,37.0,Corporate,West,2023-02-17
227,Kenneth Adams,kenneth.adams31@example.com,Male,57.0,Consumer,Midwest,2023-11-06
228,Ruth Torres,ruth.torres15@example.com,Male,59.0,Consumer,West,2023-05-16
229,Nicole Wilson,nicole.wilson83@example.com,Male,58.0,Consumer,West,2023-11-25
230,Carol Walker,carol.walker41@example.com,Female,22.0,Consumer,East,2023-03-22
231,Andrew Clark,andrew.clark71@example.com,Female,38.0,Consumer,West,2023-06-13
232,Jeffrey Thompson,jeffrey.thompson61@example.com,Female,24.0,Corporate,West,2023-08-27
233,Jessica Moore,jessica.moore67@example.com,Male,,Home Office,West,2023-11-12
234,Paul Thomas,paul.thomas30@example.com,Female,28.0,Consumer,Midwest,2023-09-21
235,Elizabeth Young,elizabeth.young49@example.com,Male,50.0,Consumer,Midwest,2023-05-04
236,Betty Nguyen,betty.nguyen55@example.com,,56.0,Consumer,Midwest,2023-12-01
237,Gary Walker,gary.walker46@example.com,Male,74.0,Consumer,Midwest,2023-07-07
238,Jacob Sanchez,jacob.sanchez56@example.com,,,Consumer,Midwest,2023-07-05
239,Mary Jackson,mary.jackson19@example.com,Female,35.0,Consumer,West,2023-11-16
240,Gary Flores,gary.flores25@example.com,Male,68.0,Home Office,West,2023-10-13
241,Michelle Carter,michelle.carter28@example.com,Female,20.0,Corporate,South,2024-01-01
242,Ruth Walker,ruth.walker76@example.com,Male,57.0,Consumer,West,2023-07-21
243,Brenda Mitchell,brenda.mitchell48@example.com,Female,37.0,Consumer,Midwest,2023-01-09
244,Michelle Perez,michelle.perez96@example.com,Female,68.0,Consumer,East,2023-12-19
245,Edward Johnson,edward.johnson86@example.com,Male,55.0,Home Office,Midwest,2023-09-26
246,Edward Campbell,edward.campbell89@example.com,Female,61.0,Consumer,West,2023-10-21
247,Timothy Davis,timothy.davis34@example.com,,27.0,Consumer,East,2023-04-15
248,Paul Allen,paul.allen88@example.com,Male,51.0,Consumer,West,2023-06-16
249,Ronald Walker,ronald.walker77@example.com,Male,52.0,Consumer,East,2023-07-01
250,Gary Roberts,gary.roberts97@example.com,Female,30.0,Home Office,Midwest,2023-05-23
251,Mary Martin,mary.martin38@example.com,Female,63.0,Corporate,West,2023-12-27
252,Melissa Lee,melissa.lee71@example.com,Female,54.0,Consumer,South,2023-07-14
253,Laura Thompson,laura.thompson28@example.com,Female,23.0,Corporate,East,2023-08-15
254,Nicole Taylor,nicole.taylor71@example.com,Female,62.0,Home Office,South,2023-02-25
255,Brenda Mitchell,brenda.mitchell85@example.com,Male,51.0,Home Office,South,2023-04-30
256,Emily Miller,emily.miller62@example.com,Female,67.0,Corporate,West,2023-10-09
257,William Clark,william.clark93@example.com,Female,30.0,Home Office,Midwest,2023-05-28
258,Mark Jackson,mark.jackson92@example.com,,59.0,Consumer,East,2023-10-01
259,Ryan Campbell,ryan.campbell14@example.com,Male,71.0,Consumer,South,2023-01-19
260,Laura Young,laura.young33@example.com,Female,18.0,Home Office,East,2023-11-05
261,James Perez,james.perez46@example.com,Female,26.0,Consumer,West,2023-08-28
262,Donna Gonzalez,donna.gonzalez24@example.com,Female,63.0,Home Office,South,2023-06-22
263,Matthew Torres,matthew.torres96@example.com,Male,58.0,Corporate,West,2023-08-07
264,Kenneth Lee,kenneth.lee21@example.com,Male,26.0,Consumer,East,2023-05-08
265,John Taylor,john.taylor59@example.com,Female,37.0,Consumer,Midwest,2023-10-21
266,John Taylor,john.taylor93@example.com,Male,-5.0,Corporate,Midwest,2023-03-23
267,Laura Baker,laura.baker74@example.com,Female,58.0,Home Office,West,2023-06-01
268,Michelle Flores,michelle.flores38@example.com,Male,47.0,Corporate,Midwest,2023-11-07
269,Michelle Clark,michelle.clark99@example.com,Female,69.0,Corporate,East,2023-04-22
270,Jacob Thomas,jacob.thomas97@example.com,Male,51.0,Consumer,East,2023-02-09
271,Brian Davis,brian.davis17@example.com,Male,27.0,Home Office,West,2023-09-24
272,Andrew Davis,andrew.davis97@example.com,Female,50.0,Consumer,South,2023-01-29
273,Elizabeth Rodriguez,elizabeth.rodriguez75@example.com,Male,61.0,Corporate,West,2023-01-12
274,Laura Taylor,laura.taylor10@example.com,Male,,Consumer,South,2023-02-02
275,Kevin Brown,kevin.brown18@example.com,Female,,Consumer,South,2023-03-11
276,Gary Adams,gary.adams92@example.com,Female,42.0,Consumer,Midwest,2023-07-13
277,Steven Garcia,steven.garcia97@example.com,Male,40.0,Consumer,West,2023-10-03
278,Laura King,laura.king26@example.com,Male,66.0,Home Office,West,
279,Carol Robinson,carol.robinson96@example.com,Female,70.0,Consumer,East,2023-08-24
280,Donald Martinez,donald.martinez45@example.com,Male,,Corporate,West,2023-11-11
281,Gary Johnson,gary.johnson40@example.com,Male,46.0,Corporate,East,2023-12-27
282,Emily Thomas,emily.thomas15@example.com,Male,66.0,Consumer,East,2023-01-29
283,Robert Allen,robert.allen47@example.com,Female,67.0,Consumer,West,2023-06-14
284,Sandra Martin,sandra.martin28@example.com,Male,35.0,Consumer,West,2023-10-30
285,Ryan Lopez,ryan.lopez90@example.com,Female,,Home Office,East,2023-11-26
286,Ronald Harris,ronald.harris77@example.com,Female,37.0,Consumer,South,2023-10-03
287,Joshua Thomas,joshua.thomas38@example.com,Male,21.0,Consumer,West,2023-08-02
288,Mary King,mary.king27@example.com,Female,59.0,Home Office,Midwest,2023-08-19
289,Michelle Garcia,michelle.garcia78@example.com,Male,,Consumer,Midwest,2023-11-06
290,George Williams,george.williams19@example.com,Male,73.0,Consumer,East,2023-06-05
291,John Wilson,john.wilson34@example.com,Male,66.0,Consumer,Midwest,2023-05-05
292,Timothy Hill,timothy.hill36@example.com,Male,67.0,Consumer,East,2023-08-27
293,Kevin Adams,kevin.adams55@example.com,Female,49.0,Corporate,East,2023-08-29
294,Jacob Lee,jacob.lee36@example.com,Female,,Consumer,East,2023-03-16
295,Jane Taylor,jane.taylor80@example.com,Female,30.0,Consumer,East,2023-07-14
296,Brian Thomas,brian.thomas73@example.com,Female,70.0,Consumer,West,2023-11-25
297,Ryan Young,ryan.young68@example.com,Female,64.0,Consumer,East,2023-04-05
298,Kevin Adams,kevin.adams17@example.com,Male,60.0,Home Office,West,2023-01-04
299,Paul Rodriguez,paul.rodriguez90@example.com,Male,,Corporate,East,2023-07-11
300,Emily Flores,emily.flores91@example.com,Female,19.0,Consumer,East,
301,Mary Clark,mary.clark11@example.com,,52.0,Consumer,East,2023-01-09
302,Kenneth Hall,kenneth.hall96@example.com,Male,24.0,Consumer,East,2023-05-04
303,Joseph Flores,joseph.flores77@example.com,Female,43.0,Consumer,West,2023-07-27
304,Elizabeth Torres,elizabeth.torres41@example.com,Male,70.0,Consumer,West,2023-12-01
305,Nicole Carter,nicole.carter14@example.com,Female,48.0,Consumer,South,2023-01-05
306,Timothy Hernandez,timothy.hernandez20@example.com,Female,39.0,Consumer,South,2023-02-18
307,Amy Williams,amy.williams39@example.com,Female,22.0,Corporate,East,2023-05-24
308,Kevin Torres,kevin.torres94@example.com,,38.0,Home Office,Midwest,
309,Betty Nguyen,betty.nguyen28@example.com,Female,37.0,Consumer,East,2023-05-04
310,Brian Harris,brian.harris96@example.com,Female,65.0,Corporate,South,2023-12-19
311,Jeffrey Garcia,jeffrey.garcia74@example.com,Female,,Consumer,East,2023-02-08
312,Ruth Hill,ruth.hill88@example.com,Female,38.0,Consumer,West,
313,Donna Lewis,donna.lewis72@example.com,Female,61.0,Corporate,West,2023-07-14
314,Sarah Roberts,sarah.roberts89@example.com,Male,23.0,Consumer,South,2023-07-14
315,Jason Green,jason.green29@example.com,Female,23.0,Consumer,East,
316,Carol Lewis,carol.lewis56@example.com,Male,29.0,Corporate,Midwest,2023-10-13
317,Mary Allen,mary.allen62@example.com,Male,23.0,Consumer,West,2023-06-16
318,Steven Smith,steven.smith47@example.com,Male,53.0,Consumer,West,2023-05-05
319,Brian King,brian.king31@example.com,Male,37.0,Consumer,East,2023-03-16
320,David Hernandez,david.hernandez65@example.com,Female,22.0,Consumer,West,2023-05-07
321,Jeffrey Green,jeffrey.green73@example.com,Male,26.0,Consumer,East,2023-07-22
322,Ruth Flores,ruth.flores58@example.com,Female,45.0,Consumer,East,2023-11-30
323,George Rodriguez,george.rodriguez48@example.com,Male,29.0,Consumer,Midwest,2023-06-13
324,Matthew Mitchell,matthew.mitchell98@example.com,Male,35.0,Consumer,South,2023-07-21
325,Michelle Davis,michelle.davis82@example.com,Male,53.0,Corporate,West,
326,Jeffrey Robinson,jeffrey.robinson36@example.com,Female,22.0,Consumer,West,2023-07-29
327,Gary Young,gary.young27@example.com,Male,27.0,Consumer,South,2023-07-13
328,David Lewis,david.lewis86@example.com,Female,73.0,Consumer,East,2023-10-06
329,Michael White,michael.white99@example.com,Male,33.0,Consumer,West,2023-07-01
330,William Adams,william.adams88@example.com,,61.0,Corporate,West,2023-06-19
331,Kimberly Miller,kimberly.miller11@example.com,Male,51.0,Consumer,Midwest,2023-12-19
332,Brian Anderson,brian.anderson67@example.com,Female,55.0,Corporate,East,2023-03-19
333,Donald Johnson,donald.johnson71@example.com,Female,23.0,Consumer,East,2023-03-14
334,Donald Martin,donald.martin53@example.com,Male,40.0,Consumer,East,2023-08-13
335,Jeffrey Hall,jeffrey.hall67@example.com,Female,,Consumer,East,2023-01-12
336,Ruth Adams,ruth.adams23@example.com,Male,65.0,Consumer,Midwest,2023-03-31
337,Mary Hernandez,mary.hernandez52@example.com,Female,43.0,Consumer,West,2023-04-06
338,Edward Nelson,edward.nelson65@example.com,Male,45.0,Consumer,Midwest,2023-12-27
339,Betty Wilson,betty.wilson45@example.com,Male,69.0,Consumer,West,2023-04-06
340,Michelle Lee,michelle.lee35@example.com,Female,49.0,Home Office,Midwest,2023-11-24
341,Mark Hill,mark.hill59@example.com,Male,72.0,Corporate,East,2023-03-30
342,Gary Rivera,gary.rivera48@example.com,Male,38.0,Consumer,South,2023-06-06
343,Jessica Lopez,jessica.lopez57@example.com,Female,26.0,Home Office,West,2023-08-05
344,Lisa Young,lisa.young91@example.com,Male,49.0,Consumer,East,2023-04-06
345,Mark Lewis,mark.lewis89@example.com,,18.0,Corporate,East,2023-04-10
346,Steven Scott,steven.scott74@example.com,Female,44.0,Consumer,West,2023-08-16
347,Melissa Hernandez,melissa.hernandez20@example.com,Male,35.0,Consumer,East,2023-05-28
348,William Roberts,william.roberts68@example.com,Female,25.0,Consumer,West,2023-05-18
349,Gary Wright,gary.wright56@example.com,Male,46.0,Consumer,West,2023-08-06
350,James Mitchell,james.mitchell93@example.com,Female,20.0,Consumer,West,2023-06-28
351,Sarah Lewis,sarah.lewis25@example.com,Male,65.0,Consumer,East,2023-06-29
352,Jason Flores,jason.flores90@example.com,Male,70.0,Consumer,East,2023-01-31
353,Brian Thompson,brian.thompson78@example.com,Male,63.0,Consumer,Midwest,2023-10-21
354,Donna Allen,donna.allen96@example.com,Male,68.0,Consumer,South,2023-01-31
355,Donna Adams,donna.adams26@example.com,Male,63.0,Consumer,South,2023-05-07
356,Jacob Baker,jacob.baker60@example.com,Female,42.0,Corporate,West,2023-11-21
357,Gary Garcia,gary.garcia61@example.com,Female,74.0,Consumer,West,2023-09-07
358,Mark Nguyen,mark.nguyen10@example.com,Male,47.0,Consumer,Midwest,2023-12-24
359,Donald Jones,donald.jones78@example.com,Female,49.0,Corporate,Midwest,2023-05-26
360,Ruth Scott,ruth.scott83@example.com,Female,75.0,Consumer,South,2023-01-25
361,Michael Miller,michael.miller90@example.com,Female,,Home Office,East,2023-03-22
362,Andrew Robinson,andrew.robinson10@example.com,Female,62.0,Consumer,South,2023-11-29
363,Carol Hernandez,carol.hernandez45@example.com,Female,41.0,Consumer,South,2023-11-29
364,William Brown,william.brown60@example.com,Male,23.0,Consumer,South,2023-01-01
365,Betty Walker,betty.walker19@example.com,Male,46.0,Consumer,East,
366,Timothy Perez,timothy.perez25@example.com,Female,48.0,Consumer,South,2023-07-16
367,Sarah Campbell,sarah.campbell23@example.com,Female,26.0,Corporate,West,2023-03-10
368,Nicole Baker,nicole.baker28@example.com,,57.0,Consumer,Midwest,2023-08-14
369,Donald Campbell,donald.campbell37@example.com,Male,57.0,Consumer,South,2023-04-22
370,Sarah Miller,sarah.miller27@example.com,Female,45.0,Consumer,West,2023-03-13
371,Sandra Moore,sandra.moore92@example.com,Female,62.0,Consumer,East,
372,Ronald Martin,ronald.martin36@example.com,Male,36.0,Corporate,West,2023-05-03
373,Melissa Harris,melissa.harris24@example.com,Male,18.0,Consumer,Midwest,2023-06-12
374,Robert Harris,robert.harris82@example.com,Male,67.0,Consumer,West,2023-10-28
375,David Smith,david.smith43@example.com,Male,43.0,Home Office,West,2023-11-18
376,Jason Allen,jason.allen63@example.com,Female,52.0,Consumer,Midwest,2023-03-20
377,Donna Garcia,donna.garcia49@example.com,,69.0,Corporate,East,2023-06-17
378,Laura Nguyen,laura.nguyen91@example.com,Male,45.0,Consumer,South,2023-05-03
379,Emily Thomas,emily.thomas21@example.com,Male,56.0,Corporate,West,2023-12-08
380,Ryan Nelson,ryan.nelson32@example.com,Male,28.0,Home Office,South,2023-06-27
381,Amy King,amy.king43@example.com,Male,73.0,Consumer,East,2023-03-02
382,Gary Johnson,gary.johnson52@example.com,Female,34.0,Consumer,South,2023-10-23
383,Edward Jones,edward.jones73@example.com,Female,,Consumer,West,2023-03-27
384,Michelle Hernandez,michelle.hernandez42@example.com,Male,50.0,Corporate,Midwest,
385,John Thomas,john.thomas15@example.com,Female,29.0,Consumer,South,2023-01-19
386,Mary Rivera,mary.rivera93@example.com,Female,64.0,Consumer,South,2023-02-09
387,Brian White,brian.white25@example.com,Male,69.0,Consumer,West,2023-01-24
388,Laura Jones,laura.jones69@example.com,Female,53.0,Corporate,East,2023-07-08
389,Joseph Jackson,joseph.jackson82@example.com,Male,55.0,Consumer,South,2023-04-11
390,Jeffrey Wright,jeffrey.wright41@example.com,Female,,Corporate,West,2023-11-22
391,Timothy Smith,timothy.smith52@example.com,,72.0,Corporate,West,2023-06-07
392,James Wilson,james.wilson77@example.com,Female,21.0,Consumer,East,2023-03-14
393,Jason Moore,jason.moore21@example.com,,72.0,Consumer,Midwest,2023-12-25
394,Michelle Robinson,michelle.robinson20@example.com,Male,43.0,Consumer,West,2023-10-18
395,Emily Ramirez,emily.ramirez94@example.com,Male,72.0,Consumer,Midwest,2023-07-21
396,Timothy Mitchell,timothy.mitchell51@example.com,Female,30.0,Consumer,West,2023-10-27
397,James Martinez,james.martinez23@example.com,Female,25.0,Consumer,West,2023-04-17
398,Andrew Martin,andrew.martin69@example.com,Male,69.0,Consumer,Midwest,2023-12-27
399,Timothy Hill,timothy.hill15@example.com,Female,63.0,Home Office,West,2023-07-02
400,Laura Allen,laura.allen16@example.com,Female,29.0,Corporate,Midwest,2023-07-27
401,Andrew Scott,andrew.scott80@example.com,Female,68.0,Corporate,East,2023-01-07
402,Emily Roberts,emily.roberts38@example.com,Female,58.0,Consumer,West,2023-02-13
403,Angela Nguyen,angela.nguyen43@example.com,Male,,Consumer,South,2023-11-27
404,Andrew Rodriguez,andrew.rodriguez21@example.com,Female,47.0,Home Office,Midwest,2023-10-21
405,Kimberly Campbell,kimberly.campbell60@example.com,Female,29.0,Consumer,East,2023-04-06
406,Donna Moore,donna.moore67@example.com,Male,57.0,Home Office,South,2023-06-01
407,Melissa Clark,melissa.clark80@example.com,Male,26.0,Consumer,Midwest,2023-11-26
408,Amy Thomas,amy.thomas90@example.com,Male,68.0,Home Office,West,2023-09-03
409,Kevin Young,kevin.young54@example.com,Female,29.0,Consumer,West,
410,George Anderson,george.anderson13@example.com,Female,,Consumer,East,2023-09-29
411,Donald Roberts,donald.roberts84@example.com,Male,60.0,Corporate,East,2023-10-01
412,Ryan Brown,ryan.brown38@example.com,Female,71.0,Consumer,West,2023-03-30
413,Lisa Thomas,lisa.thomas85@example.com,Female,19.0,Consumer,Midwest,2023-06-30
414,Brian Torres,brian.torres28@example.com,Male,69.0,Consumer,East,2023-09-10
415,Kevin Martin,kevin.martin32@example.com,Male,,Corporate,West,2023-01-11
416,Amy Walker,amy.walker10@example.com,Male,39.0,Consumer,West,2023-06-15
417,Emily Johnson,emily.johnson28@example.com,Male,72.0,Consumer,East,2023-07-06
418,David White,david.white94@example.com,Male,38.0,Consumer,West,2023-03-22
419,Jeffrey Ramirez,jeffrey.ramirez91@example.com,Female,53.0,Home Office,West,2023-11-11
420,Donald Anderson,donald.anderson95@example.com,Male,64.0,Consumer,West,2023-03-07
421,Lisa Campbell,lisa.campbell10@example.com,Female,67.0,Consumer,South,2023-01-17
422,Lisa Hill,lisa.hill50@example.com,Male,24.0,Consumer,Midwest,2023-03-14
423,Ruth Mitchell,ruth.mitchell19@example.com,Female,74.0,Consumer,West,2023-12-29
424,Ronald Green,ronald.green52@example.com,Female,62.0,Consumer,Midwest,2023-05-12
425,James Campbell,james.campbell10@example.com,,44.0,Consumer,West,2023-07-31
426,Melissa Harris,melissa.harris54@example.com,Male,68.0,Consumer,South,2023-11-30
427,Jacob Baker,jacob.baker38@example.com,Male,20.0,Consumer,Midwest,2023-06-13
428,Daniel Miller,daniel.miller19@example.com,Female,22.0,Consumer,East,2023-02-17
429,Ruth Hill,ruth.hill88@example.com,Male,59.0,Consumer,West,2023-08-11
430,William Brown,william.brown22@example.com,Male,53.0,Consumer,East,2023-10-04
431,Daniel Nelson,daniel.nelson46@example.com,Male,,Corporate,West,2023-09-09
432,Karen Brown,karen.brown56@example.com,,70.0,Consumer,West,2023-11-04
433,Joshua Gonzalez,joshua.gonzalez22@example.com,,36.0,Consumer,West,2023-08-31
434,Jessica Martin,jessica.martin60@example.com,Female,52.0,Consumer,East,2023-07-09
435,Steven White,steven.white33@example.com,Female,34.0,Home Office,Midwest,2023-05-18
436,Brian Brown,brian.brown29@example.com,Male,40.0,Consumer,East,2023-07-31
437,Jacob Nguyen,jacob.nguyen39@example.com,Female,44.0,Corporate,West,2023-12-18
438,Joshua Torres,joshua.torres40@example.com,Male,72.0,Consumer,East,2023-09-15
439,Brian King,brian.king83@example.com,Male,66.0,Corporate,South,2023-03-27
440,Betty Gonzalez,betty.gonzalez26@example.com,,150.0,Consumer,East,2023-11-18
441,Karen Hill,karen.hill43@example.com,Male,53.0,Consumer,South,2023-06-16
442,Donna King,donna.king68@example.com,Male,57.0,Consumer,East,2023-08-03
443,Jessica Clark,jessica.clark29@example.com,Male,54.0,Corporate,East,2023-05-27
444,Kevin Thompson,kevin.thompson62@example.com,Female,48.0,Corporate,East,2023-05-22
445,Laura Martinez,laura.martinez89@example.com,Female,,Consumer,East,2023-06-19
446,Timothy Thomas,timothy.thomas16@example.com,Female,19.0,Corporate,Midwest,2023-06-05
447,Carol Moore,carol.moore72@example.com,Male,32.0,Corporate,West,2023-08-15
448,Gary Lee,gary.lee44@example.com,Male,31.0,Corporate,East,2023-07-28
449,Ryan Young,ryan.young76@example.com,Male,28.0,Consumer,Midwest,2023-12-30
450,Kenneth Sanchez,kenneth.sanchez27@example.com,Male,74.0,Consumer,East,2023-01-30
451,Sandra Williams,sandra.williams68@example.com,,30.0,Consumer,East,2023-08-26
452,Kenneth Sanchez,kenneth.sanchez91@example.com,Male,49.0,Consumer,West,2023-04-01
453,Joshua Nguyen,joshua.nguyen80@example.com,Male,34.0,Consumer,Midwest,2023-12-19
454,Sarah Jackson,sarah.jackson13@example.com,Male,67.0,Corporate,East,2023-04-24
455,Nicole Anderson,nicole.anderson96@example.com,Female,73.0,Consumer,West,2023-12-16
456,John Walker,john.walker26@example.com,Male,56.0,Consumer,East,2023-06-06
457,Jason Rivera,jason.rivera92@example.com,Female,47.0,Corporate,West,2023-08-27
458,Carol Baker,carol.baker76@example.com,Female,18.0,Consumer,West,2023-12-06
459,Michelle Scott,michelle.scott92@example.com,Female,24.0,Consumer,Midwest,2023-06-22
460,Donna Green,donna.green51@example.com,Female,75.0,Corporate,East,2023-04-07
461,Karen King,karen.king40@example.com,Female,61.0,Home Office,West,2023-01-14
462,Nicole Young,nicole.young47@example.com,Female,65.0,Home Office,South,2023-12-29
463,Brian Gonzalez,brian.gonzalez53@example.com,Male,58.0,Consumer,East,2023-12-10
464,Donald Allen,donald.allen48@example.com,Male,48.0,Consumer,West,2023-05-13
465,Jeffrey Scott,jeffrey.scott33@example.com,Female,32.0,Corporate,East,2023-06-07
466,Paul Perez,paul.perez57@example.com,Female,25.0,Consumer,South,2023-11-21
467,Angela Nguyen,angela.nguyen89@example.com,,50.0,Home Office,West,2023-12-15
468,Steven King,steven.king48@example.com,Male,30.0,Consumer,East,2023-10-19
469,Elizabeth Martinez,elizabeth.martinez50@example.com,Male,49.0,Consumer,Midwest,2023-04-01
470,Mark Green,mark.green17@example.com,,66.0,Consumer,West,2023-10-23
471,Jacob Hernandez,jacob.hernandez72@example.com,Male,45.0,Consumer,West,2023-07-26
472,Kimberly Walker,kimberly.walker59@example.com,,64.0,Corporate,South,2023-01-08
473,Mark Carter,mark.carter77@example.com,Male,33.0,Consumer,East,2023-06-26
474,Carol Rodriguez,carol.rodriguez23@example.com,Female,70.0,Consumer,Midwest,2023-05-29
475,Elizabeth Campbell,elizabeth.campbell76@example.com,Female,61.0,Home Office,West,2023-06-25
476,Melissa Thompson,melissa.thompson34@example.com,Female,,Corporate,South,2023-03-09
477,Betty Campbell,betty.campbell12@example.com,Male,63.0,Consumer,Midwest,2023-01-20
478,Steven Green,steven.green42@example.com,Male,21.0,Consumer,West,2023-12-01
479,Jane Brown,jane.brown98@example.com,Female,53.0,Consumer,East,2023-12-26
480,Karen Wilson,karen.wilson98@example.com,Male,60.0,Consumer,South,2023-09-24
481,Donna Flores,donna.flores87@example.com,Female,24.0,Consumer,West,2023-11-13
482,Jessica Jackson,jessica.jackson24@example.com,Female,30.0,Consumer,West,2023-09-25
483,Joseph Thompson,joseph.thompson62@example.com,Male,31.0,Consumer,West,2023-09-04
484,Ruth Thomas,ruth.thomas10@example.com,,25.0,Corporate,East,2023-12-09
485,Melissa Martinez,melissa.martinez21@example.com,Male,24.0,Consumer,West,2023-11-26
486,Thomas Robinson,thomas.robinson47@example.com,Male,29.0,Corporate,Midwest,2023-05-29
487,Michelle Baker,michelle.baker50@example.com,Male,66.0,Corporate,East,2023-01-05
488,Robert Nelson,robert.nelson92@example.com,Female,57.0,Consumer,East,2023-02-17
489,Michelle Perez,michelle.perez33@example.com,Female,35.0,Consumer,East,2023-12-20
490,Joshua Clark,joshua.clark93@example.com,Male,62.0,Consumer,West,2023-03-23
491,James Clark,james.clark85@example.com,Female,42.0,Consumer,South,2023-11-10
492,Jane Baker,jane.baker26@example.com,Female,44.0,Consumer,East,2023-02-02
493,Daniel Adams,daniel.adams50@example.com,,51.0,Corporate,West,2023-10-23
494,Jeffrey Torres,jeffrey.torres38@example.com,Female,62.0,Corporate,West,2023-02-18
495,Kimberly Nelson,kimberly.nelson41@example.com,Female,70.0,Consumer,South,2023-11-10
496,Emily Smith,emily.smith92@example.com,Female,73.0,Corporate,South,2023-09-09
497,Mark Thomas,mark.thomas52@example.com,Male,53.0,Consumer,West,2023-07-26
498,Sandra Garcia,sandra.garcia68@example.com,Female,49.0,Consumer,East,2023-03-02
499,Melissa Mitchell,melissa.mitchell93@example.com,,20.0,Home Office,East,2023-01-01
500,Sarah Hill,sarah.hill89@example.com,Male,47.0,Home Office,West,2023-07-06
501,Emily Anderson,emily.anderson68@example.com,Female,41.0,Consumer,West,2023-02-28
502,James Carter,james.carter94@example.com,Female,58.0,Home Office,South,2023-05-30
503,Mary King,mary.king57@example.com,Male,49.0,Corporate,South,2023-07-29
504,James Taylor,james.taylor88@example.com,Male,43.0,Corporate,South,2023-04-08
505,Jason Perez,jason.perez23@example.com,Male,71.0,Consumer,West,2023-03-05
506,Gary Lewis,gary.lewis68@example.com,Male,18.0,Consumer,Midwest,2023-01-25
507,Mary Ramirez,mary.ramirez84@example.com,Male,29.0,Home Office,East,2023-03-07
508,James Harris,james.harris94@example.com,Female,42.0,Corporate,Midwest,2023-11-08
509,Timothy Carter,timothy.carter41@example.com,Female,46.0,Consumer,West,2023-03-12
510,Paul Hill,paul.hill99@example.com,Female,53.0,Home Office,East,2023-12-31
511,Ryan Scott,ryan.scott90@example.com,Male,36.0,Corporate,East,2023-12-11
512,Robert Rivera,robert.rivera93@example.com,Male,62.0,Home Office,Midwest,2023-12-30
513,Jessica Carter,jessica.carter55@example.com,Female,75.0,Home Office,West,2023-05-27
514,Kimberly Smith,kimberly.smith76@example.com,Female,60.0,Home Office,South,2023-05-17
515,Jacob Hernandez,jacob.hernandez46@example.com,Male,62.0,Consumer,South,2023-04-15
516,Jacob Wright,jacob.wright14@example.com,Female,73.0,Consumer,West,2023-10-15
517,Thomas Mitchell,thomas.mitchell92@example.com,Male,68.0,Consumer,East,2023-05-28
518,Timothy Nelson,timothy.nelson16@example.com,Female,68.0,Consumer,South,2023-06-10
519,Mary Brown,mary.brown11@example.com,Male,67.0,Consumer,South,2023-08-15
520,Thomas Green,thomas.green92@example.com,Male,30.0,Consumer,East,2023-04-01
521,Gary Jones,gary.jones33@example.com,Male,45.0,Consumer,South,2023-05-16
522,Robert Hernandez,robert.hernandez84@example.com,Male,63.0,Consumer,West,2023-01-21
523,Karen Lee,karen.lee86@example.com,,57.0,Home Office,West,2023-06-04
524,Melissa Torres,melissa.torres80@example.com,Female,29.0,Consumer,East,2023-09-16
525,William Clark,william.clark79@example.com,Male,74.0,Home Office,East,2023-06-19
526,Ruth White,ruth.white47@example.com,Female,70.0,Home Office,West,2023-11-29
527,John Davis,john.davis95@example.com,Male,57.0,Home Office,South,2023-05-05
528,Michael Baker,michael.baker51@example.com,Male,52.0,Home Office,West,2023-01-13
529,Amy Roberts,amy.roberts57@example.com,Female,36.0,Corporate,West,2023-04-09
530,Mark Allen,mark.allen20@example.com,Male,67.0,Consumer,West,2023-01-04
531,Edward Jones,edward.jones36@example.com,Male,45.0,Home Office,Midwest,2023-04-16
532,Kevin Hall,kevin.hall65@example.com,Male,27.0,Corporate,West,
533,Jason Perez,jason.perez14@example.com,Male,34.0,Consumer,South,2023-10-22
534,Thomas Taylor,thomas.taylor62@example.com,Female,19.0,Consumer,East,2023-03-02
535,Kevin Smith,kevin.smith92@example.com,Male,55.0,Consumer,East,2023-02-07
536,Donald Allen,donald.allen23@example.com,Female,36.0,Consumer,East,2023-08-13
537,Steven Sanchez,steven.sanchez94@example.com,,32.0,Consumer,East,2023-07-20
538,Kevin Jackson,kevin.jackson91@example.com,Female,18.0,Home Office,West,2023-10-12
539,Karen Davis,karen.davis15@example.com,,52.0,Consumer,South,2023-02-13
540,Carol Wilson,carol.wilson54@example.com,Male,32.0,Consumer,Midwest,2023-05-10
541,Joseph Davis,joseph.davis33@example.com,Male,53.0,Corporate,East,2023-10-09
542,David Jackson,david.jackson95@example.com,,64.0,Consumer,Midwest,2023-06-19
543,Donald Rodriguez,donald.rodriguez95@example.com,Male,22.0,Home Office,West,2023-06-12
544,Melissa Lewis,melissa.lewis52@example.com,Female,27.0,Corporate,East,2023-07-06
545,Mark Ramirez,mark.ramirez31@example.com,,32.0,Home Office,East,2023-11-25
546,Kimberly Moore,kimberly.moore56@example.com,Female,47.0,Home Office,West,2023-06-06
547,Melissa Scott,melissa.scott23@example.com,Male,72.0,Corporate,West,2023-10-03
548,Joseph Taylor,joseph.taylor90@example.com,,-5.0,Consumer,East,2023-11-20
549,Jane Nguyen,jane.nguyen84@example.com,Male,53.0,Consumer,East,2023-10-04
550,Joshua Adams,joshua.adams29@example.com,Male,55.0,Corporate,West,2023-05-29
551,Robert Robinson,robert.robinson74@example.com,Female,18.0,Consumer,Midwest,2023-11-11
552,Gary Hernandez,gary.hernandez75@example.com,Male,54.0,Home Office,Midwest,2023-03-16
553,Ryan Campbell,ryan.campbell71@example.com,Male,49.0,Home Office,East,2023-05-16
554,Michelle Anderson,michelle.anderson15@example.com,Female,47.0,Consumer,South,2023-01-21
555,Nicole Lee,nicole.lee23@example.com,Female,34.0,Corporate,East,2023-10-19
556,Lisa Harris,lisa.harris93@example.com,Male,42.0,Corporate,East,2023-04-25
557,Amy Sanchez,amy.sanchez55@example.com,Female,48.0,Consumer,West,2023-01-04
558,Kenneth Rodriguez,kenneth.rodriguez66@example.com,Male,35.0,Consumer,West,2023-04-06
559,William White,william.white87@example.com,Male,44.0,Consumer,Midwest,2023-02-28
560,Joshua Baker,joshua.baker71@example.com,Male,44.0,Consumer,East,
561,Michael Rodriguez,michael.rodriguez83@example.com,Male,20.0,Home Office,Midwest,2023-03-17
562,Emily Hernandez,emily.hernandez43@example.com,Female,54.0,Home Office,South,2023-12-05
563,Matthew Garcia,matthew.garcia37@example.com,Female,28.0,Corporate,West,2023-07-30
564,George Martinez,george.martinez84@example.com,Male,50.0,Consumer,West,2023-12-18
565,Ruth Robinson,ruth.robinson86@example.com,Male,26.0,Consumer,East,2023-04-14
566,Amy Allen,amy.allen97@example.com,Male,29.0,Corporate,West,2023-11-11
567,George Williams,george.williams78@example.com,Male,60.0,Consumer,East,2023-11-05
568,Kevin Smith,kevin.smith96@example.com,Female,20.0,Corporate,East,2023-08-08
569,Thomas Walker,thomas.walker58@example.com,Male,34.0,Home Office,West,2023-04-30
570,Sarah Jackson,sarah.jackson86@example.com,Female,18.0,Consumer,West,2023-01-04
571,Brian King,brian.king25@example.com,Female,62.0,Corporate,East,2023-07-29
572,Michelle Miller,michelle.miller29@example.com,Female,52.0,Corporate,West,2023-07-07
573,Brenda Moore,brenda.moore97@example.com,Male,68.0,Consumer,Midwest,2023-04-02
574,Michelle Scott,michelle.scott81@example.com,Female,67.0,Corporate,South,2023-03-12
575,Ronald Davis,ronald.davis39@example.com,Male,50.0,Home Office,Midwest,2023-06-23
576,Mary Flores,mary.flores99@example.com,Male,58.0,Corporate,South,
577,Sarah Martinez,sarah.martinez70@example.com,Female,34.0,Corporate,South,2023-02-10
578,George Williams,george.williams59@example.com,Female,51.0,Corporate,South,2023-11-02
579,Emily Roberts,emily.roberts32@example.com,Female,,Consumer,Midwest,2023-09-23
580,Matthew Gonzalez,matthew.gonzalez14@example.com,Male,61.0,Home Office,East,2023-05-03
581,Nicole Smith,nicole.smith30@example.com,Female,40.0,Corporate,East,2023-07-27
582,Angela Gonzalez,angela.gonzalez76@example.com,,23.0,Consumer,South,2023-10-14
583,Angela Thompson,angela.thompson54@example.com,Female,30.0,Consumer,South,2023-07-26
584,Brian Smith,brian.smith43@example.com,Male,50.0,Corporate,West,2023-03-01
585,Kenneth Taylor,kenneth.taylor78@example.com,Female,42.0,Consumer,East,2023-05-05
586,Jacob Perez,jacob.perez68@example.com,Male,34.0,Corporate,Midwest,2023-11-21
587,Thomas Baker,thomas.baker99@example.com,Female,40.0,Corporate,East,2023-01-05
588,Timothy Taylor,timothy.taylor41@example.com,Female,70.0,Corporate,West,2023-10-11
589,Lisa Walker,lisa.walker50@example.com,Female,65.0,Corporate,East,2023-04-08
590,Melissa Mitchell,melissa.mitchell35@example.com,Male,31.0,Corporate,West,2023-05-08
591,Brenda Thompson,brenda.thompson29@example.com,Male,61.0,Home Office,East,2023-09-10
592,Brenda Smith,brenda.smith79@example.com,Female,38.0,Corporate,Midwest,2023-10-22
593,Donna Young,donna.young33@example.com,Female,66.0,Consumer,Midwest,2023-01-28
594,Amy Ramirez,amy.ramirez71@example.com,Male,43.0,Corporate,East,2023-03-31
595,Elizabeth Davis,elizabeth.davis99@example.com,Female,18.0,Consumer,South,2023-07-14
596,Angela Miller,angela.miller51@example.com,Female,34.0,Consumer,West,2023-08-30
597,Brenda Perez,brenda.perez56@example.com,Female,62.0,Consumer,West,2023-07-06
598,Laura Moore,laura.moore67@example.com,Male,61.0,Consumer,Midwest,2023-02-21
599,Jeffrey Moore,jeffrey.moore40@example.com,Female,69.0,Home Office,Midwest,2023-03-18
600,Joshua Smith,joshua.smith32@example.com,Male,72.0,Corporate,East,2023-10-01
601,Jeffrey Lee,jeffrey.lee72@example.com,Male,62.0,Corporate,East,2023-04-21
602,Daniel Walker,daniel.walker90@example.com,Female,41.0,Consumer,East,2023-05-12
603,Donald Johnson,donald.johnson62@example.com,Male,59.0,Consumer,South,2023-03-31
604,Gary Jackson,gary.jackson55@example.com,Female,46.0,Corporate,West,2023-07-15
605,Brenda Jackson,brenda.jackson69@example.com,Male,58.0,Consumer,Midwest,2023-06-22
606,Paul Green,paul.green88@example.com,Male,140.0,Consumer,West,2023-06-12
607,Nicole Jackson,nicole.jackson44@example.com,Female,46.0,Consumer,South,2023-07-05
608,Ryan Nguyen,ryan.nguyen76@example.com,Female,72.0,Corporate,East,
609,Jeffrey Thomas,jeffrey.thomas94@example.com,Male,43.0,Consumer,South,2023-02-02
610,Joshua Scott,joshua.scott16@example.com,,66.0,Corporate,East,2023-02-23
611,Daniel Flores,daniel.flores29@example.com,Female,33.0,Home Office,East,2023-08-15
612,Edward Rodriguez,edward.rodriguez26@example.com,Male,,Consumer,Midwest,2023-06-16
613,Joshua Robinson,joshua.robinson79@example.com,Female,62.0,Consumer,West,2023-10-30
614,George Robinson,george.robinson90@example.com,Female,58.0,Consumer,East,2023-06-27
615,Joshua Wright,joshua.wright39@example.com,Female,44.0,Home Office,West,2023-06-05
616,John Smith,john.smith76@example.com,Male,48.0,Home Office,East,2023-12-19
617,Melissa Carter,melissa.carter71@example.com,Female,56.0,Consumer,East,2023-01-04
618,Mary White,mary.white34@example.com,Female,28.0,Corporate,West,2023-11-27
619,Steven Harris,steven.harris38@example.com,Female,51.0,Home Office,West,2023-11-10
620,Timothy Baker,timothy.baker44@example.com,Female,72.0,Home Office,East,2023-03-11
621,Matthew Davis,matthew.davis91@example.com,Female,57.0,Home Office,South,2023-06-14
622,Jane Martinez,jane.martinez16@example.com,Male,24.0,Corporate,South,2023-03-06
623,Jason Lewis,jason.lewis11@example.com,Male,,Corporate,West,2023-08-04
624,Carol Young,carol.young57@example.com,Male,71.0,Consumer,East,2023-03-16
625,Emily Moore,emily.moore60@example.com,,30.0,Home Office,West,2023-05-09
626,Steven Smith,steven.smith25@example.com,Male,46.0,Corporate,West,2023-01-18
627,Joseph Robinson,joseph.robinson22@example.com,Male,61.0,Consumer,East,2023-06-15
628,William Green,william.green15@example.com,Male,58.0,Corporate,West,2023-07-04
629,Emily Nelson,emily.nelson37@example.com,Male,38.0,Consumer,West,
630,Donna Nguyen,donna.nguyen25@example.com,Male,,Consumer,West,2023-12-20
631,Joshua Hall,joshua.hall86@example.com,Male,49.0,Consumer,South,2023-11-13
632,Ruth Carter,ruth.carter90@example.com,,27.0,Consumer,West,2023-02-24
633,Robert Young,robert.young39@example.com,Female,46.0,Consumer,East,2023-01-11
634,Timothy Harris,timothy.harris55@example.com,Female,49.0,Consumer,West,2023-10-14
635,Matthew Wright,matthew.wright99@example.com,Male,38.0,Corporate,East,2023-05-21
636,George Scott,george.scott30@example.com,,36.0,Corporate,Midwest,2023-10-05
637,Michelle Robinson,michelle.robinson10@example.com,Female,74.0,Corporate,East,
638,Michelle Roberts,michelle.roberts89@example.com,Male,52.0,Consumer,East,2023-04-08
639,Amy Baker,amy.baker73@example.com,Male,38.0,Consumer,Midwest,2023-06-14
640,Jessica Miller,jessica.miller76@example.com,Male,26.0,Consumer,West,2023-01-17
641,Joseph Miller,joseph.miller72@example.com,Male,71.0,Corporate,South,2023-09-08
642,Amy Flores,amy.flores99@example.com,Male,56.0,Consumer,East,2023-01-07
643,Betty Adams,betty.adams72@example.com,Male,58.0,Consumer,West,2023-10-13
644,Ryan Clark,ryan.clark57@example.com,Male,35.0,Consumer,West,2023-02-06
645,Carol Jones,carol.jones37@example.com,Male,32.0,Consumer,East,2023-04-08
646,Joseph King,joseph.king94@example.com,Male,53.0,Consumer,East,2023-02-24
647,Gary Green,gary.green83@example.com,Female,45.0,Consumer,South,2023-03-27
648,Lisa Scott,lisa.scott61@example.com,Male,56.0,Corporate,East,2023-06-30
649,Mark Scott,mark.scott51@example.com,Female,45.0,Consumer,East,2023-06-15
650,George Thomas,george.thomas82@example.com,Female,65.0,Corporate,South,2023-08-20
651,Andrew Sanchez,andrew.sanchez10@example.com,Female,51.0,Consumer,Midwest,2023-06-04
652,John Martin,john.martin38@example.com,Female,,Consumer,West,2023-12-20
653,Donna Scott,donna.scott75@example.com,Male,47.0,Corporate,Midwest,2023-03-12
654,Daniel White,daniel.white84@example.com,Female,23.0,Corporate,South,2023-10-19
655,Betty Campbell,betty.campbell19@example.com,Female,70.0,Consumer,South,2023-12-26
656,Brian Miller,brian.miller86@example.com,Male,54.0,Consumer,Midwest,2023-01-29
657,Gary Perez,gary.perez54@example.com,Female,73.0,Consumer,South,2023-04-27
658,Ryan Adams,ryan.adams87@example.com,Female,,Consumer,West,2023-06-13
659,Kevin Torres,kevin.torres29@example.com,Male,61.0,Consumer,South,2023-07-21
660,Andrew Carter,andrew.carter86@example.com,Male,36.0,Consumer,East,2023-03-17
661,Robert Perez,robert.perez20@example.com,Male,34.0,Consumer,East,2023-09-14
662,Kimberly Roberts,kimberly.roberts99@example.com,Male,30.0,Home Office,East,2023-11-30
663,Brian Gonzalez,brian.gonzalez81@example.com,Male,35.0,Home Office,East,2023-06-15
664,Gary Torres,gary.torres21@example.com,Female,40.0,Consumer,South,2023-06-26
665,George Adams,george.adams13@example.com,Male,57.0,Corporate,West,2023-08-15
666,Brenda Martinez,brenda.martinez66@example.com,,30.0,Consumer,South,2023-03-21
667,Jacob Campbell,jacob.campbell20@example.com,Male,57.0,Consumer,Midwest,2023-05-28
668,John Perez,john.perez98@example.com,Female,19.0,Home Office,South,2023-10-03
669,Betty Wilson,betty.wilson79@example.com,Female,57.0,Consumer,South,2023-03-14
670,Timothy Hall,timothy.hall95@example.com,,60.0,Consumer,East,2023-05-11
671,William Brown,william.brown46@example.com,Female,,Consumer,West,2023-01-05
672,David Harris,david.harris94@example.com,Female,19.0,Home Office,South,2023-11-29
673,Steven Anderson,steven.anderson58@example.com,Male,49.0,Corporate,West,2023-09-30
674,Sarah Lopez,sarah.lopez35@example.com,Female,63.0,Consumer,West,
675,Sandra King,sandra.king49@example.com,Female,19.0,Home Office,East,2023-06-30
676,Donald Green,donald.green48@example.com,Female,58.0,Home Office,West,2023-07-18
677,Jane Scott,jane.scott45@example.com,Female,60.0,Consumer,South,2023-07-15
678,Amy Baker,amy.baker88@example.com,Male,54.0,Consumer,Midwest,2023-06-09
679,George Perez,george.perez67@example.com,Male,55.0,Home Office,West,2023-04-14
680,Robert Martin,robert.martin98@example.com,Male,67.0,Consumer,West,2023-10-17
681,William Lee,william.lee18@example.com,Male,71.0,Home Office,East,2023-01-16
682,Jacob Lee,jacob.lee62@example.com,Female,70.0,Corporate,West,2023-05-21
683,Karen Roberts,karen.roberts34@example.com,Male,,Corporate,East,2023-11-12
684,Donna Hill,donna.hill82@example.com,Male,19.0,Corporate,Midwest,2023-12-19
685,Gary Walker,gary.walker27@example.com,Female,41.0,Consumer,East,2023-07-18
686,Melissa Walker,melissa.walker27@example.com,Male,,Home Office,East,2023-01-08
687,Donna Clark,donna.clark38@example.com,Male,22.0,Home Office,West,2023-08-13
688,Brenda Young,brenda.young98@example.com,Female,45.0,Consumer,Midwest,2023-01-22
689,George Mitchell,george.mitchell58@example.com,Female,65.0,Consumer,West,2023-10-02
690,Amy Adams,amy.adams14@example.com,Female,74.0,Consumer,West,2023-05-06
691,Amy Wright,amy.wright60@example.com,Male,51.0,Consumer,West,2023-01-26
692,Joseph Jackson,joseph.jackson66@example.com,Female,36.0,Home Office,East,2023-08-05
693,Matthew Flores,matthew.flores16@example.com,Male,59.0,Corporate,East,2023-09-14
694,Jessica Lopez,jessica.lopez84@example.com,Male,38.0,Corporate,East,2023-04-02
695,Elizabeth Nguyen,elizabeth.nguyen35@example.com,Male,62.0,Home Office,West,2023-12-31
696,William Rivera,william.rivera25@example.com,Female,23.0,Consumer,East,2023-07-16
697,Jeffrey Allen,jeffrey.allen88@example.com,Female,20.0,Consumer,West,2023-06-21
698,Brian Nelson,brian.nelson29@example.com,Male,63.0,Consumer,South,2023-06-07
699,Carol Campbell,carol.campbell67@example.com,Male,26.0,Consumer,East,2023-01-02
700,Brenda Carter,brenda.carter42@example.com,,49.0,Corporate,South,2023-01-03
701,George Young,george.young40@example.com,Female,46.0,Consumer,East,2023-11-04
702,John Thomas,john.thomas80@example.com,Male,,Consumer,South,2023-12-01
703,Donald Williams,donald.williams28@example.com,Female,23.0,Corporate,West,2023-08-02
704,Lisa Hernandez,lisa.hernandez96@example.com,Male,65.0,Corporate,South,2023-01-19
705,Sarah Roberts,sarah.roberts48@example.com,Female,66.0,Consumer,Midwest,2023-10-09
706,David Jackson,david.jackson70@example.com,Female,44.0,Consumer,East,2023-12-23
707,Betty Flores,betty.flores17@example.com,Male,62.0,Consumer,East,2023-12-28
708,Matthew Ramirez,matthew.ramirez87@example.com,Female,57.0,Consumer,Midwest,2023-03-08
709,Brenda Torres,brenda.torres73@example.com,Female,29.0,Consumer,East,2023-04-30
710,Jason Jackson,jason.jackson34@example.com,,,Consumer,Midwest,2023-03-02
711,Ryan Wilson,ryan.wilson88@example.com,Female,,Consumer,West,2023-11-23
712,Betty Smith,betty.smith91@example.com,Female,22.0,Consumer,East,2023-09-17
713,Mary Lee,mary.lee10@example.com,Female,64.0,Home Office,Midwest,2023-01-15
714,Lisa Gonzalez,lisa.gonzalez52@example.com,Female,69.0,Consumer,Midwest,2023-03-11
715,Joshua Martinez,joshua.martinez90@example.com,Female,70.0,Corporate,Midwest,2023-01-29
716,Amy Martin,amy.martin82@example.com,Female,19.0,Consumer,West,2023-12-17
717,Ruth Thompson,ruth.thompson18@example.com,Female,39.0,Consumer,South,2023-11-17
718,Kevin Hernandez,kevin.hernandez83@example.com,Male,73.0,Consumer,East,2023-06-07
719,Jason Lee,jason.lee14@example.com,Male,33.0,Consumer,South,2023-06-04
720,Betty King,betty.king48@example.com,Female,67.0,Consumer,South,2023-02-17
721,Andrew Allen,andrew.allen13@example.com,Male,48.0,Home Office,East,2023-09-26
722,Carol Roberts,carol.roberts51@example.com,Male,51.0,Corporate,West,2023-03-09
723,Betty Campbell,betty.campbell14@example.com,Male,,Home Office,East,2023-12-18
724,George Garcia,george.garcia52@example.com,Male,67.0,Corporate,South,2023-06-09
725,Jane Torres,jane.torres49@example.com,Male,30.0,Home Office,South,2023-09-30
726,Mark Roberts,mark.roberts66@example.com,Female,35.0,Consumer,West,2023-11-15
727,Mary Allen,mary.allen23@example.com,Female,35.0,Home Office,West,2023-12-27
728,Matthew Torres,matthew.torres41@example.com,Female,39.0,Consumer,Midwest,2023-01-26
729,Robert Johnson,robert.johnson70@example.com,Male,21.0,Corporate,South,2023-07-20
730,Lisa Rivera,lisa.rivera86@example.com,Female,37.0,Consumer,South,2023-04-12
731,Jason Carter,jason.carter95@example.com,Male,66.0,Consumer,South,2023-10-18
732,Robert Garcia,robert.garcia99@example.com,Female,59.0,Consumer,South,2023-08-27
733,Joshua Anderson,joshua.anderson38@example.com,Female,43.0,Home Office,East,2023-12-07
734,Ruth Lee,ruth.lee68@example.com,Male,40.0,Home Office,West,2023-03-29
735,Matthew Roberts,matthew.roberts54@example.com,Male,43.0,Home Office,South,2023-02-24
736,Mark Scott,mark.scott93@example.com,,47.0,Consumer,South,2023-07-31
737,Sandra Flores,sandra.flores41@example.com,Female,39.0,Home Office,West,2023-12-22
738,Angela Ramirez,angela.ramirez65@example.com,Female,33.0,Consumer,South,2023-12-09
739,David Mitchell,david.mitchell83@example.com,Male,47.0,Corporate,South,2023-02-19
740,Andrew Lopez,andrew.lopez49@example.com,Male,61.0,Corporate,West,2023-07-14
741,Mark Young,mark.young92@example.com,Male,26.0,Corporate,East,2023-11-22
742,John Carter,john.carter28@example.com,Female,42.0,Consumer,East,2023-08-17
743,Joseph Wilson,joseph.wilson97@example.com,Female,61.0,Consumer,West,2023-08-11
744,Jason Thompson,jason.thompson21@example.com,Female,72.0,Consumer,South,2023-07-09
745,Mary Brown,mary.brown10@example.com,Female,36.0,Consumer,West,2023-05-01
746,Kimberly Hall,kimberly.hall85@example.com,Female,43.0,Consumer,West,2023-10-07
747,Betty Nelson,betty.nelson32@example.com,Male,71.0,Consumer,East,2023-08-02
748,Karen Jackson,karen.jackson95@example.com,Male,-5.0,Corporate,South,2023-09-07
749,Ronald Ramirez,ronald.ramirez27@example.com,Female,75.0,Corporate,West,2023-11-06
750,Kimberly Flores,kimberly.flores33@example.com,Female,46.0,Consumer,Midwest,2023-04-26
751,Lisa Ramirez,lisa.ramirez87@example.com,,64.0,Consumer,West,2023-09-14
752,Donna Clark,donna.clark79@example.com,Male,54.0,Consumer,East,2023-07-08
753,Jessica Nguyen,jessica.nguyen71@example.com,Male,64.0,Consumer,West,2023-05-24
754,Elizabeth King,elizabeth.king20@example.com,Male,58.0,Consumer,West,2023-12-09
755,David Baker,david.baker91@example.com,Female,75.0,Corporate,South,2023-01-06
756,Joshua Robinson,joshua.robinson75@example.com,Female,69.0,Corporate,South,2023-03-27
757,Michael Hall,michael.hall86@example.com,Female,150.0,Home Office,East,2023-10-21
758,Emily Nelson,emily.nelson47@example.com,Male,23.0,Consumer,East,2023-02-09
759,Donna Taylor,donna.taylor26@example.com,Female,18.0,Corporate,Midwest,2023-11-06
760,Lisa Nguyen,lisa.nguyen29@example.com,Female,34.0,Consumer,Midwest,2023-05-01
761,Melissa Lopez,melissa.lopez77@example.com,Female,27.0,Consumer,Midwest,2023-03-20
762,Melissa Carter,melissa.carter62@example.com,Male,64.0,Consumer,East,2023-04-18
763,Brian Campbell,brian.campbell54@example.com,,70.0,Consumer,East,2023-03-27
764,Elizabeth Sanchez,elizabeth.sanchez70@example.com,Male,63.0,Consumer,East,2023-05-15
765,Karen King,karen.king65@example.com,,46.0,Corporate,West,2023-06-11
766,Amy Baker,amy.baker15@example.com,Female,45.0,Consumer,West,2023-11-30
767,Donna Perez,donna.perez44@example.com,Male,55.0,Corporate,East,2023-12-12
768,Ryan Thomas,ryan.thomas96@example.com,Male,61.0,Consumer,East,2023-04-03
769,Mark Scott,mark.scott11@example.com,Male,,Consumer,South,2023-02-23
770,Gary Lewis,gary.lewis54@example.com,Female,20.0,Consumer,West,
771,Sarah Brown,sarah.brown86@example.com,Male,58.0,Corporate,East,2023-03-03
772,Sarah Hill,sarah.hill26@example.com,Male,62.0,Consumer,East,2023-05-31
773,Elizabeth Nelson,elizabeth.nelson19@example.com,Female,62.0,Home Office,West,2023-06-15
774,Daniel Hernandez,daniel.hernandez19@example.com,Male,39.0,Corporate,West,2023-05-13
775,Daniel Lopez,daniel.lopez66@example.com,,30.0,Consumer,West,2023-04-02
776,Nicole Young,nicole.young23@example.com,Female,59.0,Home Office,West,2023-08-15
777,Jason Taylor,jason.taylor23@example.com,,140.0,Corporate,Midwest,2023-01-10
778,Melissa Martinez,melissa.martinez93@example.com,Male,35.0,Consumer,East,2023-06-18
779,Laura Torres,laura.torres10@example.com,Female,43.0,Corporate,West,2023-02-05
780,Kevin Anderson,kevin.anderson10@example.com,Female,52.0,Corporate,Midwest,2023-07-03
781,Ruth Baker,ruth.baker48@example.com,Male,72.0,Consumer,East,2023-02-11
782,Elizabeth Carter,elizabeth.carter47@example.com,Male,42.0,Corporate,East,2023-06-03
783,Timothy Harris,timothy.harris23@example.com,Female,74.0,Corporate,West,2023-04-08
784,Robert Williams,robert.williams34@example.com,,33.0,Corporate,East,2023-02-02
785,Kevin Adams,kevin.adams49@example.com,Female,19.0,Corporate,West,2023-01-29
786,Ruth Campbell,ruth.campbell15@example.com,Male,60.0,Consumer,East,2023-12-14
787,Kevin Martinez,kevin.martinez84@example.com,Male,,Corporate,Midwest,2023-12-01
788,Jane Walker,jane.walker89@example.com,,26.0,Consumer,East,
789,Edward Brown,edward.brown49@example.com,Male,28.0,Consumer,West,2023-02-02
790,James Davis,james.davis73@example.com,Male,-12.0,Corporate,West,2023-12-14
791,Laura Lee,laura.lee25@example.com,Male,68.0,Consumer,West,2023-01-24
792,Angela Lopez,angela.lopez52@example.com,,66.0,Consumer,West,2023-12-23
793,Michelle Scott,michelle.scott31@example.com,Male,68.0,Home Office,East,2023-11-10
794,Steven Roberts,steven.roberts30@example.com,,18.0,Corporate,West,
795,Sarah Rivera,sarah.rivera93@example.com,Female,69.0,Consumer,South,2023-09-01
796,Timothy Rodriguez,timothy.rodriguez36@example.com,Female,44.0,Corporate,Midwest,2023-03-31
797,Brenda Hall,brenda.hall14@example.com,Female,23.0,Consumer,East,2023-06-04
798,Donald Clark,donald.clark10@example.com,Male,51.0,Corporate,West,2023-11-13
799,Michelle Carter,michelle.carter79@example.com,Female,60.0,Consumer,East,2023-01-28
800,Joseph Davis,joseph.davis29@example.com,Female,28.0,Consumer,Midwest,2023-01-23
801,Emily Adams,emily.adams56@example.com,Female,57.0,Consumer,East,2023-08-21
802,Michael Miller,michael.miller16@example.com,Male,19.0,Consumer,West,2023-03-01
803,David Thomas,david.thomas66@example.com,Female,65.0,Consumer,West,2023-06-16
804,Thomas Roberts,thomas.roberts24@example.com,Male,44.0,Consumer,South,2023-07-12
805,Thomas Jones,thomas.jones70@example.com,Male,27.0,Consumer,West,2023-11-09
806,Elizabeth Lopez,elizabeth.lopez59@example.com,Female,58.0,Home Office,South,2023-05-19
807,Joseph Perez,joseph.perez26@example.com,,35.0,Consumer,East,2023-08-27
808,Elizabeth Clark,elizabeth.clark31@example.com,Male,56.0,Consumer,South,2023-11-23
809,Brenda Hernandez,brenda.hernandez83@example.com,Male,72.0,Home Office,South,2023-04-21
810,Angela Walker,angela.walker69@example.com,Female,33.0,Consumer,South,2023-08-11
811,Angela Anderson,angela.anderson85@example.com,Male,20.0,Consumer,East,2023-08-29
812,Jeffrey Roberts,jeffrey.roberts74@example.com,,48.0,Consumer,Midwest,2023-12-23
813,James Lewis,james.lewis73@example.com,Male,44.0,Consumer,South,2023-03-09
814,Donald Jackson,donald.jackson40@example.com,Male,,Consumer,West,2023-03-24
815,Jason Robinson,jason.robinson83@example.com,Male,47.0,Consumer,West,2023-12-27
816,Laura Lopez,laura.lopez57@example.com,Male,22.0,Corporate,East,2023-12-20
817,Ruth King,ruth.king14@example.com,Female,57.0,Corporate,South,2023-04-17
818,Gary Garcia,gary.garcia89@example.com,Male,61.0,Home Office,East,2023-01-27
819,Jessica Harris,jessica.harris56@example.com,Male,29.0,Consumer,East,2023-12-27
820,David Scott,david.scott36@example.com,Female,25.0,Home Office,Midwest,2023-10-25
821,Timothy Wilson,timothy.wilson38@example.com,Female,45.0,Consumer,South,2023-02-02
822,Michelle Thompson,michelle.thompson67@example.com,Male,52.0,Consumer,West,2023-09-30
823,Matthew Lewis,matthew.lewis89@example.com,Male,74.0,Consumer,South,2023-02-11
824,Laura Lopez,laura.lopez46@example.com,Male,35.0,Consumer,South,2023-03-17
825,Melissa Martinez,melissa.martinez36@example.com,Male,61.0,Corporate,South,2023-03-09
826,Joshua Thompson,joshua.thompson63@example.com,Male,22.0,Consumer,East,
827,Thomas King,thomas.king92@example.com,Female,68.0,Consumer,West,2023-10-31
828,Ronald Hall,ronald.hall77@example.com,Female,54.0,Consumer,Midwest,2023-06-06
829,William Taylor,william.taylor39@example.com,Female,21.0,Consumer,East,2023-05-26
830,Elizabeth Hernandez,elizabeth.hernandez89@example.com,Female,29.0,Consumer,West,2023-12-21
831,Ronald Martinez,ronald.martinez30@example.com,Male,54.0,Corporate,West,2023-05-14
832,Michelle Lopez,michelle.lopez36@example.com,Male,40.0,Home Office,West,2023-08-18
833,Kevin Hernandez,kevin.hernandez78@example.com,Male,49.0,Home Office,Midwest,2023-08-23
834,Mark Martinez,mark.martinez10@example.com,Female,36.0,Consumer,Midwest,2023-05-29
835,Jacob Torres,jacob.torres95@example.com,Female,25.0,Consumer,South,2023-01-21
836,Robert Baker,robert.baker80@example.com,Male,71.0,Consumer,Midwest,2023-07-02
837,Sarah Lee,sarah.lee17@example.com,Male,32.0,Home Office,South,2023-05-23
838,Joseph Johnson,joseph.johnson20@example.com,Female,23.0,Corporate,East,2023-07-21
839,Joseph Young,joseph.young50@example.com,Male,41.0,Consumer,West,2023-08-07
840,Michelle Harris,michelle.harris57@example.com,,37.0,Consumer,South,2023-10-15
841,Sarah Wilson,sarah.wilson66@example.com,Female,36.0,Consumer,Midwest,2023-08-06
842,Jeffrey Clark,jeffrey.clark27@example.com,Male,37.0,Corporate,South,2023-09-26
843,Ruth Jones,ruth.jones85@example.com,Male,,Consumer,Midwest,2023-05-20
844,Paul Lopez,paul.lopez81@example.com,Male,71.0,Home Office,West,2023-10-11
845,Melissa Williams,melissa.williams48@example.com,Female,65.0,Corporate,South,2023-01-14
846,John Martinez,john.martinez43@example.com,Female,60.0,Consumer,West,2023-08-02
847,Lisa Young,lisa.young98@example.com,Male,35.0,Consumer,East,2023-02-04
848,George Mitchell,george.mitchell56@example.com,Female,58.0,Consumer,East,2023-12-22
849,Jessica White,jessica.white75@example.com,Male,28.0,Consumer,East,2023-03-16
850,Mark Robinson,mark.robinson98@example.com,Male,,Home Office,West,2023-11-22
851,Donald Brown,donald.brown47@example.com,Male,67.0,Home Office,West,2023-02-18
852,George Carter,george.carter31@example.com,Female,61.0,Consumer,West,2023-05-19
853,Gary Hall,gary.hall98@example.com,Female,18.0,Consumer,East,2023-05-25
854,Michelle Roberts,michelle.roberts72@example.com,Male,27.0,Corporate,East,2023-04-07
855,Mary Flores,mary.flores98@example.com,Male,22.0,Corporate,South,2023-03-09
856,Jane Walker,jane.walker54@example.com,Female,46.0,Consumer,East,2023-11-02
857,Amy Carter,amy.carter53@example.com,Female,,Corporate,West,2023-04-24
858,Robert Hall,robert.hall28@example.com,Female,26.0,Consumer,Midwest,2023-08-06
859,Timothy Carter,timothy.carter24@example.com,,66.0,Consumer,South,2023-04-11
860,James Williams,james.williams94@example.com,Male,34.0,Home Office,East,2023-06-04
861,Ronald Smith,ronald.smith22@example.com,Male,30.0,Consumer,East,2023-06-29
862,Jane Garcia,jane.garcia28@example.com,Female,40.0,Consumer,East,2023-09-14
863,Gary Campbell,gary.campbell88@example.com,Male,55.0,Corporate,East,2023-09-28
864,Betty Rivera,betty.rivera34@example.com,Male,52.0,Consumer,Midwest,
865,Jeffrey Miller,jeffrey.miller37@example.com,Female,55.0,Corporate,West,2023-12-11
866,James Lopez,james.lopez55@example.com,Female,32.0,Consumer,West,2023-06-10
867,Jessica Robinson,jessica.robinson24@example.com,Female,63.0,Consumer,West,2023-01-21
868,Sarah Lee,sarah.lee73@example.com,Female,65.0,Consumer,Midwest,2023-08-16
869,Thomas Scott,thomas.scott62@example.com,Female,22.0,Consumer,East,2023-09-01
870,Gary White,gary.white32@example.com,,61.0,Consumer,West,2023-08-13
871,Amy Nelson,amy.nelson96@example.com,Male,62.0,Corporate,South,2023-02-22
872,Ryan Hernandez,ryan.hernandez18@example.com,Male,56.0,Corporate,East,2023-07-26
873,Jessica Anderson,jessica.anderson64@example.com,Female,67.0,Consumer,West,2023-05-20
874,Jacob Adams,jacob.adams61@example.com,Female,50.0,Consumer,East,2023-08-21
875,James Davis,james.davis42@example.com,Male,26.0,Corporate,East,
876,Ryan Brown,ryan.brown18@example.com,Male,42.0,Consumer,East,2023-06-17
877,Karen Martin,karen.martin89@example.com,Male,51.0,Consumer,East,2023-08-27
878,Joseph Jackson,joseph.jackson94@example.com,Female,69.0,Home Office,South,2023-10-07
879,Jane Carter,jane.carter14@example.com,Male,38.0,Home Office,West,2023-08-15
880,Elizabeth Williams,elizabeth.williams14@example.com,Female,28.0,Consumer,West,2023-03-10
881,Carol Rivera,carol.rivera59@example.com,Male,49.0,Consumer,South,2023-12-17
882,Kevin Torres,kevin.torres70@example.com,Male,43.0,Consumer,West,2023-10-30
883,Steven Flores,steven.flores96@example.com,Female,19.0,Consumer,East,2023-03-07
884,Michelle Thompson,michelle.thompson84@example.com,,39.0,Corporate,West,2023-08-08
885,Donald Thompson,donald.thompson62@example.com,Male,59.0,Consumer,West,2023-02-13
886,Timothy Jones,timothy.jones49@example.com,Male,,Consumer,South,2023-08-24
887,Ronald Ramirez,ronald.ramirez82@example.com,Female,62.0,Home Office,Midwest,2023-01-12
888,Mark Harris,mark.harris83@example.com,Male,24.0,Corporate,East,2023-04-16
889,Ruth Young,ruth.young74@example.com,Female,37.0,Corporate,West,2023-08-12
890,Joseph Young,joseph.young91@example.com,Male,52.0,Consumer,South,2023-05-16
891,Emily Martin,emily.martin83@example.com,Male,23.0,Consumer,Midwest,2023-10-24
892,James Nguyen,james.nguyen53@example.com,Female,40.0,Consumer,West,2023-11-30
893,Carol Allen,carol.allen48@example.com,Female,43.0,Corporate,Midwest,2023-09-21
894,Elizabeth Nelson,elizabeth.nelson80@example.com,Male,51.0,Corporate,West,2023-10-23
895,Melissa Wilson,melissa.wilson94@example.com,Female,58.0,Consumer,West,2023-11-11
896,Gary Ramirez,gary.ramirez82@example.com,Male,41.0,Consumer,South,2023-05-04
897,Karen Mitchell,karen.mitchell97@example.com,Female,73.0,Consumer,South,2023-02-02
898,Edward Wilson,edward.wilson62@example.com,Female,34.0,Consumer,East,2023-05-01
899,Laura Thomas,laura.thomas24@example.com,Male,70.0,Corporate,East,2023-09-06
900,Mary Ramirez,mary.ramirez64@example.com,Male,35.0,Consumer,East,2023-05-13
901,Donna Nelson,donna.nelson80@example.com,Male,49.0,Home Office,South,2023-01-29
902,Sarah Lee,sarah.lee87@example.com,Male,44.0,Consumer,East,2023-12-10
903,Ronald Garcia,ronald.garcia60@example.com,Male,54.0,Consumer,South,2023-03-03
904,Amy Nelson,amy.nelson84@example.com,Female,23.0,Corporate,East,2023-03-04
905,Gary Lee,gary.lee52@example.com,Female,65.0,Consumer,East,2023-08-05
906,Betty Martinez,betty.martinez23@example.com,Female,34.0,Corporate,South,2023-01-29
907,Melissa Wright,melissa.wright57@example.com,Male,45.0,Consumer,East,2023-05-07
908,Donna Martinez,donna.martinez56@example.com,Female,19.0,Consumer,Midwest,2023-11-07
909,Michael Mitchell,michael.mitchell94@example.com,Male,68.0,Consumer,South,2023-05-10
910,Mary Harris,mary.harris49@example.com,Female,61.0,Corporate,West,2023-05-02
911,Andrew Harris,andrew.harris11@example.com,Female,34.0,Consumer,East,2023-05-01
912,Carol Wilson,carol.wilson30@example.com,Female,67.0,Corporate,South,2023-01-18
913,Donna Garcia,donna.garcia72@example.com,Female,39.0,Corporate,West,2023-02-21
914,William Hall,william.hall43@example.com,Female,64.0,Consumer,Midwest,2023-06-17
915,Elizabeth Hall,elizabeth.hall13@example.com,Male,68.0,Corporate,East,2023-01-02
916,Laura Gonzalez,laura.gonzalez90@example.com,Male,33.0,Home Office,West,2023-11-29
917,Jacob Rodriguez,jacob.rodriguez86@example.com,Female,73.0,Consumer,South,2023-05-14
918,Lisa Baker,lisa.baker85@example.com,Female,44.0,Corporate,South,2023-07-21
919,Steven Torres,steven.torres38@example.com,,,Consumer,East,2023-11-10
920,Edward Anderson,edward.anderson21@example.com,Male,72.0,Home Office,East,2023-07-25
921,Brenda Ramirez,brenda.ramirez86@example.com,Male,28.0,Consumer,West,2023-03-02
922,John Rivera,john.rivera77@example.com,Female,49.0,Consumer,West,2024-01-01
923,Betty Gonzalez,betty.gonzalez44@example.com,Female,45.0,Home Office,East,2023-11-04
924,Betty Jackson,betty.jackson96@example.com,Male,27.0,Consumer,East,
925,Daniel Thomas,daniel.thomas89@example.com,Male,61.0,Home Office,West,2023-02-13
926,John Walker,john.walker27@example.com,Female,63.0,Consumer,South,2023-08-05
927,Ryan Hill,ryan.hill42@example.com,,21.0,Home Office,South,2023-05-01
928,Joshua Thompson,joshua.thompson87@example.com,Male,,Home Office,East,2023-07-15
929,Carol Sanchez,carol.sanchez95@example.com,Male,34.0,Corporate,West,2023-09-10
930,Ruth Robinson,ruth.robinson26@example.com,Female,25.0,Corporate,South,2023-03-07
931,Melissa Moore,melissa.moore56@example.com,Female,34.0,Corporate,South,2023-05-16
932,Amy Lee,amy.lee65@example.com,Female,49.0,Consumer,West,2023-03-19
933,Mary Nelson,mary.nelson91@example.com,Male,21.0,Home Office,Midwest,2023-01-19
934,Joshua Taylor,joshua.taylor30@example.com,Female,75.0,Consumer,East,2023-01-21
935,Andrew Thompson,andrew.thompson81@example.com,Female,64.0,Consumer,South,2023-03-05
936,Donald Garcia,donald.garcia36@example.com,Male,65.0,Corporate,East,2023-05-20
937,Brian Nelson,brian.nelson84@example.com,Male,54.0,Consumer,South,2023-02-09
938,Sandra Roberts,sandra.roberts73@example.com,Female,,Corporate,West,2023-12-15
939,Jessica Sanchez,jessica.sanchez57@example.com,Male,27.0,Consumer,West,
940,Elizabeth Rivera,elizabeth.rivera94@example.com,Female,18.0,Consumer,West,2023-01-23
941,Nicole Flores,nicole.flores67@example.com,Male,21.0,Corporate,Midwest,2023-05-25
942,Mark Brown,mark.brown19@example.com,Female,34.0,Corporate,South,2023-07-24
943,Sarah Johnson,sarah.johnson36@example.com,Female,66.0,Consumer,West,2023-03-20
944,Jessica Martin,jessica.martin72@example.com,Female,56.0,Consumer,East,2023-12-07
945,James White,james.white75@example.com,Female,48.0,Corporate,Midwest,2023-11-04
946,Kimberly Garcia,kimberly.garcia64@example.com,Male,45.0,Consumer,West,2023-09-20
947,Ruth Robinson,ruth.robinson96@example.com,Male,51.0,Corporate,East,2023-09-26
948,Sarah Jackson,sarah.jackson69@example.com,Female,26.0,Consumer,South,2023-06-03
949,Sandra King,sandra.king64@example.com,Male,20.0,Corporate,East,2023-09-19
950,Kimberly Clark,kimberly.clark22@example.com,Female,55.0,Consumer,South,2023-09-15
951,Jane Davis,jane.davis94@example.com,Male,20.0,Consumer,East,2023-12-27
952,Carol Lee,carol.lee85@example.com,Female,34.0,Corporate,East,2023-04-06
953,Betty Lopez,betty.lopez20@example.com,Female,24.0,Corporate,East,2023-01-10
954,John Sanchez,john.sanchez24@example.com,,47.0,Home Office,West,2023-12-03
955,Ryan Hill,ryan.hill72@example.com,Female,62.0,Consumer,East,2023-06-04
956,Sarah Rodriguez,sarah.rodriguez27@example.com,,19.0,Consumer,Midwest,2023-04-07
957,Jane Wilson,jane.wilson71@example.com,Male,58.0,Home Office,West,2023-10-03
958,Joseph Garcia,joseph.garcia48@example.com,Male,19.0,Consumer,South,2023-03-20
959,Ryan Hall,ryan.hall66@example.com,Female,,Home Office,West,2023-05-05
960,Joseph Jackson,joseph.jackson82@example.com,Female,,Consumer,West,
961,Edward Rivera,edward.rivera65@example.com,Female,56.0,Corporate,East,2023-05-29
962,Michael Young,michael.young61@example.com,Female,21.0,Corporate,West,2023-08-05
963,Brian Lee,brian.lee80@example.com,,44.0,Corporate,East,2023-03-01
964,Melissa Flores,melissa.flores92@example.com,Female,,Consumer,West,2023-04-09
965,Joshua Thompson,joshua.thompson66@example.com,Male,61.0,Corporate,East,2023-11-05
966,Jason Nelson,jason.nelson69@example.com,Female,42.0,Consumer,West,2023-12-11
967,Nicole Mitchell,nicole.mitchell56@example.com,Male,36.0,Consumer,West,2023-02-14
968,Ronald Walker,ronald.walker26@example.com,Male,24.0,Corporate,South,2023-09-10
969,Carol Thomas,carol.thomas36@example.com,Male,34.0,Consumer,South,2023-03-23
970,Lisa Allen,lisa.allen14@example.com,Female,57.0,Consumer,East,2023-10-15
971,Thomas Young,thomas.young43@example.com,Female,67.0,Consumer,East,2023-05-17
972,Karen Hall,karen.hall75@example.com,Male,46.0,Corporate,South,2023-02-26
973,James Flores,james.flores88@example.com,Male,20.0,Corporate,West,2023-03-27
974,Edward Davis,edward.davis36@example.com,Male,63.0,Consumer,East,2023-09-17
975,Melissa Campbell,melissa.campbell22@example.com,Female,26.0,Consumer,West,2023-04-14
976,Andrew Clark,andrew.clark10@example.com,Female,50.0,Consumer,East,2023-05-17
977,Michelle Rivera,michelle.rivera63@example.com,Male,66.0,Consumer,South,2023-04-27
978,Robert Ramirez,robert.ramirez62@example.com,Female,51.0,Home Office,Midwest,2023-07-05
979,Jane Lewis,jane.lewis28@example.com,Male,38.0,Corporate,West,2023-03-26
980,Kimberly Brown,kimberly.brown60@example.com,Male,21.0,Corporate,South,2024-01-01
981,Ronald King,ronald.king47@example.com,Female,38.0,Consumer,West,2023-01-05
982,Donna King,donna.king88@example.com,Female,31.0,Corporate,West,2023-11-16
983,Brenda Adams,brenda.adams66@example.com,Female,74.0,Consumer,West,2023-01-19
984,Kevin Perez,kevin.perez59@example.com,Male,52.0,Consumer,West,2023-02-17
985,Kenneth Scott,kenneth.scott49@example.com,Male,,Consumer,East,2023-10-04
986,Angela Taylor,angela.taylor40@example.com,Female,50.0,Consumer,South,2023-01-31
987,Michelle Taylor,michelle.taylor90@example.com,Male,,Consumer,West,2023-03-05
988,Andrew Martin,andrew.martin83@example.com,Female,33.0,Consumer,Midwest,2023-10-25
989,Brian Rivera,brian.rivera90@example.com,Male,36.0,Consumer,West,2023-10-21
990,Gary Rodriguez,gary.rodriguez58@example.com,Male,51.0,Home Office,South,2023-07-04
991,Elizabeth Miller,elizabeth.miller28@example.com,Female,21.0,Consumer,South,2023-03-08
992,Joshua Wilson,joshua.wilson67@example.com,,43.0,Consumer,West,2023-09-23
993,Gary Sanchez,gary.sanchez43@example.com,Female,62.0,Consumer,East,2023-09-08
994,Jeffrey Clark,jeffrey.clark30@example.com,Male,47.0,Corporate,West,2023-12-27
995,Kenneth King,kenneth.king25@example.com,Female,65.0,Consumer,South,2023-10-14
996,Michelle Davis,michelle.davis87@example.com,Male,54.0,Corporate,East,2023-09-25
997,Karen Davis,karen.davis57@example.com,Female,49.0,Corporate,East,
998,Karen Martinez,karen.martinez85@example.com,Female,31.0,Corporate,South,2023-09-08
999,John Davis,john.davis80@example.com,Male,54.0,Home Office,East,2023-08-20
1000,Ruth Harris,ruth.harris70@example.com,Male,50.0,Consumer,East,2023-08-19
1001,Ronald Lewis,ronald.lewis29@example.com,Female,57.0,Consumer,East,2023-07-29
1002,Steven Anderson,steven.anderson60@example.com,Male,74.0,Home Office,East,2023-05-23
1003,Nicole Garcia,nicole.garcia31@example.com,Female,25.0,Consumer,South,2023-02-13
1004,Joseph Flores,joseph.flores79@example.com,Male,51.0,Consumer,South,2023-09-01
1005,Kenneth Johnson,kenneth.johnson25@example.com,Male,35.0,Consumer,West,2023-05-06
1006,Jason Nguyen,jason.nguyen66@example.com,Female,20.0,Consumer,East,2023-01-12
1007,Ruth Ramirez,ruth.ramirez33@example.com,Female,23.0,Home Office,East,2023-02-20
1008,Kevin Hernandez,kevin.hernandez46@example.com,Female,27.0,Consumer,West,2023-07-28
1009,Gary Hernandez,gary.hernandez17@example.com,Female,63.0,Consumer,Midwest,2023-07-19
1010,James Lee,james.lee28@example.com,Female,70.0,Consumer,South,2023-01-27
1011,Joseph Thomas,joseph.thomas86@example.com,Female,50.0,Home Office,West,2023-02-28
1012,Donna Brown,donna.brown50@example.com,Female,-5.0,Home Office,East,2023-04-30
1013,Jane Moore,jane.moore80@example.com,Male,53.0,Consumer,East,2023-03-06
1014,Carol Torres,carol.torres62@example.com,Male,27.0,Corporate,Midwest,2023-03-28
1015,Sandra Wright,sandra.wright64@example.com,Female,,Consumer,South,2023-11-14
1016,Matthew Adams,matthew.adams31@example.com,,48.0,Consumer,West,2023-05-09
1017,Gary Harris,gary.harris54@example.com,Male,50.0,Consumer,Midwest,2023-03-24
1018,Ryan Wright,ryan.wright82@example.com,,62.0,Corporate,East,2023-03-13
1019,Jeffrey Scott,jeffrey.scott45@example.com,Male,69.0,Consumer,East,2023-12-16
1020,Ruth Green,ruth.green43@example.com,Female,60.0,Consumer,East,2023-06-24
1021,Betty Robinson,betty.robinson86@example.com,Male,18.0,Home Office,West,2023-01-03
1022,John Baker,john.baker32@example.com,Female,52.0,Consumer,East,2023-11-29
1023,Nicole Jones,nicole.jones78@example.com,,60.0,Home Office,South,2023-03-05
1024,Donald Harris,donald.harris86@example.com,Male,69.0,Consumer,South,2023-01-05
1025,Jessica Robinson,jessica.robinson57@example.com,Female,,Consumer,East,2023-05-24
1026,Gary Rivera,gary.rivera55@example.com,Female,32.0,Consumer,West,2023-09-10
1027,Michelle Williams,michelle.williams45@example.com,Male,,Consumer,Midwest,2023-11-23
1028,Laura Davis,laura.davis45@example.com,Female,30.0,Corporate,South,2023-10-17
1029,Gary Baker,gary.baker87@example.com,Male,65.0,Consumer,West,2023-05-13
1030,Brian Anderson,brian.anderson76@example.com,Female,61.0,Corporate,West,
1031,Timothy Baker,timothy.baker78@example.com,Female,,Consumer,West,2023-12-11
1032,Nicole Brown,nicole.brown51@example.com,Female,61.0,Corporate,West,2023-09-11
1033,Michelle King,michelle.king15@example.com,Male,,Consumer,South,2023-09-30
1034,Andrew Lee,andrew.lee10@example.com,Female,54.0,Consumer,East,2023-04-26
1035,Timothy Ramirez,timothy.ramirez19@example.com,Male,37.0,Consumer,East,2023-11-17
1036,James Johnson,james.johnson71@example.com,Male,58.0,Corporate,West,2023-05-09
1037,Sandra Miller,sandra.miller70@example.com,Female,70.0,Consumer,Midwest,2023-05-02
1038,David Roberts,david.roberts86@example.com,Male,55.0,Home Office,Midwest,2023-02-01
1039,Michael Harris,michael.harris50@example.com,Male,21.0,Consumer,West,2023-08-15
1040,Emily Martin,emily.martin88@example.com,Male,21.0,Home Office,South,2023-05-31
1041,Steven Sanchez,steven.sanchez22@example.com,Female,56.0,Consumer,East,2023-11-16
1042,John Robinson,john.robinson59@example.com,Female,57.0,Consumer,Midwest,2023-11-30
1043,Gary Johnson,gary.johnson68@example.com,Male,18.0,Consumer,West,2023-02-04
1044,Angela Gonzalez,angela.gonzalez83@example.com,Female,48.0,Consumer,South,2023-08-16
1045,Lisa Thomas,lisa.thomas27@example.com,Male,55.0,Corporate,West,2023-11-30
1046,Jacob Thompson,jacob.thompson49@example.com,Male,37.0,Corporate,Midwest,2023-05-30
1047,Michelle Smith,michelle.smith76@example.com,Male,,Consumer,West,2023-10-14
1048,Emily Ramirez,emily.ramirez54@example.com,Male,30.0,Consumer,South,2023-06-24
1049,Joseph Nelson,joseph.nelson70@example.com,Female,39.0,Consumer,West,2023-10-17
1050,Ruth Flores,ruth.flores48@example.com,Male,74.0,Corporate,West,2023-01-22
1051,Melissa Anderson,melissa.anderson10@example.com,Male,31.0,Home Office,West,2023-06-19
1052,Ryan Harris,ryan.harris36@example.com,Male,22.0,Consumer,South,2023-10-12
1053,Jessica Martinez,jessica.martinez47@example.com,Female,,Corporate,East,
1054,Joseph Jackson,joseph.jackson32@example.com,Female,39.0,Home Office,Midwest,2023-05-06
1055,Lisa Gonzalez,lisa.gonzalez12@example.com,Female,19.0,Consumer,Midwest,2023-03-12
1056,Steven Adams,steven.adams24@example.com,Male,33.0,Consumer,East,2023-07-10
1057,Ronald Hernandez,ronald.hernandez77@example.com,Female,22.0,Consumer,Midwest,2023-03-08
1058,Joseph Gonzalez,joseph.gonzalez78@example.com,Female,45.0,Corporate,East,2023-05-06
1059,Michael Carter,michael.carter88@example.com,Female,38.0,Consumer,West,2023-11-19
1060,Donna Rodriguez,donna.rodriguez75@example.com,Female,23.0,Consumer,Midwest,2023-12-06
1061,Brenda Jones,brenda.jones31@example.com,Female,47.0,Corporate,West,2023-12-31
1062,Michelle King,michelle.king98@example.com,Female,55.0,Home Office,West,2023-10-26
1063,Nicole Williams,nicole.williams36@example.com,Male,33.0,Home Office,South,2023-06-06
1064,Kimberly Harris,kimberly.harris83@example.com,Female,23.0,Corporate,East,2023-02-13
1065,Matthew Lewis,matthew.lewis76@example.com,Male,57.0,Home Office,West,2023-08-19
1066,Elizabeth Ramirez,elizabeth.ramirez62@example.com,Female,42.0,Consumer,East,
1067,Andrew Anderson,andrew.anderson43@example.com,Female,36.0,Consumer,West,2023-09-20
1068,Kevin Adams,kevin.adams20@example.com,Male,22.0,Corporate,Midwest,2023-10-07
1069,Joseph Perez,joseph.perez35@example.com,Female,70.0,Consumer,South,2023-05-21
1070,Joseph Rivera,joseph.rivera87@example.com,Female,,Consumer,Midwest,2023-06-27
1071,Laura Sanchez,laura.sanchez84@example.com,Male,50.0,Corporate,West,2023-03-18
1072,Laura Anderson,laura.anderson39@example.com,Male,51.0,Corporate,East,2023-10-10
1073,Jacob Robinson,jacob.robinson69@example.com,Male,30.0,Consumer,South,2023-12-24
1074,Paul Wilson,paul.wilson66@example.com,Male,54.0,Consumer,West,2023-06-06
1075,Ryan Smith,ryan.smith73@example.com,Female,44.0,Consumer,South,2023-07-26
1076,Jacob Roberts,jacob.roberts98@example.com,Female,54.0,Consumer,East,2023-03-13
1077,Karen Perez,karen.perez82@example.com,Female,31.0,Corporate,South,2023-02-02
1078,Kevin Harris,kevin.harris34@example.com,Female,46.0,Consumer,East,2023-06-05
1079,Sarah Hernandez,sarah.hernandez23@example.com,Male,,Consumer,East,2023-09-08
1080,Jane Lopez,jane.lopez35@example.com,,36.0,Consumer,South,2023-05-30
1081,Ronald King,ronald.king18@example.com,Female,28.0,Corporate,West,2023-07-30
1082,Laura Hernandez,laura.hernandez24@example.com,Female,22.0,Consumer,South,2023-04-16
1083,Robert Wilson,robert.wilson49@example.com,Female,54.0,Consumer,Midwest,2023-10-28
1084,Joseph Allen,joseph.allen97@example.com,Male,,Corporate,East,2023-02-02
1085,Laura Hill,laura.hill41@example.com,Female,54.0,Corporate,East,2023-02-16
1086,Matthew Adams,matthew.adams68@example.com,Female,70.0,Corporate,East,2023-03-31
1087,Paul Thomas,paul.thomas32@example.com,Female,60.0,Consumer,Midwest,2023-10-19
1088,James Sanchez,james.sanchez99@example.com,Male,28.0,Consumer,South,2023-11-18
1089,Kevin Jackson,kevin.jackson95@example.com,Male,44.0,Consumer,West,2023-10-11
1090,Jessica White,jessica.white19@example.com,Female,28.0,Corporate,West,2023-09-17
1091,Michael Robinson,michael.robinson13@example.com,,65.0,Consumer,East,2023-06-25
1092,Ryan Sanchez,ryan.sanchez34@example.com,Male,63.0,Consumer,East,2023-06-17
1093,Ronald Mitchell,ronald.mitchell69@example.com,Male,60.0,Corporate,Midwest,2023-08-13
1094,Robert Walker,robert.walker45@example.com,Male,56.0,Home Office,South,2023-05-31
1095,Jessica Wright,jessica.wright60@example.com,Male,27.0,Corporate,South,2023-04-02
1096,Betty Rivera,betty.rivera14@example.com,Male,21.0,Consumer,Midwest,2023-09-25
1097,Nicole Nelson,nicole.nelson94@example.com,Female,46.0,Corporate,West,2023-01-03
1098,Emily Roberts,emily.roberts58@example.com,Male,33.0,Consumer,West,2023-01-09
1099,Paul Johnson,paul.johnson11@example.com,Male,22.0,Consumer,Midwest,2023-02-19
1100,Ronald Hernandez,ronald.hernandez31@example.com,,70.0,Consumer,West,2023-10-15
1101,Edward Gonzalez,edward.gonzalez89@example.com,Female,25.0,Home Office,East,2023-02-24
1102,Donald Lee,donald.lee32@example.com,,18.0,Consumer,East,2023-08-23
1103,Thomas Jones,thomas.jones94@example.com,Female,,Corporate,Midwest,2023-07-30
1104,Carol Roberts,carol.roberts86@example.com,Male,68.0,Consumer,Midwest,2023-10-19
1105,William Taylor,william.taylor22@example.com,Female,67.0,Consumer,Midwest,2023-06-20
1106,Lisa Green,lisa.green98@example.com,Female,-5.0,Corporate,South,2023-10-27
1107,Andrew Harris,andrew.harris75@example.com,Male,63.0,Consumer,Midwest,2023-04-30
1108,Jane Flores,jane.flores25@example.com,Female,57.0,Corporate,East,2023-03-12
1109,Michelle Young,michelle.young47@example.com,Female,20.0,Corporate,East,2023-11-03
1110,Andrew Mitchell,andrew.mitchell52@example.com,Female,66.0,Home Office,East,2023-08-01
1111,Nicole Jackson,nicole.jackson13@example.com,Female,31.0,Corporate,West,2023-12-07
1112,Sandra Baker,sandra.baker99@example.com,Female,29.0,Consumer,East,2023-01-04
1113,David Young,david.young18@example.com,Male,27.0,Consumer,West,2023-03-06
1114,Sarah Lopez,sarah.lopez85@example.com,Male,23.0,Consumer,West,2023-08-28
1115,Carol Hernandez,carol.hernandez35@example.com,Male,37.0,Consumer,East,2023-08-18
1116,Edward Gonzalez,edward.gonzalez44@example.com,Female,41.0,Corporate,East,2023-03-27
1117,Joshua Lewis,joshua.lewis64@example.com,Female,70.0,Home Office,Midwest,2023-09-04
1118,Jane Carter,jane.carter58@example.com,Male,37.0,Corporate,West,2023-03-20
1119,Mary Campbell,mary.campbell32@example.com,Female,36.0,Home Office,East,2023-11-07
1120,Joshua Jones,joshua.jones52@example.com,Female,30.0,Consumer,East,
1121,Kenneth Campbell,kenneth.campbell57@example.com,Female,65.0,Corporate,East,2023-09-08
1122,Carol Adams,carol.adams85@example.com,,25.0,Consumer,Midwest,2023-10-17
1123,William Gonzalez,william.gonzalez65@example.com,Female,49.0,Home Office,West,2023-07-08
1124,Timothy Brown,timothy.brown93@example.com,Female,33.0,Consumer,South,2023-07-05
1125,Edward Rivera,edward.rivera96@example.com,,27.0,Consumer,East,2023-08-22
1126,Gary Martinez,gary.martinez42@example.com,Male,,Consumer,Midwest,2023-11-26
1127,Jason Harris,jason.harris60@example.com,Male,30.0,Corporate,South,2023-03-26
1128,Kimberly Taylor,kimberly.taylor98@example.com,Female,64.0,Home Office,West,2023-02-15
1129,James Green,james.green83@example.com,Female,35.0,Consumer,West,2023-07-23
1130,Timothy Martin,timothy.martin10@example.com,Female,,Consumer,West,2023-12-23
1131,Paul King,paul.king63@example.com,Female,41.0,Corporate,West,2023-03-10
1132,Joseph Young,joseph.young33@example.com,Male,70.0,Home Office,West,2023-04-13
1133,Emily Mitchell,emily.mitchell33@example.com,Male,75.0,Corporate,West,2023-08-14
1134,Edward Flores,edward.flores23@example.com,Male,-5.0,Consumer,South,2023-05-22
1135,David Perez,david.perez13@example.com,Female,66.0,Consumer,West,2023-02-01
1136,Donna Carter,donna.carter10@example.com,Male,51.0,Consumer,West,2023-07-12
1137,George King,george.king44@example.com,Female,56.0,Consumer,South,2023-07-09
1138,Gary Perez,gary.perez50@example.com,Female,42.0,Home Office,West,2023-07-02
1139,Ruth Miller,ruth.miller10@example.com,Female,74.0,Corporate,West,2023-01-14
1140,George Davis,george.davis77@example.com,Male,57.0,Corporate,East,2023-09-01
1141,Kenneth Clark,kenneth.clark94@example.com,Female,,Consumer,West,2023-01-24
1142,Ryan Lee,ryan.lee96@example.com,Female,57.0,Consumer,East,2023-06-28
1143,Kimberly Walker,kimberly.walker94@example.com,Male,36.0,Consumer,East,2023-12-31
1144,Karen King,karen.king83@example.com,Male,68.0,Home Office,East,2023-12-11
1145,Mary Robinson,mary.robinson31@example.com,Male,52.0,Consumer,East,2023-04-19
1146,William Carter,william.carter94@example.com,Male,63.0,Corporate,East,
1147,Mark Harris,mark.harris45@example.com,Female,75.0,Consumer,West,2023-12-07
1148,Robert Wright,robert.wright91@example.com,Male,39.0,Consumer,East,2023-10-22
1149,Gary Hill,gary.hill18@example.com,Female,65.0,Consumer,East,2023-07-15
1150,Nicole Adams,nicole.adams81@example.com,Female,32.0,Consumer,East,2023-05-29
1151,Sarah Davis,sarah.davis21@example.com,Male,25.0,Corporate,West,2023-03-07
1152,Mark Harris,mark.harris83@example.com,Female,-12.0,Consumer,East,2023-08-05
1153,Mark Roberts,mark.roberts56@example.com,Male,56.0,Home Office,West,2023-02-24
1154,Laura Smith,laura.smith78@example.com,Female,36.0,Consumer,West,2023-09-13
1155,Gary Robinson,gary.robinson28@example.com,Male,72.0,Consumer,East,2023-12-26
1156,Michael Hill,michael.hill50@example.com,Male,72.0,Consumer,Midwest,2023-09-02
1157,Edward Wilson,edward.wilson73@example.com,Female,,Consumer,South,2023-03-20
1158,Jason Wilson,jason.wilson38@example.com,Male,67.0,Home Office,East,2023-09-07
1159,Jeffrey Sanchez,jeffrey.sanchez48@example.com,Male,53.0,Consumer,West,2023-08-05
1160,Gary Walker,gary.walker54@example.com,Female,140.0,Consumer,West,2023-04-10
1161,Timothy Scott,timothy.scott60@example.com,Female,55.0,Home Office,South,2023-01-28
1162,Jason Martin,jason.martin68@example.com,Male,48.0,Corporate,East,2023-03-16
1163,Betty Wilson,betty.wilson35@example.com,Male,72.0,Corporate,Midwest,2023-12-14
1164,Karen Harris,karen.harris64@example.com,Male,24.0,Corporate,East,2023-08-31
1165,Lisa Brown,lisa.brown25@example.com,Female,27.0,Corporate,East,2023-07-26
1166,Sandra Williams,sandra.williams25@example.com,Female,56.0,Consumer,East,2023-12-01
1167,Ryan Harris,ryan.harris98@example.com,Male,73.0,Corporate,South,2023-07-15
1168,Donna Green,donna.green93@example.com,Male,23.0,Consumer,West,2023-11-25
1169,Ronald Allen,ronald.allen38@example.com,,54.0,Consumer,West,2023-12-22
1170,Ryan Miller,ryan.miller85@example.com,Female,62.0,Consumer,West,2023-10-20
1171,Robert Miller,robert.miller51@example.com,,68.0,Corporate,East,2023-07-27
1172,Timothy Johnson,timothy.johnson60@example.com,Female,-5.0,Consumer,West,2023-04-17
1173,Ronald Davis,ronald.davis33@example.com,Male,,Home Office,South,2023-06-10
1174,Jessica Williams,jessica.williams26@example.com,Male,34.0,Corporate,West,2023-01-18
1175,Sarah Davis,sarah.davis74@example.com,Male,60.0,Consumer,East,
1176,Carol Williams,carol.williams76@example.com,Female,46.0,Corporate,Midwest,2023-09-09
1177,Timothy Lee,timothy.lee76@example.com,Female,50.0,Corporate,Midwest,2023-02-20
1178,Ronald Williams,ronald.williams40@example.com,,72.0,Corporate,East,2023-03-10
1179,George Scott,george.scott37@example.com,Female,57.0,Home Office,East,2023-10-09
1180,Daniel Taylor,daniel.taylor58@example.com,Male,23.0,Consumer,East,2023-12-13
1181,Kimberly Hall,kimberly.hall28@example.com,Male,35.0,Consumer,West,2023-12-23
1182,Nicole Gonzalez,nicole.gonzalez57@example.com,Male,27.0,Consumer,West,2023-08-11
1183,Steven Johnson,steven.johnson87@example.com,Female,25.0,Consumer,East,2023-07-28
1184,David Perez,david.perez91@example.com,Female,27.0,Consumer,West,2023-04-26
1185,Donna Smith,donna.smith22@example.com,Male,24.0,Consumer,South,2023-03-05
1186,Lisa King,lisa.king49@example.com,Female,40.0,Corporate,South,2023-05-25
1187,Mary Moore,mary.moore87@example.com,Male,66.0,Corporate,West,2023-06-26
1188,Ryan Baker,ryan.baker78@example.com,Female,26.0,Corporate,East,2023-12-18
1189,Kenneth Rivera,kenneth.rivera29@example.com,Male,65.0,Consumer,South,2023-11-24
1190,Michelle Rivera,michelle.rivera41@example.com,Female,29.0,Consumer,South,2023-07-01
1191,Elizabeth Allen,elizabeth.allen46@example.com,Female,63.0,Corporate,Midwest,2023-04-28
1192,Carol Green,carol.green21@example.com,Female,72.0,Home Office,West,2023-02-10
1193,David Campbell,david.campbell40@example.com,Male,23.0,Consumer,West,2023-10-11
1194,Melissa Smith,melissa.smith64@example.com,Male,50.0,Consumer,West,2023-12-13
1195,Kevin Hall,kevin.hall25@example.com,Male,65.0,Corporate,South,
1196,Kimberly Hall,kimberly.hall78@example.com,Male,60.0,Consumer,East,2023-09-28
1197,Gary Hill,gary.hill15@example.com,Male,74.0,Consumer,East,2023-04-26
1198,Lisa Jones,lisa.jones56@example.com,Female,45.0,Home Office,East,2023-03-29
1199,Michelle Davis,michelle.davis53@example.com,Male,72.0,Consumer,East,2023-03-02
1200,Matthew Martin,matthew.martin71@example.com,Male,,Corporate,West,2023-07-21
1201,Betty Martin,betty.martin92@example.com,Male,75.0,Consumer,East,2023-09-07
1202,Emily Thompson,emily.thompson10@example.com,Female,24.0,Consumer,East,
1203,Jeffrey Lopez,jeffrey.lopez61@example.com,Male,30.0,Corporate,West,2023-09-21
1204,Karen Clark,karen.clark25@example.com,Male,60.0,Consumer,East,2023-08-29
1205,Laura White,laura.white48@example.com,Male,35.0,Home Office,West,2023-08-13
1206,Ronald Lewis,ronald.lewis30@example.com,Female,,Corporate,East,2023-12-30
1207,Joseph Davis,joseph.davis34@example.com,Male,65.0,Consumer,East,2023-01-17
1208,William Nelson,william.nelson35@example.com,Female,49.0,Consumer,Midwest,2023-12-16
1209,Jason Rodriguez,jason.rodriguez51@example.com,Female,65.0,Consumer,East,2023-07-19
1210,Robert Davis,robert.davis23@example.com,Male,50.0,Consumer,West,
1211,Gary Thomas,gary.thomas16@example.com,Female,56.0,Consumer,East,2023-08-11
1212,Joshua Jackson,joshua.jackson46@example.com,Female,27.0,Corporate,West,2023-04-06
1213,Sandra Moore,sandra.moore24@example.com,Male,45.0,Consumer,Midwest,2023-12-28
1214,James Hall,james.hall74@example.com,Male,55.0,Consumer,Midwest,2023-03-18
1215,Thomas Davis,thomas.davis26@example.com,Female,27.0,Consumer,Midwest,2023-11-12
1216,Joseph Garcia,joseph.garcia16@example.com,Female,32.0,Corporate,South,2023-08-07
1217,Joshua Brown,joshua.brown75@example.com,Male,35.0,Home Office,East,2023-06-29
1218,Jason Clark,jason.clark41@example.com,Male,18.0,Home Office,West,2023-06-14
1219,Betty Jackson,betty.jackson70@example.com,Male,34.0,Consumer,East,2023-07-06
1220,Ruth Martin,ruth.martin24@example.com,Male,67.0,Consumer,East,2023-06-19
1221,Michelle Mitchell,michelle.mitchell56@example.com,Female,35.0,Consumer,West,2023-07-16
1222,Sarah Miller,sarah.miller26@example.com,Male,,Corporate,South,2023-12-02
1223,Joseph Gonzalez,joseph.gonzalez67@example.com,Male,57.0,Consumer,East,2023-08-31
1224,Jacob Gonzalez,jacob.gonzalez78@example.com,Male,44.0,Consumer,East,2023-05-10
1225,Jacob Scott,jacob.scott54@example.com,Female,25.0,Consumer,East,2023-02-04
1226,Joshua Clark,joshua.clark77@example.com,Male,35.0,Consumer,Midwest,2023-03-08
1227,Matthew Williams,matthew.williams82@example.com,,30.0,Consumer,East,2023-07-23
1228,Melissa Baker,melissa.baker78@example.com,Male,66.0,Consumer,East,2023-10-15
1229,Gary Harris,gary.harris61@example.com,Male,28.0,Consumer,West,2023-10-31
1230,Timothy Smith,timothy.smith75@example.com,Female,32.0,Consumer,West,2023-05-18
1231,Mary Davis,mary.davis31@example.com,Male,58.0,Home Office,Midwest,2023-05-23
1232,Robert Moore,robert.moore16@example.com,Male,31.0,Corporate,West,2023-01-01
1233,Nicole Thompson,nicole.thompson90@example.com,Female,63.0,Corporate,East,2023-05-16
1234,Jeffrey Rodriguez,jeffrey.rodriguez62@example.com,Female,21.0,Consumer,East,2023-01-06
1235,Donald Anderson,donald.anderson45@example.com,Male,73.0,Consumer,West,2023-10-26
1236,James Campbell,james.campbell98@example.com,Female,58.0,Consumer,Midwest,2023-04-16
1237,Andrew Anderson,andrew.anderson51@example.com,Female,32.0,Home Office,South,2023-08-11
1238,Michelle Martinez,michelle.martinez71@example.com,Male,70.0,Consumer,Midwest,2023-04-07
1239,Brian Young,brian.young33@example.com,Male,74.0,Consumer,South,2023-07-21
1240,Gary Hill,gary.hill34@example.com,,-12.0,Consumer,South,2023-11-27
1241,Laura Miller,laura.miller77@example.com,Male,42.0,Consumer,Midwest,2023-02-26
1242,John Carter,john.carter92@example.com,Male,23.0,Home Office,East,2023-11-18
1243,George Smith,george.smith11@example.com,Male,70.0,Consumer,Midwest,2023-12-29
1244,Sarah Gonzalez,sarah.gonzalez27@example.com,Female,37.0,Consumer,Midwest,2023-03-21
1245,Sandra Brown,sandra.brown79@example.com,Male,,Consumer,West,2023-10-06
1246,Matthew Miller,matthew.miller75@example.com,Female,32.0,Consumer,East,
1247,Kimberly Harris,kimberly.harris28@example.com,Female,74.0,Corporate,West,2023-12-18
1248,Jason Davis,jason.davis72@example.com,Male,36.0,Consumer,West,2023-11-12
1249,Ruth Davis,ruth.davis56@example.com,Male,56.0,Consumer,Midwest,2023-08-08
1250,Amy Perez,amy.perez86@example.com,Female,60.0,Home Office,West,2023-11-16
1251,Matthew Thompson,matthew.thompson23@example.com,Female,34.0,Corporate,South,2023-12-31
1252,David Smith,david.smith29@example.com,Male,42.0,Consumer,Midwest,2023-09-02
1253,David Davis,david.davis83@example.com,Female,38.0,Consumer,East,2023-04-04
1254,Gary Harris,gary.harris55@example.com,Female,44.0,Home Office,West,2023-11-22
1255,Ruth Rodriguez,ruth.rodriguez93@example.com,Female,49.0,Corporate,Midwest,2023-09-10
1256,Kevin Wright,kevin.wright39@example.com,Female,67.0,Consumer,Midwest,2023-04-23
1257,Timothy Garcia,timothy.garcia40@example.com,Male,19.0,Consumer,West,2023-08-31
1258,Robert Davis,robert.davis17@example.com,Female,73.0,Corporate,Midwest,2023-03-13
1259,Matthew Robinson,matthew.robinson28@example.com,Female,70.0,Consumer,West,2023-03-12
1260,Jessica Hall,jessica.hall28@example.com,Male,45.0,Corporate,South,2023-12-26
1261,James Nelson,james.nelson84@example.com,,73.0,Corporate,East,2023-03-17
1262,Michelle Martinez,michelle.martinez20@example.com,Male,70.0,Consumer,West,2023-04-04
1263,Joshua Mitchell,joshua.mitchell27@example.com,Female,64.0,Corporate,East,2023-11-27
1264,Timothy Smith,timothy.smith46@example.com,Male,20.0,Consumer,Midwest,2023-03-30
1265,Kenneth Hernandez,kenneth.hernandez11@example.com,Female,74.0,Consumer,Midwest,2023-12-31
1266,Daniel Torres,daniel.torres74@example.com,Male,28.0,Corporate,South,2023-02-17
1267,Amy Harris,amy.harris26@example.com,Female,32.0,Consumer,East,2023-10-14
1268,George Jones,george.jones98@example.com,Female,43.0,Corporate,South,2023-03-26
1269,Emily White,emily.white92@example.com,Female,22.0,Corporate,East,2023-06-21
1270,Jane Thomas,jane.thomas46@example.com,Male,-5.0,Corporate,South,2023-06-08
1271,Joseph Scott,joseph.scott35@example.com,Male,23.0,Corporate,South,2023-10-17
1272,Michael Torres,michael.torres71@example.com,,37.0,Corporate,West,
1273,Donald Carter,donald.carter46@example.com,Male,43.0,Consumer,West,2023-03-08
1274,Timothy Baker,timothy.baker22@example.com,Male,67.0,Consumer,West,2023-10-28
1275,Steven Walker,steven.walker85@example.com,Male,27.0,Consumer,East,2023-02-10
1276,Edward Garcia,edward.garcia39@example.com,Male,28.0,Consumer,East,2023-09-14
1277,Amy Campbell,amy.campbell87@example.com,Female,26.0,Corporate,Midwest,2023-07-04
1278,Brenda Ramirez,brenda.ramirez15@example.com,Female,57.0,Consumer,Midwest,2023-03-20
1279,Brian Green,brian.green73@example.com,Male,73.0,Consumer,East,2023-02-14
1280,Melissa Miller,melissa.miller68@example.com,Female,35.0,Consumer,West,2023-06-30
1281,Sarah Jones,sarah.jones32@example.com,Female,48.0,Corporate,South,2023-08-15
1282,Nicole Rodriguez,nicole.rodriguez25@example.com,Female,,Consumer,East,2023-07-25
1283,Paul Flores,paul.flores97@example.com,Female,57.0,Consumer,East,2023-07-11
1284,Sarah Baker,sarah.baker62@example.com,Female,61.0,Consumer,East,2023-11-26
1285,Emily Mitchell,emily.mitchell41@example.com,Male,24.0,Corporate,Midwest,2023-03-23
1286,Brian Sanchez,brian.sanchez19@example.com,Female,40.0,Consumer,Midwest,2023-11-25
1287,Kevin Robinson,kevin.robinson23@example.com,Male,43.0,Consumer,West,2023-04-13
1288,Laura Perez,laura.perez18@example.com,Female,65.0,Consumer,West,2023-05-23
1289,Elizabeth Williams,elizabeth.williams79@example.com,Female,31.0,Home Office,West,2023-01-17
1290,George Roberts,george.roberts58@example.com,,68.0,Consumer,West,2023-08-31
1291,Betty Brown,betty.brown37@example.com,Female,58.0,Consumer,Midwest,2023-03-14
1292,David Moore,david.moore61@example.com,Female,51.0,Consumer,West,2023-05-13
1293,Lisa Brown,lisa.brown21@example.com,Female,66.0,Consumer,West,2023-04-12
1294,Donald Clark,donald.clark71@example.com,Male,45.0,Consumer,South,2023-12-21
1295,Brian Harris,brian.harris11@example.com,Male,-12.0,Consumer,South,2023-06-12
1296,John Martinez,john.martinez68@example.com,Female,25.0,Corporate,South,2023-12-12
1297,Paul Taylor,paul.taylor76@example.com,Female,72.0,Consumer,West,2023-08-19
1298,Edward Nguyen,edward.nguyen22@example.com,,30.0,Consumer,South,2023-10-07
1299,Gary Hernandez,gary.hernandez86@example.com,Female,30.0,Consumer,West,2023-10-23
1300,John White,john.white56@example.com,,50.0,Consumer,East,2023-03-05
1301,Timothy Young,timothy.young93@example.com,Female,40.0,Corporate,East,2023-08-07
1302,Amy Carter,amy.carter52@example.com,Male,41.0,Corporate,East,2023-11-01
1303,William Wright,william.wright65@example.com,Female,62.0,Consumer,West,2023-02-20
1304,Sarah Miller,sarah.miller21@example.com,Female,65.0,Consumer,East,2023-10-06
1305,James Green,james.green66@example.com,Male,72.0,Corporate,East,2023-04-25
1306,Gary Robinson,gary.robinson80@example.com,Male,25.0,Corporate,East,2023-08-26
1307,Paul Adams,paul.adams60@example.com,,32.0,Consumer,South,2023-05-18
1308,Ronald Taylor,ronald.taylor49@example.com,Female,18.0,Consumer,East,2023-08-01
1309,Michael Smith,michael.smith13@example.com,Female,51.0,Consumer,East,2023-11-04
1310,Mark Perez,mark.perez31@example.com,Female,43.0,Corporate,East,2023-11-26
1311,Laura Brown,laura.brown83@example.com,Female,29.0,Corporate,Midwest,2023-06-12
1312,Amy Hernandez,amy.hernandez65@example.com,Male,58.0,Consumer,Midwest,2023-07-20
1313,Jacob Green,jacob.green43@example.com,Male,31.0,Consumer,Midwest,2023-01-14
1314,Kimberly Smith,kimberly.smith90@example.com,Male,,Consumer,South,2023-02-10
1315,Brian Harris,brian.harris13@example.com,Male,58.0,Consumer,West,2023-07-03
1316,Lisa Thomas,lisa.thomas93@example.com,Female,71.0,Corporate,South,2023-07-13
1317,Gary Taylor,gary.taylor94@example.com,,27.0,Consumer,East,2023-11-23
1318,Angela Miller,angela.miller24@example.com,Male,36.0,Corporate,South,2023-04-03
1319,Sarah Jones,sarah.jones73@example.com,Male,49.0,Home Office,South,2023-07-31
1320,David Young,david.young90@example.com,,42.0,Home Office,South,2023-11-21
1321,Andrew Hernandez,andrew.hernandez33@example.com,Male,58.0,Consumer,East,2023-01-17
1322,Jessica Perez,jessica.perez54@example.com,Male,65.0,Corporate,West,2023-03-04
1323,Joseph Hill,joseph.hill13@example.com,Male,41.0,Consumer,West,2023-04-22
1324,Jane Lee,jane.lee27@example.com,Male,48.0,Home Office,West,2023-02-17
1325,Donald Rivera,donald.rivera80@example.com,Female,49.0,Consumer,West,2023-07-24
1326,Joseph Taylor,joseph.taylor32@example.com,Female,24.0,Consumer,West,2023-10-28
1327,Carol Hernandez,carol.hernandez36@example.com,Female,46.0,Consumer,East,2023-05-20
1328,Mark Flores,mark.flores23@example.com,Female,40.0,Corporate,West,2023-11-20
1329,David Lewis,david.lewis31@example.com,Female,36.0,Corporate,Midwest,2023-11-27
1330,Amy Thompson,amy.thompson60@example.com,,38.0,Consumer,South,2023-04-06
1331,Donald Thomas,donald.thomas19@example.com,Female,67.0,Consumer,Midwest,2023-01-05
1332,Mark Hall,mark.hall11@example.com,Male,68.0,Consumer,South,2023-04-30
1333,Mary Jones,mary.jones59@example.com,Male,24.0,Corporate,East,2023-11-08
1334,Ronald Jones,ronald.jones83@example.com,Female,45.0,Consumer,South,2023-06-13
1335,Joseph Gonzalez,joseph.gonzalez16@example.com,Female,,Corporate,East,2023-03-03
1336,Jessica Lewis,jessica.lewis31@example.com,Female,19.0,Corporate,West,2023-11-26
1337,Brian Smith,brian.smith69@example.com,Female,,Corporate,East,2023-09-28
1338,Michael Perez,michael.perez92@example.com,,71.0,Home Office,East,2023-06-04
1339,Donna Lee,donna.lee54@example.com,Female,21.0,Consumer,East,2023-12-23
1340,Elizabeth Young,elizabeth.young92@example.com,Male,57.0,Consumer,West,2023-04-25
1341,Emily Smith,emily.smith27@example.com,Female,64.0,Consumer,South,2023-03-29
1342,Sarah Gonzalez,sarah.gonzalez57@example.com,Male,73.0,Consumer,West,2023-01-23
1343,Jessica Brown,jessica.brown48@example.com,,57.0,Consumer,East,2023-07-14
1344,Donna Hall,donna.hall31@example.com,Female,38.0,Consumer,West,2023-10-27
1345,Paul Green,paul.green67@example.com,Male,60.0,Consumer,West,2023-05-24
1346,Mark Roberts,mark.roberts71@example.com,Female,63.0,Consumer,West,2023-10-13
1347,Sandra Nelson,sandra.nelson92@example.com,Male,22.0,Consumer,West,2023-01-31
1348,Betty Smith,betty.smith95@example.com,Female,24.0,Home Office,West,2023-10-30
1349,Jacob King,jacob.king75@example.com,Female,59.0,Corporate,East,2023-09-16
1350,James Rodriguez,james.rodriguez38@example.com,Female,73.0,Corporate,South,2023-04-14
1351,Gary Sanchez,gary.sanchez34@example.com,,61.0,Consumer,Midwest,2023-10-23
1352,Nicole Miller,nicole.miller28@example.com,Male,33.0,Consumer,East,
1353,Elizabeth Lopez,elizabeth.lopez44@example.com,,46.0,Corporate,South,2023-03-02
1354,Mary Garcia,mary.garcia55@example.com,Male,45.0,Consumer,East,2023-01-28
1355,Andrew Moore,andrew.moore57@example.com,Female,45.0,Consumer,East,2023-04-07
1356,Laura Lopez,laura.lopez86@example.com,Female,24.0,Corporate,West,2023-11-27
1357,Sandra Davis,sandra.davis38@example.com,Male,33.0,Consumer,West,2023-02-21
1358,Donna Anderson,donna.anderson89@example.com,Female,24.0,Consumer,East,2023-12-21
1359,Donna Young,donna.young36@example.com,Male,36.0,Corporate,Midwest,2023-05-28
1360,Jeffrey Smith,jeffrey.smith22@example.com,Female,72.0,Corporate,East,2023-05-03
1361,William Lee,william.lee97@example.com,,75.0,Home Office,South,2023-01-07
1362,Ronald Walker,ronald.walker64@example.com,Male,74.0,Corporate,West,2023-12-14
1363,Jacob Smith,jacob.smith86@example.com,Female,49.0,Consumer,East,2023-08-30
1364,Jessica Williams,jessica.williams12@example.com,Female,51.0,Consumer,East,2023-03-17
1365,Gary Miller,gary.miller22@example.com,Female,65.0,Consumer,West,2023-10-07
1366,Daniel Nelson,daniel.nelson72@example.com,Female,,Corporate,West,2023-12-30
1367,Ruth King,ruth.king94@example.com,Female,61.0,Consumer,Midwest,2023-11-24
1368,Jane Martinez,jane.martinez62@example.com,Male,19.0,Home Office,South,2023-12-23
1369,Kimberly White,kimberly.white36@example.com,Male,42.0,Home Office,West,2023-05-21
1370,Edward Baker,edward.baker79@example.com,Female,74.0,Home Office,East,2023-05-16
1371,Gary Thompson,gary.thompson52@example.com,Female,35.0,Consumer,East,2023-01-22
1372,Angela King,angela.king99@example.com,Male,47.0,Consumer,East,2023-06-27
1373,Matthew Davis,matthew.davis11@example.com,Male,27.0,Corporate,South,2023-05-29
1374,Brenda Scott,brenda.scott95@example.com,Female,69.0,Consumer,East,2023-08-21
1375,Michael Wilson,michael.wilson46@example.com,Male,,Corporate,West,2023-08-09
1376,Donald Nelson,donald.nelson10@example.com,,74.0,Consumer,South,2023-09-15
1377,Ronald Roberts,ronald.roberts81@example.com,Male,27.0,Consumer,East,2023-04-11
1378,Kimberly Nguyen,kimberly.nguyen20@example.com,Male,40.0,Home Office,East,2023-12-14
1379,Edward Harris,edward.harris64@example.com,Male,37.0,Consumer,Midwest,2023-03-30
1380,Brian Ramirez,brian.ramirez96@example.com,Male,30.0,Corporate,East,2023-08-02
1381,Mary Gonzalez,mary.gonzalez48@example.com,Female,58.0,Consumer,East,2023-04-04
1382,Steven Ramirez,steven.ramirez22@example.com,Female,50.0,Corporate,West,2023-12-31
1383,Donald Robinson,donald.robinson55@example.com,Female,47.0,Consumer,Midwest,
1384,Mary Johnson,mary.johnson63@example.com,Male,37.0,Consumer,East,2023-10-25
1385,Kenneth White,kenneth.white26@example.com,Female,,Consumer,South,2023-03-06
1386,Laura Nelson,laura.nelson10@example.com,Female,23.0,Consumer,East,2023-11-29
1387,James Perez,james.perez86@example.com,Female,62.0,Corporate,West,2023-02-01
1388,Jessica Mitchell,jessica.mitchell84@example.com,Male,51.0,Consumer,West,2023-09-11
1389,Robert Anderson,robert.anderson96@example.com,Male,37.0,Consumer,East,2023-01-04
1390,Melissa Flores,melissa.flores98@example.com,Male,,Consumer,East,2023-03-03
1391,Amy Miller,amy.miller41@example.com,Female,,Consumer,South,2023-07-20
1392,Emily Davis,emily.davis48@example.com,Male,71.0,Home Office,South,2023-05-14
1393,Brenda Baker,brenda.baker66@example.com,Male,58.0,Home Office,East,
1394,Karen Mitchell,karen.mitchell94@example.com,Male,36.0,Home Office,East,2023-02-21
1395,Angela Young,angela.young57@example.com,Female,69.0,Home Office,Midwest,2023-08-02
1396,Kimberly Martinez,kimberly.martinez13@example.com,Male,18.0,Corporate,Midwest,2023-01-18
1397,Nicole Adams,nicole.adams94@example.com,Male,40.0,Consumer,East,2023-08-28
1398,Jeffrey Robinson,jeffrey.robinson45@example.com,,50.0,Consumer,West,2023-09-15
1399,Betty Thompson,betty.thompson77@example.com,Male,27.0,Consumer,West,2023-10-16
1400,Ruth Robinson,ruth.robinson27@example.com,Female,22.0,Home Office,East,2023-11-27
1401,Joshua Harris,joshua.harris70@example.com,Male,50.0,Corporate,Midwest,2023-09-27
1402,Daniel Rodriguez,daniel.rodriguez99@example.com,Female,71.0,Home Office,Midwest,2023-01-24
1403,Jane Campbell,jane.campbell30@example.com,Male,61.0,Consumer,Midwest,2023-04-29
1404,Gary Campbell,gary.campbell40@example.com,Male,42.0,Corporate,East,2023-08-04
1405,David Brown,david.brown88@example.com,Male,22.0,Consumer,South,2023-07-11
1406,George Green,george.green13@example.com,Female,46.0,Consumer,West,2023-11-23
1407,Brian Scott,brian.scott35@example.com,Female,36.0,Corporate,East,2023-03-24
1408,Kimberly King,kimberly.king34@example.com,Male,60.0,Consumer,South,2023-01-18
1409,Robert Smith,robert.smith56@example.com,Male,61.0,Consumer,East,2023-11-25
1410,Amy Young,amy.young34@example.com,Female,40.0,Consumer,West,2023-10-14
1411,Robert Jones,robert.jones66@example.com,Female,54.0,Home Office,East,2023-09-22
1412,Carol Miller,carol.miller25@example.com,Male,39.0,Corporate,East,
1413,Matthew Taylor,matthew.taylor59@example.com,Male,28.0,Consumer,South,2023-02-08
1414,Kevin Torres,kevin.torres40@example.com,Female,21.0,Corporate,East,2023-02-26
1415,Angela Walker,angela.walker43@example.com,Male,34.0,Consumer,East,2023-01-31
1416,Robert Wilson,robert.wilson80@example.com,Female,60.0,Consumer,South,2023-02-01
1417,Sandra Young,sandra.young19@example.com,Male,22.0,Consumer,East,2023-11-03
1418,Ryan Flores,ryan.flores20@example.com,Female,35.0,Consumer,Midwest,2023-02-23
1419,Michael Young,michael.young74@example.com,Female,37.0,Home Office,East,2023-04-27
1420,Jane Brown,jane.brown13@example.com,Male,73.0,Corporate,West,2023-12-17
1421,Ryan Johnson,ryan.johnson80@example.com,Female,62.0,Consumer,South,2023-12-26
1422,Kimberly Scott,kimberly.scott27@example.com,Male,75.0,Home Office,Midwest,2023-04-10
1423,Ruth Ramirez,ruth.ramirez17@example.com,Male,32.0,Consumer,West,2023-10-02
1424,Brian Williams,brian.williams11@example.com,Male,22.0,Corporate,East,2023-08-13
1425,Lisa Jackson,lisa.jackson15@example.com,Male,26.0,Consumer,West,2023-09-03
1426,Ronald Davis,ronald.davis94@example.com,,52.0,Corporate,East,2023-12-28
1427,Ryan Thompson,ryan.thompson38@example.com,Female,67.0,Consumer,Midwest,2023-12-01
1428,Sandra King,sandra.king44@example.com,Male,,Consumer,West,2023-12-28
1429,Brenda Young,brenda.young45@example.com,,71.0,Consumer,East,2023-04-29
1430,Carol Mitchell,carol.mitchell80@example.com,Female,68.0,Consumer,East,2023-05-01
1431,Timothy Lewis,timothy.lewis93@example.com,Male,,Home Office,East,2023-05-19
1432,Donna Nguyen,donna.nguyen59@example.com,Male,,Home Office,West,2023-07-16
1433,Melissa Johnson,melissa.johnson58@example.com,Male,42.0,Consumer,West,2023-08-09
1434,Kevin Brown,kevin.brown94@example.com,Female,56.0,Consumer,South,2023-06-22
1435,Daniel Carter,daniel.carter85@example.com,Male,71.0,Consumer,West,2023-08-07
1436,Jeffrey Mitchell,jeffrey.mitchell17@example.com,Female,61.0,Home Office,Midwest,2023-10-01
1437,Elizabeth Ramirez,elizabeth.ramirez83@example.com,Female,42.0,Home Office,West,2023-05-02
1438,Robert Smith,robert.smith45@example.com,Female,33.0,Corporate,West,2023-06-01
1439,Ruth Torres,ruth.torres60@example.com,,35.0,Consumer,East,2023-12-01
1440,Gary Hill,gary.hill11@example.com,Female,72.0,Consumer,East,2023-08-25
1441,Jane Lewis,jane.lewis11@example.com,Female,72.0,Consumer,Midwest,2023-07-29
1442,Emily Nguyen,emily.nguyen20@example.com,Female,46.0,Consumer,East,2023-05-22
1443,Daniel Young,daniel.young26@example.com,Male,57.0,Consumer,Midwest,2023-04-30
1444,Jessica Adams,jessica.adams14@example.com,Female,20.0,Consumer,West,2023-04-27
1445,Emily Rivera,emily.rivera43@example.com,Male,72.0,Corporate,South,2023-10-04
1446,Jason Williams,jason.williams86@example.com,Male,150.0,Consumer,South,2023-02-09
1447,Sandra Wilson,sandra.wilson51@example.com,Female,150.0,Corporate,South,2023-03-15
1448,Jane Lee,jane.lee87@example.com,Female,75.0,Consumer,Midwest,2023-08-29
1449,Matthew Flores,matthew.flores13@example.com,Male,27.0,Consumer,East,2023-01-14
1450,James Hill,james.hill37@example.com,Female,42.0,Consumer,East,2023-01-17
1451,Ronald Campbell,ronald.campbell29@example.com,Male,32.0,Consumer,South,2023-10-22
1452,Edward Scott,edward.scott63@example.com,Male,51.0,Consumer,West,2023-11-07
1453,Joshua Nelson,joshua.nelson77@example.com,Female,71.0,Consumer,East,2023-05-05
1454,Ruth Thomas,ruth.thomas56@example.com,Female,25.0,Home Office,East,2023-08-16
1455,Jeffrey Clark,jeffrey.clark56@example.com,,22.0,Consumer,East,2023-12-01
1456,Joshua Hill,joshua.hill39@example.com,Female,70.0,Consumer,East,2023-03-06
1457,Kevin Thomas,kevin.thomas62@example.com,Male,68.0,Corporate,Midwest,2023-06-10
1458,Jessica Garcia,jessica.garcia62@example.com,Male,58.0,Consumer,South,2023-04-12
1459,Lisa Robinson,lisa.robinson11@example.com,Female,53.0,Corporate,South,2023-08-29
1460,Ryan Miller,ryan.miller26@example.com,Female,,Consumer,East,2023-02-07
1461,Robert Allen,robert.allen77@example.com,Female,43.0,Consumer,South,2023-05-04
1462,Jason Jackson,jason.jackson25@example.com,Female,57.0,Corporate,East,2023-01-24
1463,David Mitchell,david.mitchell55@example.com,Female,65.0,Consumer,Midwest,2023-05-29
1464,Jacob Walker,jacob.walker99@example.com,Male,55.0,Corporate,Midwest,2023-09-18
1465,Sarah Martinez,sarah.martinez10@example.com,Female,47.0,Corporate,West,2023-08-13
1466,Lisa Allen,lisa.allen85@example.com,Male,49.0,Consumer,South,2023-10-16
1467,Amy King,amy.king84@example.com,Female,42.0,Consumer,West,2023-04-02
1468,Karen Williams,karen.williams36@example.com,Female,57.0,Corporate,East,2023-06-27
1469,Matthew Hernandez,matthew.hernandez25@example.com,Female,74.0,Corporate,West,2023-05-13
1470,George Carter,george.carter23@example.com,Female,31.0,Home Office,East,2023-09-18
1471,Jacob Hernandez,jacob.hernandez13@example.com,Male,52.0,Consumer,West,2023-04-10
1472,John Young,john.young13@example.com,Female,54.0,Consumer,South,2023-08-16
1473,Amy Rodriguez,amy.rodriguez68@example.com,Male,72.0,Corporate,East,2023-08-10
1474,Melissa Taylor,melissa.taylor21@example.com,Female,25.0,Consumer,West,2023-02-10
1475,Ryan Anderson,ryan.anderson19@example.com,Female,58.0,Consumer,Midwest,2023-12-11
1476,Gary Jones,gary.jones98@example.com,Male,63.0,Corporate,South,2023-06-12
1477,Joseph Scott,joseph.scott94@example.com,Male,58.0,Corporate,West,
1478,Robert Nguyen,robert.nguyen58@example.com,Male,34.0,Home Office,South,2023-09-06
1479,Lisa Campbell,lisa.campbell73@example.com,Male,23.0,Corporate,Midwest,2023-04-20
1480,John Ramirez,john.ramirez18@example.com,Male,20.0,Consumer,South,2023-05-15
1481,Brenda Harris,brenda.harris90@example.com,Female,60.0,Consumer,East,2023-06-03
1482,Thomas Jackson,thomas.jackson95@example.com,Female,52.0,Consumer,Midwest,2023-02-19
1483,Thomas Davis,thomas.davis46@example.com,Female,60.0,Home Office,South,2023-04-01
1484,Elizabeth Lee,elizabeth.lee94@example.com,Female,67.0,Corporate,West,2023-09-08
1485,George Clark,george.clark97@example.com,Female,31.0,Home Office,West,2023-07-29
1486,Emily Scott,emily.scott51@example.com,Female,69.0,Consumer,East,2023-07-24
1487,Daniel Brown,daniel.brown44@example.com,Male,70.0,Corporate,South,2023-08-18
1488,Paul Anderson,paul.anderson83@example.com,Male,25.0,Consumer,East,2023-11-11
1489,Brenda Perez,brenda.perez26@example.com,Male,19.0,Corporate,East,2023-02-16
1490,Gary Rivera,gary.rivera52@example.com,Male,51.0,Corporate,Midwest,2023-10-02
1491,Joseph Hernandez,joseph.hernandez78@example.com,Male,28.0,Consumer,East,2023-06-19
1492,Paul Wilson,paul.wilson80@example.com,Male,,Corporate,South,
1493,Amy Miller,amy.miller74@example.com,Female,,Consumer,Midwest,2023-01-13
1494,Thomas Green,thomas.green98@example.com,Female,70.0,Consumer,West,2023-12-02
1495,Laura Rodriguez,laura.rodriguez44@example.com,Male,150.0,Corporate,Midwest,
1496,Ryan Wright,ryan.wright87@example.com,Male,68.0,Consumer,South,2023-11-07
1497,Carol Lee,carol.lee64@example.com,Male,47.0,Consumer,West,2023-05-16
1498,Nicole Torres,nicole.torres70@example.com,Female,44.0,Consumer,Midwest,2023-09-05
1499,Matthew Hall,matthew.hall78@example.com,Female,,Consumer,East,2023-07-21
1500,Michelle Carter,michelle.carter79@example.com,Female,19.0,Consumer,Midwest,2023-04-29
1501,Andrew White,andrew.white71@example.com,Female,69.0,Corporate,South,2023-02-12
1502,James Scott,james.scott31@example.com,Female,23.0,Consumer,West,2023-11-12
1503,Joshua King,joshua.king82@example.com,Male,34.0,Consumer,South,2023-06-22
1504,Karen Williams,karen.williams51@example.com,Female,35.0,Home Office,East,2023-10-15
1505,Melissa Wright,melissa.wright73@example.com,Male,63.0,Corporate,East,2023-10-12
1506,Ryan Campbell,ryan.campbell20@example.com,Female,42.0,Consumer,East,2023-01-07
1507,William King,william.king25@example.com,Female,25.0,Consumer,West,2023-08-06
1508,Melissa Hernandez,melissa.hernandez90@example.com,Female,73.0,Corporate,East,2023-07-24
1509,John Jackson,john.jackson25@example.com,Female,74.0,Corporate,West,2023-09-25
1510,Mark Flores,mark.flores57@example.com,Male,51.0,Consumer,South,2023-11-11
1511,Jason White,jason.white76@example.com,Female,39.0,Consumer,West,2023-03-11
1512,William King,william.king70@example.com,,27.0,Corporate,East,2023-01-03
1513,Carol Hall,carol.hall34@example.com,Male,39.0,Consumer,West,2023-11-16
1514,Elizabeth Hill,elizabeth.hill30@example.com,,74.0,Home Office,West,2023-11-18
1515,John Gonzalez,john.gonzalez45@example.com,Female,37.0,Corporate,West,2023-07-26
1516,Daniel Scott,daniel.scott79@example.com,Male,-12.0,Consumer,West,2023-04-21
1517,Donna Lopez,donna.lopez43@example.com,Male,55.0,Corporate,East,2023-07-16
1518,Ruth Torres,ruth.torres85@example.com,Female,18.0,Consumer,East,2023-04-21
1519,Sarah Flores,sarah.flores28@example.com,Female,38.0,Consumer,Midwest,2023-01-27
1520,Robert Allen,robert.allen66@example.com,Female,50.0,Consumer,West,2023-05-04
1521,Mary Sanchez,mary.sanchez58@example.com,Female,71.0,Consumer,Midwest,2023-09-29
1522,Sarah Hill,sarah.hill37@example.com,Female,71.0,Consumer,West,2023-08-15
1523,Melissa Hall,melissa.hall42@example.com,Female,29.0,Corporate,South,
1524,Michelle Robinson,michelle.robinson95@example.com,Female,53.0,Consumer,East,2023-04-08
1525,Steven White,steven.white32@example.com,Male,41.0,Consumer,East,2023-01-03
1526,Angela Martin,angela.martin52@example.com,Female,50.0,Consumer,West,2023-11-07
1527,Donna Williams,donna.williams92@example.com,Female,62.0,Consumer,East,2023-05-21
1528,Edward Brown,edward.brown83@example.com,Female,58.0,Corporate,Midwest,2023-03-30
1529,Joshua Mitchell,joshua.mitchell92@example.com,Male,,Corporate,East,
1530,Jason Martinez,jason.martinez32@example.com,Male,71.0,Consumer,Midwest,2023-01-29
1531,Andrew Green,andrew.green17@example.com,Female,30.0,Consumer,East,2023-01-09
1532,Ruth Baker,ruth.baker50@example.com,Male,55.0,Consumer,West,2023-07-07
1533,Amy Smith,amy.smith95@example.com,Male,-12.0,Corporate,East,2023-02-12
1534,Lisa Lewis,lisa.lewis15@example.com,Male,44.0,Consumer,Midwest,2023-01-02
1535,Carol Moore,carol.moore81@example.com,Female,71.0,Consumer,South,2023-10-17
1536,Elizabeth Garcia,elizabeth.garcia24@example.com,Male,29.0,Corporate,West,2023-11-17
1537,Jane Roberts,jane.roberts31@example.com,Male,47.0,Consumer,East,2023-05-07
1538,Carol Baker,carol.baker92@example.com,Male,65.0,Consumer,Midwest,2023-01-28
1539,Steven Rivera,steven.rivera46@example.com,Male,44.0,Home Office,East,2023-04-07
1540,Donna Gonzalez,donna.gonzalez32@example.com,Female,34.0,Consumer,Midwest,2023-07-01
1541,Angela White,angela.white54@example.com,Female,61.0,Corporate,Midwest,2023-01-19
1542,Angela Harris,angela.harris29@example.com,Male,45.0,Consumer,West,2023-12-16
1543,Matthew Wilson,matthew.wilson53@example.com,Female,67.0,Corporate,South,2023-04-22
1544,Elizabeth Taylor,elizabeth.taylor14@example.com,Male,47.0,Consumer,East,2023-07-10
1545,Brian Harris,brian.harris94@example.com,Male,24.0,Consumer,East,2023-01-05
1546,William Clark,william.clark70@example.com,Male,40.0,Consumer,Midwest,2023-08-28
1547,Kevin Lopez,kevin.lopez12@example.com,Female,62.0,Consumer,South,2023-07-24
1548,Joshua Thomas,joshua.thomas42@example.com,Female,43.0,Consumer,South,2023-04-30
1549,Jacob Allen,jacob.allen23@example.com,Female,43.0,Home Office,East,2023-03-25
1550,Kenneth Hernandez,kenneth.hernandez48@example.com,Male,54.0,Consumer,West,2023-03-08
1551,Ronald Perez,ronald.perez16@example.com,Female,27.0,Consumer,South,2023-08-23
1552,Laura Hernandez,laura.hernandez68@example.com,,74.0,Home Office,West,2023-06-07
1553,Sarah Lopez,sarah.lopez40@example.com,Female,33.0,Consumer,West,2023-10-12
1554,Gary White,gary.white10@example.com,Female,53.0,Corporate,East,2023-12-24
1555,Betty Walker,betty.walker95@example.com,Female,66.0,Consumer,West,2023-07-18
1556,Robert Lee,robert.lee27@example.com,Female,70.0,Corporate,East,2023-08-06
1557,George Sanchez,george.sanchez78@example.com,,65.0,Corporate,East,2023-01-14
1558,Thomas Hill,thomas.hill32@example.com,Female,50.0,Consumer,Midwest,2023-11-09
1559,George Carter,george.carter60@example.com,Male,30.0,Corporate,East,2023-06-04
1560,Kimberly Garcia,kimberly.garcia53@example.com,Male,36.0,Consumer,East,2023-12-12
1561,Joshua Williams,joshua.williams43@example.com,Female,43.0,Consumer,East,2023-02-24
1562,Elizabeth Garcia,elizabeth.garcia54@example.com,Male,43.0,Consumer,West,2023-01-07
1563,William Lee,william.lee26@example.com,Female,18.0,Corporate,West,2023-12-10
1564,Laura Ramirez,laura.ramirez16@example.com,Female,25.0,Corporate,East,2023-08-19
1565,Kenneth White,kenneth.white70@example.com,Female,29.0,Home Office,South,2023-09-30
1566,Jacob Harris,jacob.harris96@example.com,Male,63.0,Corporate,South,2023-04-12
1567,Kenneth Flores,kenneth.flores68@example.com,Female,25.0,Home Office,West,2023-08-24
1568,Michelle Brown,michelle.brown86@example.com,Female,61.0,Consumer,West,2023-01-13
1569,Kevin Moore,kevin.moore32@example.com,Female,,Corporate,South,2023-11-22
1570,Michael Hill,michael.hill24@example.com,Male,43.0,Consumer,East,2023-02-13
1571,Kevin Miller,kevin.miller26@example.com,Female,35.0,Consumer,Midwest,2023-08-23
1572,Timothy Flores,timothy.flores41@example.com,Female,,Consumer,West,2023-01-20
1573,Karen Hill,karen.hill91@example.com,Male,64.0,Consumer,West,2023-11-23
1574,Ryan Martin,ryan.martin64@example.com,Male,34.0,Home Office,South,2023-02-10
1575,Kimberly Davis,kimberly.davis34@example.com,Female,52.0,Corporate,West,2023-05-05
1576,Timothy Brown,timothy.brown57@example.com,Male,45.0,Corporate,East,2023-12-19
1577,Gary Lopez,gary.lopez45@example.com,Male,29.0,Corporate,West,2023-05-20
1578,John Clark,john.clark36@example.com,,26.0,Consumer,West,2023-08-25
1579,George Green,george.green50@example.com,Male,,Home Office,East,2023-02-02
1580,Brenda Jackson,brenda.jackson87@example.com,Female,39.0,Corporate,East,2023-09-01
1581,Mary Smith,mary.smith53@example.com,Female,27.0,Consumer,East,2023-09-13
1582,Betty Wright,betty.wright99@example.com,Female,20.0,Consumer,West,2023-10-20
1583,Sarah Green,sarah.green72@example.com,Female,65.0,Consumer,West,2023-07-09
1584,Carol Jackson,carol.jackson50@example.com,Female,,Home Office,East,2023-03-27
1585,Brenda Thompson,brenda.thompson82@example.com,Male,36.0,Corporate,West,2023-09-09
1586,Sandra Harris,sandra.harris78@example.com,Male,31.0,Corporate,East,2023-02-26
1587,Brian Jackson,brian.jackson32@example.com,Female,40.0,Consumer,East,2023-08-03
1588,George Moore,george.moore50@example.com,Male,61.0,Consumer,East,2023-11-22
1589,Mark Allen,mark.allen78@example.com,Male,49.0,Corporate,Midwest,2023-05-27
1590,Andrew Hernandez,andrew.hernandez32@example.com,Male,39.0,Corporate,South,2023-12-02
1591,Lisa Baker,lisa.baker22@example.com,Female,44.0,Consumer,East,2023-01-15
1592,Brenda Anderson,brenda.anderson27@example.com,Male,64.0,Consumer,East,2023-01-12
1593,Mark Flores,mark.flores41@example.com,Female,41.0,Consumer,West,
1594,George Adams,george.adams59@example.com,Male,28.0,Consumer,West,2023-05-03
1595,Lisa Walker,lisa.walker35@example.com,Female,-5.0,Corporate,South,2023-08-25
1596,Elizabeth Thomas,elizabeth.thomas97@example.com,Male,47.0,Consumer,Midwest,2023-02-26
1597,George Perez,george.perez30@example.com,Male,,Home Office,East,2023-12-13
1598,Paul King,paul.king70@example.com,Male,34.0,Consumer,West,2023-10-03
1599,Jessica Rivera,jessica.rivera87@example.com,Male,70.0,Home Office,Midwest,2023-05-30
1600,Laura Campbell,laura.campbell15@example.com,Female,25.0,Consumer,West,2023-05-15
1601,Jacob Nguyen,jacob.nguyen24@example.com,Female,39.0,Consumer,West,2023-05-05
1602,Joshua Wilson,joshua.wilson43@example.com,Male,63.0,Consumer,Midwest,2023-05-06
1603,Jacob Taylor,jacob.taylor53@example.com,Female,46.0,Corporate,South,2023-10-18
1604,Donna Hill,donna.hill14@example.com,Male,19.0,Home Office,South,2023-07-09
1605,Brian White,brian.white47@example.com,Male,37.0,Consumer,West,2023-08-14
1606,Gary Jackson,gary.jackson29@example.com,Male,36.0,Consumer,South,2023-05-12
1607,Edward Anderson,edward.anderson13@example.com,Female,18.0,Consumer,South,2023-09-18
1608,Ryan King,ryan.king61@example.com,Male,59.0,Consumer,East,2023-09-14
1609,Mark King,mark.king57@example.com,Female,73.0,Consumer,East,2023-03-31
1610,Joshua Harris,joshua.harris11@example.com,Male,37.0,Corporate,South,2023-03-18
1611,Donna Hill,donna.hill25@example.com,Female,54.0,Consumer,East,2023-01-07
1612,Ryan King,ryan.king39@example.com,Female,43.0,Consumer,East,2023-06-18
1613,Kenneth Jones,kenneth.jones44@example.com,Male,21.0,Consumer,Midwest,2023-09-25
1614,Sandra Thomas,sandra.thomas42@example.com,Male,59.0,Consumer,West,2023-04-27
1615,Timothy Rivera,timothy.rivera68@example.com,Female,23.0,Consumer,East,2023-02-02
1616,Robert King,robert.king48@example.com,,55.0,Consumer,West,2023-09-02
1617,Elizabeth Miller,elizabeth.miller78@example.com,Male,58.0,Consumer,East,2023-09-02
1618,Jessica Lewis,jessica.lewis20@example.com,Male,31.0,Consumer,East,2023-06-03
1619,Brian Smith,brian.smith84@example.com,Male,46.0,Consumer,Midwest,2023-04-10
1620,Angela Green,angela.green88@example.com,Male,44.0,Corporate,West,2023-09-10
1621,Edward Lopez,edward.lopez52@example.com,Female,37.0,Consumer,West,2023-09-30
1622,Sandra Perez,sandra.perez45@example.com,Female,25.0,Consumer,South,2023-04-04
1623,Melissa Smith,melissa.smith50@example.com,Female,29.0,Corporate,East,2023-08-10
1624,Gary Martin,gary.martin22@example.com,Female,61.0,Consumer,West,2023-04-04
1625,Joseph Roberts,joseph.roberts23@example.com,Male,37.0,Home Office,West,2023-09-29
1626,Joshua Miller,joshua.miller97@example.com,Male,27.0,Consumer,East,2023-04-09
1627,Gary Sanchez,gary.sanchez31@example.com,Male,51.0,Corporate,East,2023-12-01
1628,George Clark,george.clark44@example.com,Female,72.0,Consumer,East,2023-07-09
1629,Karen Martin,karen.martin52@example.com,Female,45.0,Corporate,East,2023-08-02
1630,John Carter,john.carter61@example.com,,59.0,Consumer,Midwest,2023-08-22
1631,Gary Moore,gary.moore12@example.com,Male,63.0,Consumer,West,2023-07-11
1632,Jane Lee,jane.lee64@example.com,Female,65.0,Consumer,East,2023-04-21
1633,Brenda Allen,brenda.allen66@example.com,Male,-12.0,Corporate,East,2023-09-03
1634,Jeffrey Nguyen,jeffrey.nguyen70@example.com,Male,42.0,Consumer,West,2023-12-28
1635,Melissa Thomas,melissa.thomas45@example.com,Female,,Corporate,South,2023-06-25
1636,Donna Wright,donna.wright57@example.com,Female,26.0,Consumer,East,2023-02-07
1637,Mark Roberts,mark.roberts62@example.com,Male,54.0,Corporate,West,2023-02-15
1638,Andrew Thomas,andrew.thomas51@example.com,Female,70.0,Corporate,South,2023-01-12
1639,Robert Roberts,robert.roberts18@example.com,Female,41.0,Corporate,West,2023-08-17
1640,Ryan Wilson,ryan.wilson33@example.com,Male,39.0,Consumer,South,2023-12-27
1641,Daniel Taylor,daniel.taylor87@example.com,Male,59.0,Consumer,East,2023-07-22
1642,Melissa Brown,melissa.brown77@example.com,,41.0,Home Office,Midwest,
1643,Kimberly Williams,kimberly.williams74@example.com,Female,49.0,Consumer,East,2023-06-20
1644,Edward Jones,edward.jones19@example.com,Male,69.0,Consumer,South,2023-02-14
1645,Brian Robinson,brian.robinson88@example.com,Male,67.0,Home Office,East,2023-05-22
1646,Elizabeth Lewis,elizabeth.lewis29@example.com,Male,54.0,Consumer,Midwest,2023-09-28
1647,Gary Hall,gary.hall65@example.com,Female,18.0,Consumer,West,2023-07-19
1648,Jane Smith,jane.smith38@example.com,Male,32.0,Home Office,East,2023-06-17
1649,Kevin Robinson,kevin.robinson93@example.com,Female,63.0,Corporate,East,2023-03-20
1650,Joseph Roberts,joseph.roberts28@example.com,Male,52.0,Consumer,South,2023-01-21
1651,Gary Rodriguez,gary.rodriguez79@example.com,Male,38.0,Consumer,Midwest,2023-12-03
1652,Betty Gonzalez,betty.gonzalez48@example.com,Female,31.0,Consumer,East,2023-01-14
1653,Robert Lewis,robert.lewis25@example.com,Female,,Consumer,West,2023-04-17
1654,Steven Brown,steven.brown67@example.com,Male,42.0,Consumer,East,2023-03-05
1655,Sarah Lopez,sarah.lopez74@example.com,Male,31.0,Consumer,West,2023-09-08
1656,Ryan Hill,ryan.hill55@example.com,Female,31.0,Corporate,South,2023-09-17
1657,Michelle Walker,michelle.walker42@example.com,Female,,Corporate,East,2023-08-04
1658,Laura Miller,laura.miller55@example.com,Female,45.0,Consumer,South,2023-11-30
1659,Carol Anderson,carol.anderson99@example.com,Female,19.0,Consumer,East,2023-05-21
1660,Jeffrey Adams,jeffrey.adams51@example.com,,29.0,Corporate,South,2023-03-07
1661,Amy Martinez,amy.martinez27@example.com,Male,-12.0,Consumer,East,2023-12-05
1662,Matthew White,matthew.white89@example.com,Male,29.0,Corporate,West,2023-03-19
1663,Ryan Nelson,ryan.nelson33@example.com,Male,19.0,Corporate,South,2023-06-06
1664,Laura Green,laura.green57@example.com,Female,19.0,Corporate,West,2023-06-19
1665,Jane Walker,jane.walker14@example.com,Male,20.0,Consumer,South,2023-11-03
1666,Jeffrey King,jeffrey.king31@example.com,Male,32.0,Corporate,South,2023-02-03
1667,Jessica Walker,jessica.walker69@example.com,Female,56.0,Consumer,East,2023-01-01
1668,Carol Walker,carol.walker70@example.com,Female,60.0,Home Office,South,2023-11-11
1669,Ronald Rivera,ronald.rivera22@example.com,Male,50.0,Home Office,South,2023-03-15
1670,Thomas Nelson,thomas.nelson20@example.com,Female,57.0,Consumer,South,2023-04-26
1671,Daniel Lopez,daniel.lopez94@example.com,Female,51.0,Home Office,West,2023-05-17
1672,Jacob Rodriguez,jacob.rodriguez51@example.com,Male,72.0,Corporate,East,2023-07-17
1673,Edward Brown,edward.brown35@example.com,Male,20.0,Consumer,South,2023-05-02
1674,William Sanchez,william.sanchez51@example.com,,72.0,Consumer,East,2023-11-18
1675,Brian Sanchez,brian.sanchez67@example.com,Female,52.0,Consumer,East,2023-05-24
1676,Nicole Roberts,nicole.roberts75@example.com,Female,29.0,Consumer,West,2023-09-07
1677,Gary Scott,gary.scott68@example.com,Female,34.0,Home Office,West,2023-07-07
1678,Kimberly Adams,kimberly.adams13@example.com,Male,47.0,Consumer,East,2023-03-03
1679,Mary Rivera,mary.rivera47@example.com,Female,45.0,Corporate,West,2023-02-12
1680,Kenneth Lopez,kenneth.lopez60@example.com,Male,61.0,Corporate,South,2023-01-09
1681,Joseph Campbell,joseph.campbell55@example.com,Male,51.0,Corporate,East,2023-09-30
1682,Michelle Wright,michelle.wright39@example.com,Male,24.0,Corporate,East,2023-11-22
1683,Edward Flores,edward.flores38@example.com,Male,57.0,Home Office,West,2023-04-14
1684,Donna Brown,donna.brown61@example.com,Female,47.0,Consumer,East,2023-06-03
1685,John Jones,john.jones42@example.com,Female,64.0,Consumer,South,2023-02-04
1686,Emily Carter,emily.carter62@example.com,Female,66.0,Consumer,West,2023-05-05
1687,Laura Hernandez,laura.hernandez92@example.com,Male,40.0,Consumer,South,2023-05-22
1688,Robert Sanchez,robert.sanchez25@example.com,Male,27.0,Corporate,South,2023-06-17
1689,John Green,john.green25@example.com,Male,56.0,Corporate,East,2023-12-05
1690,Andrew Martin,andrew.martin25@example.com,Female,74.0,Consumer,South,2023-06-24
1691,Donna Williams,donna.williams58@example.com,Female,47.0,Consumer,West,2023-03-28
1692,Jason Hall,jason.hall72@example.com,Male,23.0,Consumer,East,2023-11-05
1693,George White,george.white40@example.com,Female,45.0,Consumer,Midwest,2023-11-23
1694,James Roberts,james.roberts45@example.com,Female,58.0,Consumer,West,2023-08-03
1695,Ronald Taylor,ronald.taylor55@example.com,Male,49.0,Consumer,South,2023-09-11
1696,Thomas Nguyen,thomas.nguyen65@example.com,Male,70.0,Consumer,Midwest,2023-10-15
1697,George Torres,george.torres58@example.com,Female,,Home Office,East,2023-11-26
1698,James Torres,james.torres22@example.com,Male,61.0,Home Office,Midwest,2023-11-06
1699,Paul Sanchez,paul.sanchez15@example.com,Female,54.0,Corporate,South,2023-01-20
1700,Laura Green,laura.green65@example.com,Male,29.0,Consumer,West,
1701,Ruth Miller,ruth.miller47@example.com,Male,72.0,Consumer,East,2023-07-03
1702,Gary Thompson,gary.thompson55@example.com,Male,68.0,Home Office,East,2023-08-23
1703,Timothy Green,timothy.green43@example.com,Male,67.0,Corporate,South,2023-11-28
1704,Mark Mitchell,mark.mitchell61@example.com,Male,72.0,Home Office,Midwest,2023-06-30
1705,Brenda Wright,brenda.wright39@example.com,Female,64.0,Consumer,East,2023-07-27
1706,Mark Flores,mark.flores73@example.com,Female,72.0,Consumer,East,2023-06-29
1707,Ruth Lewis,ruth.lewis56@example.com,Male,25.0,Consumer,West,2023-06-08
1708,Kenneth Hall,kenneth.hall92@example.com,Male,62.0,Corporate,West,2023-02-17
1709,Sarah Rivera,sarah.rivera86@example.com,Female,27.0,Consumer,South,2023-09-30
1710,Donald Sanchez,donald.sanchez27@example.com,Male,65.0,Consumer,East,2023-05-31
1711,Brenda Torres,brenda.torres20@example.com,Male,20.0,Corporate,West,2023-03-21
1712,Ronald Moore,ronald.moore13@example.com,Male,32.0,Corporate,East,2023-04-21
1713,Karen Smith,karen.smith47@example.com,Male,48.0,Corporate,West,2023-08-01
1714,Mary Scott,mary.scott82@example.com,Male,55.0,Consumer,West,2023-10-22
1715,Steven Mitchell,steven.mitchell43@example.com,Female,34.0,Home Office,West,2023-07-06
1716,Sandra Lee,sandra.lee79@example.com,Male,70.0,Consumer,Midwest,2023-05-07
1717,Kevin Nguyen,kevin.nguyen26@example.com,Female,24.0,Corporate,West,2023-11-06
1718,Thomas Campbell,thomas.campbell54@example.com,Male,54.0,Corporate,West,2023-08-24
1719,Brenda Lewis,brenda.lewis73@example.com,Male,28.0,Consumer,West,
1720,Andrew Scott,andrew.scott93@example.com,,73.0,Home Office,Midwest,2023-02-02
1721,Gary Thompson,gary.thompson18@example.com,Female,75.0,Consumer,West,2024-01-01
1722,George Young,george.young65@example.com,Male,31.0,Consumer,Midwest,2023-06-08
1723,Kevin Hall,kevin.hall96@example.com,Male,74.0,Home Office,West,2023-07-28
1724,Karen Roberts,karen.roberts79@example.com,Female,57.0,Corporate,South,2023-07-03
1725,Angela Davis,angela.davis19@example.com,Female,64.0,Consumer,East,2023-11-04
1726,Gary Carter,gary.carter32@example.com,Male,49.0,Consumer,South,2023-06-19
1727,Sarah Miller,sarah.miller61@example.com,Female,42.0,Corporate,West,2023-03-12
1728,Ruth Lopez,ruth.lopez22@example.com,Male,74.0,Home Office,East,2023-02-16
1729,Lisa Taylor,lisa.taylor61@example.com,Female,58.0,Consumer,South,2023-08-20
1730,Jacob Miller,jacob.miller77@example.com,Male,21.0,Corporate,West,2023-02-18
1731,William Smith,william.smith77@example.com,,37.0,Consumer,East,
1732,Brian Torres,brian.torres57@example.com,Male,57.0,Corporate,West,2023-10-02
1733,Betty Thompson,betty.thompson22@example.com,Male,54.0,Consumer,South,2023-08-14
1734,Jason Roberts,jason.roberts32@example.com,Female,,Consumer,South,2023-10-03
1735,Jessica Martin,jessica.martin47@example.com,Male,28.0,Corporate,East,2023-09-12
1736,Joseph Hill,joseph.hill29@example.com,Female,60.0,Consumer,South,2023-07-19
1737,Andrew Davis,andrew.davis95@example.com,Female,27.0,Corporate,South,2023-09-09
1738,Joseph Sanchez,joseph.sanchez15@example.com,Female,60.0,Corporate,South,2023-10-30
1739,James King,james.king21@example.com,Female,54.0,Home Office,West,2023-09-30
1740,Amy Sanchez,amy.sanchez79@example.com,Female,46.0,Consumer,West,2023-05-30
1741,Edward Ramirez,edward.ramirez61@example.com,Male,49.0,Consumer,West,2023-10-15
1742,Joshua Flores,joshua.flores59@example.com,Female,62.0,Consumer,Midwest,2023-01-22
1743,Joseph Garcia,joseph.garcia49@example.com,Male,65.0,Consumer,West,2023-01-15
1744,Emily Martin,emily.martin59@example.com,Male,61.0,Consumer,East,2023-09-18
1745,Amy Lopez,amy.lopez75@example.com,Male,24.0,Consumer,West,2023-04-06
1746,Thomas Rivera,thomas.rivera50@example.com,,31.0,Consumer,West,2023-11-10
1747,John Williams,john.williams58@example.com,Male,18.0,Home Office,Midwest,2023-12-04
1748,Ruth Lopez,ruth.lopez59@example.com,Female,43.0,Corporate,East,2023-03-14
1749,George Thomas,george.thomas89@example.com,Female,63.0,Home Office,Midwest,2023-11-17
1750,Carol Wilson,carol.wilson93@example.com,Female,18.0,Consumer,South,2023-07-31
1751,Steven Moore,steven.moore34@example.com,Female,18.0,Consumer,South,2023-07-22
1752,Michael Hall,michael.hall67@example.com,Male,-5.0,Home Office,East,2023-09-08
1753,David Lopez,david.lopez78@example.com,Female,63.0,Home Office,West,2023-07-23
1754,Matthew Wright,matthew.wright46@example.com,Female,25.0,Home Office,West,2023-04-14
1755,Sarah Scott,sarah.scott73@example.com,Male,24.0,Corporate,East,2023-01-20
1756,Steven Lopez,steven.lopez20@example.com,Male,57.0,Consumer,East,2023-03-15
1757,Andrew Hill,andrew.hill15@example.com,Male,64.0,Home Office,South,2023-10-19
1758,John Martinez,john.martinez53@example.com,Female,40.0,Home Office,Midwest,2023-11-26
1759,Emily Sanchez,emily.sanchez58@example.com,Female,32.0,Consumer,West,2023-04-10
1760,Ruth Nelson,ruth.nelson66@example.com,,71.0,Consumer,East,2023-09-28
1761,Matthew Scott,matthew.scott30@example.com,Female,,Consumer,West,2023-07-29
1762,Amy Wright,amy.wright12@example.com,Male,38.0,Consumer,East,2023-03-15
1763,James Baker,james.baker39@example.com,,,Consumer,East,2023-07-18
1764,Gary Torres,gary.torres25@example.com,Male,22.0,Home Office,South,
1765,Joshua Torres,joshua.torres92@example.com,Female,65.0,Home Office,West,2023-09-09
1766,Brenda Taylor,brenda.taylor54@example.com,Female,75.0,Consumer,South,2023-10-02
1767,Michelle Anderson,michelle.anderson28@example.com,Male,42.0,Consumer,East,2023-03-24
1768,Michelle Mitchell,michelle.mitchell12@example.com,Female,47.0,Consumer,East,2023-10-05
1769,Thomas Sanchez,thomas.sanchez26@example.com,Female,43.0,Consumer,West,2023-08-02
1770,Elizabeth Campbell,elizabeth.campbell67@example.com,Female,39.0,Corporate,East,2023-07-24
1771,Robert Campbell,robert.campbell77@example.com,Male,54.0,Consumer,South,2023-12-04
1772,Brenda White,brenda.white69@example.com,Female,37.0,Consumer,East,2023-03-14
1773,Joshua Miller,joshua.miller79@example.com,Female,67.0,Home Office,East,2023-07-31
1774,Emily Gonzalez,emily.gonzalez37@example.com,Male,51.0,Consumer,West,2023-08-15
1775,Jane Hall,jane.hall36@example.com,Male,65.0,Consumer,West,2023-03-21
1776,Nicole Sanchez,nicole.sanchez83@example.com,Male,38.0,Corporate,East,2023-03-08
1777,Jacob Young,jacob.young50@example.com,Male,68.0,Consumer,West,2023-01-11
1778,John Brown,john.brown52@example.com,Female,40.0,Consumer,West,2023-03-19
1779,Betty Martin,betty.martin18@example.com,Female,71.0,Consumer,West,2023-06-23
1780,Jason Lopez,jason.lopez47@example.com,Male,27.0,Consumer,West,2023-03-02
1781,Kevin Flores,kevin.flores62@example.com,Female,35.0,Consumer,South,2023-05-08
1782,Jessica Nelson,jessica.nelson28@example.com,Male,26.0,Consumer,West,2023-08-31
1783,Steven Walker,steven.walker31@example.com,Female,55.0,Consumer,South,2023-08-18
1784,Jane Young,jane.young95@example.com,Female,74.0,Consumer,South,2023-04-01
1785,Robert Flores,robert.flores48@example.com,Male,68.0,Corporate,Midwest,2023-04-11
1786,Edward Lee,edward.lee47@example.com,Male,69.0,Consumer,West,2023-11-15
1787,Angela Clark,angela.clark31@example.com,Female,35.0,Corporate,Midwest,2023-01-13
1788,Melissa Lee,melissa.lee31@example.com,,37.0,Home Office,West,2023-08-10
1789,Ruth Williams,ruth.williams44@example.com,Female,39.0,Consumer,West,2023-03-08
1790,Brenda Smith,brenda.smith83@example.com,,75.0,Corporate,West,2023-07-18
1791,Michael Hall,michael.hall96@example.com,Female,69.0,Consumer,South,2023-08-06
1792,Paul Rivera,paul.rivera53@example.com,Female,53.0,Consumer,Midwest,2023-05-25
1793,Donna Garcia,donna.garcia67@example.com,Male,38.0,Consumer,East,2023-02-28
1794,Jane Rodriguez,jane.rodriguez23@example.com,Male,27.0,Consumer,South,2023-05-02
1795,Gary Garcia,gary.garcia19@example.com,,,Consumer,East,2023-11-13
1796,David Martinez,david.martinez84@example.com,Female,39.0,Home Office,East,2023-02-24
1797,Brenda Davis,brenda.davis17@example.com,Male,23.0,Consumer,West,2023-02-16
1798,John Ramirez,john.ramirez97@example.com,Male,42.0,Consumer,West,2023-09-29
1799,Joseph Walker,joseph.walker35@example.com,Female,29.0,Consumer,West,2023-12-13
1800,Angela Brown,angela.brown66@example.com,Male,-12.0,Consumer,South,2023-10-05
1801,Brian Gonzalez,brian.gonzalez99@example.com,Male,72.0,Consumer,West,2023-04-27
1802,William Sanchez,william.sanchez91@example.com,Female,50.0,Consumer,East,2023-04-22
1803,Kimberly Taylor,kimberly.taylor54@example.com,Male,61.0,Consumer,East,2023-03-24
1804,David Brown,david.brown18@example.com,Male,70.0,Corporate,East,2023-12-12
1805,Jacob Rivera,jacob.rivera67@example.com,,23.0,Home Office,Midwest,2023-07-05
1806,Timothy Baker,timothy.baker87@example.com,Male,64.0,Consumer,East,2023-08-19
1807,Donald Mitchell,donald.mitchell71@example.com,Female,38.0,Consumer,South,2023-04-08
1808,Thomas Nguyen,thomas.nguyen31@example.com,,47.0,Consumer,East,2023-06-16
1809,Laura Robinson,laura.robinson69@example.com,Male,42.0,Consumer,South,2023-01-13
1810,Robert Lee,robert.lee58@example.com,Male,18.0,Corporate,East,2023-12-05
1811,Lisa Martinez,lisa.martinez85@example.com,Male,43.0,Corporate,East,2023-05-19
1812,Ruth Gonzalez,ruth.gonzalez12@example.com,Male,72.0,Consumer,Midwest,2023-04-27
1813,Joseph Young,joseph.young87@example.com,Female,72.0,Consumer,East,2023-12-07
1814,Emily Thompson,emily.thompson23@example.com,,48.0,Consumer,Midwest,2023-03-14
1815,Sandra King,sandra.king73@example.com,Female,37.0,Corporate,West,2023-06-23
1816,Edward Martin,edward.martin97@example.com,Male,51.0,Corporate,East,2023-07-11
1817,Timothy Rodriguez,timothy.rodriguez57@example.com,Female,150.0,Consumer,West,2023-05-07
1818,Betty Lee,betty.lee98@example.com,Female,75.0,Consumer,West,2023-05-24
1819,Mary Perez,mary.perez83@example.com,Male,38.0,Home Office,East,2023-10-21
1820,Thomas Rivera,thomas.rivera85@example.com,Male,48.0,Consumer,East,2023-06-10
1821,Kenneth Miller,kenneth.miller59@example.com,Female,49.0,Consumer,Midwest,2023-05-17
1822,David Lewis,david.lewis59@example.com,Female,41.0,Consumer,West,2023-01-31
1823,Joshua Thomas,joshua.thomas38@example.com,Female,57.0,Corporate,East,2023-03-16
1824,Donna Lee,donna.lee72@example.com,Male,59.0,Consumer,West,2023-11-02
1825,George Davis,george.davis47@example.com,Male,50.0,Consumer,Midwest,2023-07-12
1826,Kimberly Hall,kimberly.hall11@example.com,Male,19.0,Corporate,West,
1827,Nicole Carter,nicole.carter63@example.com,,27.0,Corporate,East,2023-07-15
1828,Mary Hernandez,mary.hernandez86@example.com,Female,35.0,Consumer,East,2023-04-12
1829,Jason Hill,jason.hill68@example.com,Male,19.0,Consumer,West,2023-06-17
1830,Mary Walker,mary.walker57@example.com,Female,58.0,Corporate,Midwest,2023-06-15
1831,Laura Lopez,laura.lopez51@example.com,Male,38.0,Consumer,West,2023-10-19
1832,Michael Allen,michael.allen17@example.com,Male,22.0,Consumer,East,2023-02-22
1833,Amy Hernandez,amy.hernandez40@example.com,Female,39.0,Consumer,West,2023-06-25
1834,Jacob Jones,jacob.jones73@example.com,Male,59.0,Corporate,East,2023-12-22
1835,Karen Scott,karen.scott21@example.com,Female,66.0,Consumer,West,2023-05-14
1836,Thomas Thomas,thomas.thomas17@example.com,Male,,Consumer,East,2023-04-26
1837,Joshua Williams,joshua.williams15@example.com,Male,73.0,Corporate,East,2023-06-13
1838,Mark Harris,mark.harris91@example.com,Male,36.0,Corporate,East,2023-12-09
1839,Jason Hall,jason.hall63@example.com,Male,20.0,Consumer,West,2023-10-26
1840,Melissa Smith,melissa.smith54@example.com,Female,71.0,Corporate,West,2023-04-19
1841,Karen Wright,karen.wright10@example.com,Female,41.0,Corporate,East,2023-03-23
1842,Joseph Carter,joseph.carter87@example.com,Male,34.0,Corporate,East,2023-11-30
1843,Matthew Lewis,matthew.lewis13@example.com,Female,25.0,Corporate,West,2023-02-24
1844,Ryan Wilson,ryan.wilson35@example.com,Female,61.0,Home Office,West,2023-10-31
1845,Carol White,carol.white69@example.com,,54.0,Consumer,East,2023-05-10
1846,Betty Allen,betty.allen13@example.com,Male,73.0,Corporate,West,2023-09-13
1847,Jeffrey Harris,jeffrey.harris51@example.com,Female,28.0,Corporate,East,2023-09-03
1848,Mary Hill,mary.hill46@example.com,Male,-5.0,Consumer,East,2023-01-16
1849,Brenda Brown,brenda.brown11@example.com,Male,42.0,Home Office,South,2023-03-23
1850,James Brown,james.brown57@example.com,Male,65.0,Home Office,East,2023-02-08
1851,Donna Clark,donna.clark93@example.com,,75.0,Corporate,South,2023-03-14
1852,Daniel Robinson,daniel.robinson36@example.com,Male,48.0,Consumer,South,2023-02-27
1853,Sarah Campbell,sarah.campbell40@example.com,Female,62.0,Home Office,Midwest,2023-02-02
1854,Jeffrey Hall,jeffrey.hall29@example.com,Female,19.0,Corporate,East,2023-08-10
1855,Elizabeth Clark,elizabeth.clark32@example.com,Male,67.0,Consumer,Midwest,2023-12-30
1856,Matthew Campbell,matthew.campbell71@example.com,Female,,Consumer,South,2023-04-07
1857,Sandra Hall,sandra.hall67@example.com,Male,71.0,Corporate,West,2023-10-14
1858,Timothy Young,timothy.young39@example.com,Male,23.0,Home Office,East,2023-08-22
1859,Joshua Wright,joshua.wright30@example.com,Female,52.0,Consumer,East,2023-11-24
1860,Donald Clark,donald.clark32@example.com,Female,40.0,Consumer,East,2023-03-17
1861,Gary Carter,gary.carter73@example.com,Female,45.0,Consumer,South,2023-05-10
1862,Robert Perez,robert.perez55@example.com,Female,73.0,Home Office,East,2023-01-22
1863,Ruth Allen,ruth.allen90@example.com,Female,71.0,Consumer,Midwest,2023-10-21
1864,Robert Wilson,robert.wilson98@example.com,Female,50.0,Consumer,East,2023-09-24
1865,James Torres,james.torres10@example.com,Male,61.0,Consumer,West,2023-06-21
1866,Melissa Davis,melissa.davis51@example.com,Female,43.0,Consumer,Midwest,2023-07-21
1867,Thomas Torres,thomas.torres54@example.com,Male,59.0,Consumer,West,2023-12-22
1868,Jacob Gonzalez,jacob.gonzalez10@example.com,Male,22.0,Consumer,West,2023-06-06
1869,Sandra Carter,sandra.carter61@example.com,Male,24.0,Corporate,South,2023-04-08
1870,Jane Johnson,jane.johnson13@example.com,Male,67.0,Corporate,West,2023-02-04
1871,Daniel Lewis,daniel.lewis25@example.com,Female,18.0,Home Office,South,2023-06-03
1872,Ruth Harris,ruth.harris57@example.com,Female,48.0,Corporate,East,2023-10-31
1873,Michael Baker,michael.baker72@example.com,Female,19.0,Consumer,East,2023-08-31
1874,Steven Carter,steven.carter78@example.com,Female,57.0,Corporate,West,2023-12-17
1875,Melissa Johnson,melissa.johnson58@example.com,,75.0,Consumer,Midwest,2023-05-10
1876,Kevin Garcia,kevin.garcia20@example.com,Male,65.0,Home Office,Midwest,2023-11-06
1877,Joshua Williams,joshua.williams51@example.com,Female,44.0,Consumer,South,2023-12-17
1878,Robert Nguyen,robert.nguyen96@example.com,Female,-12.0,Consumer,East,2023-12-23
1879,Brian Harris,brian.harris78@example.com,Male,25.0,Consumer,East,2023-09-09
1880,Lisa Lewis,lisa.lewis47@example.com,Male,39.0,Consumer,South,2023-12-18
1881,Karen Jones,karen.jones35@example.com,Male,,Consumer,South,2023-12-01
1882,Lisa Roberts,lisa.roberts58@example.com,,39.0,Consumer,East,2023-10-26
1883,Melissa Anderson,melissa.anderson66@example.com,Male,26.0,Consumer,East,2023-11-06
1884,Brian Johnson,brian.johnson66@example.com,Female,,Consumer,West,2023-12-22
1885,Michelle Green,michelle.green79@example.com,Female,,Consumer,East,2023-12-26
1886,Kimberly Jones,kimberly.jones18@example.com,Female,50.0,Consumer,Midwest,2023-03-12
1887,Jessica Johnson,jessica.johnson30@example.com,Male,46.0,Consumer,South,2023-10-07
1888,Michelle Scott,michelle.scott43@example.com,Male,25.0,Corporate,Midwest,2023-04-29
1889,Joseph Martinez,joseph.martinez48@example.com,Female,,Corporate,West,2023-01-07
1890,Jessica King,jessica.king95@example.com,Male,69.0,Corporate,Midwest,2023-05-05
1891,Joshua Wilson,joshua.wilson34@example.com,Female,24.0,Consumer,East,2023-10-11
1892,Edward Green,edward.green79@example.com,Male,26.0,Consumer,South,2023-03-16
1893,Jacob Jones,jacob.jones71@example.com,Male,33.0,Corporate,East,2023-07-31
1894,Edward White,edward.white38@example.com,Female,,Consumer,West,2023-06-14
1895,Gary Sanchez,gary.sanchez13@example.com,Female,56.0,Consumer,Midwest,2023-04-26
1896,Ryan Rodriguez,ryan.rodriguez71@example.com,Female,66.0,Consumer,East,2023-05-04
1897,George King,george.king46@example.com,Male,19.0,Consumer,South,2023-10-15
1898,Sarah Rivera,sarah.rivera28@example.com,Male,43.0,Consumer,South,2023-11-29
1899,Ruth Martin,ruth.martin78@example.com,Female,48.0,Consumer,East,2023-07-17
1900,Jacob Hall,jacob.hall85@example.com,Male,23.0,Consumer,West,2023-06-25
1901,Kevin King,kevin.king88@example.com,Female,35.0,Consumer,Midwest,2023-11-01
1902,Kenneth Anderson,kenneth.anderson50@example.com,Female,54.0,Corporate,Midwest,2023-06-06
1903,Joseph Perez,joseph.perez76@example.com,Female,45.0,Consumer,Midwest,2023-04-07
1904,Gary Flores,gary.flores27@example.com,Female,61.0,Consumer,East,2023-10-05
1905,Mary Lee,mary.lee36@example.com,Male,64.0,Consumer,East,2023-11-23
1906,Sandra Wilson,sandra.wilson86@example.com,Female,59.0,Corporate,West,2023-07-11
1907,Sandra Sanchez,sandra.sanchez71@example.com,Female,27.0,Consumer,West,2023-02-06
1908,Daniel Davis,daniel.davis58@example.com,Female,,Consumer,West,2023-05-11
1909,Melissa Robinson,melissa.robinson80@example.com,Female,44.0,Consumer,South,2023-01-27
1910,Kimberly Green,kimberly.green72@example.com,Female,38.0,Corporate,West,2023-04-03
1911,Jessica White,jessica.white16@example.com,,-5.0,Consumer,West,2023-05-18
1912,Robert Miller,robert.miller97@example.com,Male,54.0,Corporate,East,2023-02-27
1913,Ruth Flores,ruth.flores45@example.com,Male,57.0,Consumer,East,2023-05-17
1914,Mary Thompson,mary.thompson40@example.com,Female,28.0,Consumer,West,2023-07-16
1915,Betty Wright,betty.wright88@example.com,,54.0,Corporate,East,2023-05-19
1916,Melissa Davis,melissa.davis22@example.com,Female,47.0,Consumer,South,2023-03-30
1917,Thomas Moore,thomas.moore23@example.com,,45.0,Corporate,West,2023-11-04
1918,Steven Lewis,steven.lewis37@example.com,Male,46.0,Consumer,East,2023-07-16
1919,Brenda Carter,brenda.carter58@example.com,,31.0,Home Office,East,2023-09-09
1920,Kimberly King,kimberly.king53@example.com,Female,42.0,Home Office,South,2023-11-07
1921,Betty White,betty.white28@example.com,Female,43.0,Consumer,East,2023-06-10
1922,Donald Sanchez,donald.sanchez45@example.com,Female,42.0,Consumer,West,2023-08-29
1923,Jane Baker,jane.baker82@example.com,Male,69.0,Consumer,South,
1924,Brian Thompson,brian.thompson56@example.com,Female,46.0,Home Office,West,2023-02-15
1925,Kimberly Taylor,kimberly.taylor54@example.com,Female,34.0,Corporate,East,2023-03-28
1926,Thomas Nguyen,thomas.nguyen92@example.com,Male,42.0,Consumer,East,2023-04-28
1927,Sarah Rivera,sarah.rivera30@example.com,Male,51.0,Corporate,Midwest,2023-08-20
1928,Karen Jackson,karen.jackson28@example.com,Female,29.0,Corporate,East,2023-06-09
1929,William King,william.king18@example.com,Male,54.0,Consumer,West,2023-04-01
1930,Matthew Scott,matthew.scott70@example.com,Male,69.0,Consumer,South,2023-11-05
1931,Jason Jones,jason.jones18@example.com,Female,29.0,Corporate,West,2023-08-25
1932,Mary Carter,mary.carter57@example.com,Male,29.0,Consumer,East,2023-01-05
1933,Mark Hernandez,mark.hernandez44@example.com,Male,75.0,Consumer,West,2023-03-11
1934,William Brown,william.brown70@example.com,Male,56.0,Consumer,South,2023-10-21
1935,Donna Robinson,donna.robinson41@example.com,Male,28.0,Corporate,East,2023-01-22
1936,David Harris,david.harris27@example.com,,69.0,Consumer,East,2023-07-22
1937,Mary Wright,mary.wright61@example.com,Female,51.0,Consumer,South,2023-11-07
1938,Brian Rivera,brian.rivera61@example.com,Female,72.0,Consumer,West,2023-01-19
1939,Betty Jones,betty.jones86@example.com,Female,75.0,Consumer,Midwest,2023-07-12
1940,Carol White,carol.white13@example.com,Male,31.0,Consumer,East,2023-11-23
1941,Jacob Martinez,jacob.martinez67@example.com,Male,37.0,Consumer,South,2023-03-14
1942,Jane Anderson,jane.anderson66@example.com,Female,47.0,Home Office,East,2023-04-15
1943,Elizabeth Rodriguez,elizabeth.rodriguez63@example.com,Male,75.0,Home Office,Midwest,2023-02-21
1944,Matthew White,matthew.white16@example.com,Female,73.0,Home Office,West,2023-11-03
1945,Matthew Thompson,matthew.thompson75@example.com,Male,73.0,Corporate,West,2023-02-04
1946,Donald Perez,donald.perez34@example.com,Male,,Corporate,West,2023-12-31
1947,Mary Moore,mary.moore17@example.com,,51.0,Corporate,West,2023-08-18
1948,Laura Perez,laura.perez88@example.com,Female,21.0,Corporate,South,2023-10-27
1949,Jessica Lewis,jessica.lewis72@example.com,Male,53.0,Consumer,South,2023-10-17
1950,Kenneth Jones,kenneth.jones29@example.com,Female,63.0,Consumer,South,2023-11-22
1951,Donna Martinez,donna.martinez28@example.com,Male,42.0,Consumer,West,2023-04-23
1952,Michael Williams,michael.williams48@example.com,,44.0,Home Office,East,2023-08-02
1953,Karen Ramirez,karen.ramirez80@example.com,Male,,Corporate,West,2023-01-20
1954,Daniel Campbell,daniel.campbell71@example.com,Male,28.0,Consumer,East,2023-09-10
1955,Jessica Garcia,jessica.garcia95@example.com,Female,41.0,Consumer,East,2023-05-13
1956,Brian Scott,brian.scott80@example.com,Female,38.0,Consumer,East,2023-12-08
1957,Gary Rivera,gary.rivera85@example.com,Female,67.0,Consumer,Midwest,2023-04-26
1958,Jane Ramirez,jane.ramirez71@example.com,Female,64.0,Home Office,West,2023-01-27
1959,Angela Martin,angela.martin42@example.com,Male,72.0,Corporate,East,2023-05-08
1960,Elizabeth Martinez,elizabeth.martinez22@example.com,Female,43.0,Corporate,South,2023-06-19
1961,Carol Garcia,carol.garcia41@example.com,Female,60.0,Home Office,West,2023-06-10
1962,Emily Ramirez,emily.ramirez61@example.com,Male,19.0,Corporate,East,2023-07-09
1963,Jessica Martin,jessica.martin40@example.com,Female,43.0,Home Office,East,2023-07-27
1964,Kimberly Thomas,kimberly.thomas46@example.com,Male,56.0,Corporate,South,2023-07-12
1965,Sarah Miller,sarah.miller20@example.com,Male,45.0,Corporate,East,2023-02-17
1966,Timothy Adams,timothy.adams29@example.com,Male,20.0,Home Office,East,2023-07-07
1967,Gary Baker,gary.baker99@example.com,Male,,Corporate,East,2023-06-19
1968,James Williams,james.williams84@example.com,Male,70.0,Consumer,West,2023-03-29
1969,Laura Young,laura.young23@example.com,Female,51.0,Consumer,East,2023-11-10
1970,Matthew Rodriguez,matthew.rodriguez18@example.com,Female,67.0,Consumer,West,2023-02-19
1971,Melissa Hill,melissa.hill38@example.com,Male,39.0,Corporate,Midwest,2023-12-22
1972,Joshua Lewis,joshua.lewis55@example.com,Female,63.0,Consumer,West,2023-08-03
1973,Sandra Martin,sandra.martin95@example.com,Male,63.0,Consumer,East,2023-02-10
1974,Emily Nguyen,emily.nguyen25@example.com,Female,64.0,Corporate,West,2023-06-20
1975,Timothy Lee,timothy.lee84@example.com,Female,25.0,Consumer,East,2023-12-09
1976,Ronald Scott,ronald.scott85@example.com,Male,59.0,Consumer,South,2023-03-22
1977,Laura Gonzalez,laura.gonzalez54@example.com,,,Home Office,East,2023-05-10
1978,Steven Lopez,steven.lopez73@example.com,Female,73.0,Consumer,Midwest,2023-03-10
1979,Mark Mitchell,mark.mitchell64@example.com,Male,,Home Office,West,2023-05-09
1980,Paul Garcia,paul.garcia72@example.com,Female,74.0,Consumer,East,2023-09-20
1981,George Young,george.young45@example.com,Male,67.0,Consumer,West,
1982,Michelle Rivera,michelle.rivera53@example.com,Female,24.0,Consumer,West,2023-09-14
1983,Joseph Wilson,joseph.wilson28@example.com,Female,74.0,Consumer,South,2023-10-30
1984,Brenda Flores,brenda.flores35@example.com,Male,64.0,Consumer,East,2023-05-29
1985,Kevin Carter,kevin.carter68@example.com,,44.0,Consumer,West,2023-02-02
1986,Joshua Clark,joshua.clark69@example.com,Male,71.0,Home Office,West,2023-08-19
1987,Daniel Martin,daniel.martin93@example.com,Male,55.0,Consumer,South,2023-05-16
1988,John King,john.king39@example.com,,46.0,Consumer,Midwest,2023-01-02
1989,Kimberly Brown,kimberly.brown19@example.com,Female,75.0,Consumer,West,2023-08-02
1990,Jane Allen,jane.allen91@example.com,Male,55.0,Consumer,West,2023-12-05
1991,Mary Jackson,mary.jackson24@example.com,Female,39.0,Corporate,South,2023-12-02
1992,Joseph Smith,joseph.smith97@example.com,Female,48.0,Consumer,East,
1993,Robert Mitchell,robert.mitchell43@example.com,Female,44.0,Corporate,Midwest,2023-08-07
1994,Betty Campbell,betty.campbell30@example.com,Female,52.0,Consumer,West,2023-11-24
1995,David Jones,david.jones29@example.com,Male,22.0,Consumer,Midwest,2023-05-19
1996,Lisa Davis,lisa.davis67@example.com,Female,48.0,Consumer,East,2023-05-23
1997,Sarah Thompson,sarah.thompson21@example.com,Female,52.0,Corporate,East,2023-01-10
1998,Brenda Roberts,brenda.roberts21@example.com,Male,28.0,Consumer,West,2023-12-20
1999,Kevin Gonzalez,kevin.gonzalez71@example.com,Female,,Consumer,West,2023-08-10
2000,James Allen,james.allen61@example.com,Male,48.0,Consumer,East,2023-12-24
2001,David Mitchell,david.mitchell39@example.com,Female,47.0,Consumer,South,2023-11-25
2002,Michelle Gonzalez,michelle.gonzalez15@example.com,,54.0,Corporate,East,2023-12-07
2003,Michelle Adams,michelle.adams53@example.com,Male,73.0,Consumer,East,2023-03-10
2004,James Hill,james.hill76@example.com,Male,48.0,Consumer,West,2023-10-10
2005,Jeffrey Carter,jeffrey.carter53@example.com,Male,58.0,Corporate,East,2023-06-09
2006,Kevin Ramirez,kevin.ramirez47@example.com,,37.0,Consumer,West,2023-03-12
2007,Timothy Taylor,timothy.taylor58@example.com,Female,44.0,Corporate,East,2023-09-29
2008,Michelle Jones,michelle.jones73@example.com,Female,19.0,Corporate,East,2023-06-17
2009,Lisa Rivera,lisa.rivera21@example.com,Male,24.0,Home Office,Midwest,2023-06-20
2010,Mark Davis,mark.davis33@example.com,Male,35.0,Consumer,East,2023-10-09
2011,Jacob Wright,jacob.wright20@example.com,Female,60.0,Consumer,East,2023-07-26
2012,Jacob Williams,jacob.williams49@example.com,Female,39.0,Corporate,South,2023-01-27
2013,Robert Jones,robert.jones22@example.com,Male,48.0,Corporate,South,2023-07-04
2014,Laura Wright,laura.wright23@example.com,Male,28.0,Consumer,East,2023-10-19
2015,Timothy Miller,timothy.miller90@example.com,Female,63.0,Corporate,West,2023-12-16
2016,Kenneth Thomas,kenneth.thomas62@example.com,,35.0,Corporate,East,2023-04-07
2017,Melissa Scott,melissa.scott40@example.com,,60.0,Consumer,Midwest,2023-09-28
2018,Matthew Thompson,matthew.thompson27@example.com,Female,36.0,Consumer,Midwest,2023-11-12
2019,Jessica Rivera,jessica.rivera63@example.com,Female,,Home Office,South,2023-10-30
2020,Joseph Mitchell,joseph.mitchell42@example.com,Male,55.0,Corporate,West,2023-12-10
2021,Sandra Rodriguez,sandra.rodriguez15@example.com,Male,64.0,Home Office,East,2023-07-22
2022,Robert Wilson,robert.wilson45@example.com,Male,63.0,Consumer,West,2023-12-23
2023,John Clark,john.clark23@example.com,Female,64.0,Consumer,West,2023-03-05
2024,Michelle Lee,michelle.lee62@example.com,Female,30.0,Consumer,West,2023-03-16
2025,Betty Harris,betty.harris55@example.com,Male,35.0,Home Office,East,2023-05-10
2026,John Ramirez,john.ramirez69@example.com,Male,51.0,Home Office,South,2023-07-31
2027,Jessica Jackson,jessica.jackson28@example.com,Male,18.0,Corporate,West,2023-09-29
2028,David Nguyen,david.nguyen68@example.com,Male,62.0,Corporate,East,2023-09-02
2029,Steven Moore,steven.moore30@example.com,Female,19.0,Corporate,East,2023-11-27
2030,Melissa Harris,melissa.harris38@example.com,Male,64.0,Home Office,Midwest,2023-05-11
2031,Timothy Miller,timothy.miller44@example.com,Female,19.0,Consumer,East,2023-02-24
2032,Sandra Jackson,sandra.jackson42@example.com,Male,51.0,Corporate,East,
2033,Jane Lee,jane.lee98@example.com,Female,18.0,Home Office,East,2023-04-06
2034,James Campbell,james.campbell49@example.com,Female,69.0,Consumer,Midwest,2023-04-13
2035,Edward Sanchez,edward.sanchez95@example.com,Female,48.0,Corporate,South,2023-05-06
2036,Mark Williams,mark.williams53@example.com,Male,49.0,Consumer,South,2023-10-15
2037,Jane Hall,jane.hall19@example.com,Male,73.0,Consumer,West,2023-08-28
2038,Paul Wright,paul.wright19@example.com,Female,32.0,Corporate,West,2023-04-22
2039,Michelle Miller,michelle.miller14@example.com,Female,35.0,Consumer,East,2023-08-19
2040,Betty Garcia,betty.garcia53@example.com,Male,34.0,Corporate,East,2023-10-02
2041,Ryan Green,ryan.green40@example.com,,52.0,Corporate,East,2023-12-23
2042,Jeffrey Smith,jeffrey.smith72@example.com,Male,74.0,Corporate,South,2023-02-15
2043,Kenneth Nguyen,kenneth.nguyen39@example.com,Female,,Consumer,East,2023-07-02
2044,Jacob Lewis,jacob.lewis81@example.com,Male,58.0,Consumer,West,2023-12-08
2045,Donna Gonzalez,donna.gonzalez32@example.com,Male,64.0,Corporate,East,2023-04-18
2046,Joseph Rodriguez,joseph.rodriguez47@example.com,Female,26.0,Corporate,East,2023-04-15
2047,Michelle Green,michelle.green48@example.com,Female,22.0,Consumer,Midwest,2023-03-23
2048,Joshua Harris,joshua.harris10@example.com,Male,61.0,Consumer,West,2023-08-04
2049,James Garcia,james.garcia30@example.com,Male,45.0,Consumer,East,2023-03-27
2050,Donna Rivera,donna.rivera76@example.com,Female,28.0,Consumer,East,2023-11-01
2051,Kevin Nelson,kevin.nelson82@example.com,Female,57.0,Corporate,West,2023-08-16
2052,Donna Lee,donna.lee43@example.com,Male,36.0,Consumer,East,2023-10-02
2053,Elizabeth Garcia,elizabeth.garcia84@example.com,Male,32.0,Consumer,South,2023-10-01
2054,Jessica Scott,jessica.scott71@example.com,Male,,Home Office,East,2023-04-29
2055,Robert Thomas,robert.thomas16@example.com,Male,53.0,Home Office,West,2023-09-26
2056,Kevin Garcia,kevin.garcia43@example.com,Male,20.0,Consumer,West,2023-04-16
2057,Robert Anderson,robert.anderson99@example.com,Male,22.0,Consumer,East,2023-11-21
2058,Kevin Garcia,kevin.garcia51@example.com,Female,39.0,Corporate,East,
2059,Jacob Smith,jacob.smith13@example.com,Male,64.0,Home Office,West,2023-06-15
2060,William Carter,william.carter91@example.com,Male,48.0,Consumer,South,2023-02-20
2061,Andrew Wright,andrew.wright92@example.com,Male,40.0,Consumer,West,2023-12-11
2062,Jessica Allen,jessica.allen92@example.com,Female,23.0,Corporate,Midwest,2023-03-17
2063,George Nelson,george.nelson83@example.com,Female,67.0,Corporate,South,2023-03-31
2064,Jacob Jackson,jacob.jackson74@example.com,Male,48.0,Corporate,Midwest,2023-08-11
2065,Elizabeth Johnson,elizabeth.johnson15@example.com,Male,74.0,Consumer,East,2023-06-26
2066,Edward Perez,edward.perez21@example.com,Female,43.0,Consumer,East,2023-03-04
2067,Sandra Clark,sandra.clark29@example.com,Male,41.0,Corporate,West,2023-07-07
2068,Carol Hernandez,carol.hernandez83@example.com,Male,20.0,Consumer,East,2023-01-28
2069,Paul Wilson,paul.wilson40@example.com,Female,68.0,Corporate,East,2023-11-16
2070,Gary Green,gary.green77@example.com,Male,-5.0,Corporate,West,2023-07-20
2071,Daniel King,daniel.king25@example.com,Male,64.0,Consumer,East,2023-11-26
2072,Lisa Scott,lisa.scott70@example.com,Male,42.0,Consumer,South,2023-04-07
2073,Amy Adams,amy.adams18@example.com,Male,22.0,Home Office,West,2023-07-24
2074,Brenda Baker,brenda.baker47@example.com,Female,28.0,Consumer,West,
2075,Paul Carter,paul.carter26@example.com,Female,37.0,Corporate,South,2023-05-09
2076,Sarah Robinson,sarah.robinson15@example.com,Female,58.0,Consumer,East,2023-07-01
2077,Jacob White,jacob.white47@example.com,Male,68.0,Corporate,West,2023-12-12
2078,Michelle Perez,michelle.perez79@example.com,Female,73.0,Consumer,East,2023-01-12
2079,Ronald Garcia,ronald.garcia70@example.com,Female,73.0,Consumer,Midwest,2023-10-22
2080,Amy Allen,amy.allen12@example.com,Male,53.0,Home Office,West,2023-09-23
2081,Lisa Moore,lisa.moore52@example.com,Male,71.0,Consumer,East,2023-12-11
2082,Timothy Perez,timothy.perez14@example.com,Male,36.0,Consumer,West,2023-04-21
2083,Betty Carter,betty.carter55@example.com,Female,74.0,Corporate,West,2023-07-22
2084,Jeffrey Anderson,jeffrey.anderson28@example.com,Male,56.0,Consumer,East,2023-08-27
2085,Jeffrey Davis,jeffrey.davis79@example.com,,33.0,Consumer,East,2023-11-20
2086,Gary Gonzalez,gary.gonzalez73@example.com,Female,32.0,Consumer,Midwest,2023-07-28
2087,Michael Campbell,michael.campbell19@example.com,Female,38.0,Consumer,West,2023-02-18
2088,Elizabeth Allen,elizabeth.allen62@example.com,Male,,Home Office,Midwest,2023-01-14
2089,Jane Nguyen,jane.nguyen23@example.com,Female,26.0,Consumer,South,2023-09-26
2090,John Thomas,john.thomas98@example.com,Female,49.0,Consumer,East,2023-05-26
2091,George Davis,george.davis63@example.com,Male,57.0,Consumer,South,2023-03-10
2092,Emily Jones,emily.jones49@example.com,Male,58.0,Corporate,East,2023-05-27
2093,James Wright,james.wright47@example.com,Female,39.0,Consumer,West,2023-10-28
2094,Robert Carter,robert.carter62@example.com,Male,56.0,Consumer,West,2023-03-17
2095,David Thomas,david.thomas67@example.com,Female,23.0,Corporate,South,2023-01-19
2096,Timothy Mitchell,timothy.mitchell47@example.com,Female,20.0,Corporate,Midwest,2023-11-19
2097,Jane Roberts,jane.roberts53@example.com,Female,68.0,Consumer,South,2023-09-23
2098,Timothy Miller,timothy.miller24@example.com,Female,19.0,Corporate,East,2023-04-09
2099,Emily King,emily.king36@example.com,Female,23.0,Consumer,East,2023-01-14
2100,Steven Martinez,steven.martinez97@example.com,Female,31.0,Consumer,West,2023-03-31
2101,Gary Wilson,gary.wilson42@example.com,Female,,Corporate,East,2023-10-09
2102,Lisa Ramirez,lisa.ramirez83@example.com,Female,53.0,Consumer,Midwest,2023-03-15
2103,Brenda Wilson,brenda.wilson77@example.com,Female,20.0,Consumer,West,2023-06-05
2104,Mary Smith,mary.smith77@example.com,Male,33.0,Consumer,West,2023-12-08
2105,Mary Mitchell,mary.mitchell77@example.com,Male,59.0,Consumer,East,2023-03-05
2106,Emily Miller,emily.miller95@example.com,Male,21.0,Consumer,West,2023-10-17
2107,Angela Rivera,angela.rivera18@example.com,Female,19.0,Consumer,East,2023-08-20
2108,Daniel Nguyen,daniel.nguyen31@example.com,Female,54.0,Corporate,South,2023-12-03
2109,Matthew Scott,matthew.scott92@example.com,Female,51.0,Consumer,West,2023-10-02
2110,Michelle Nguyen,michelle.nguyen59@example.com,Male,54.0,Corporate,East,2023-01-11
2111,Gary Allen,gary.allen49@example.com,Male,74.0,Consumer,West,2023-04-05
2112,Gary Anderson,gary.anderson47@example.com,Female,53.0,Home Office,South,2023-01-29
2113,Paul Flores,paul.flores99@example.com,,27.0,Consumer,South,2023-03-02
2114,Elizabeth Carter,elizabeth.carter63@example.com,Male,29.0,Consumer,West,2023-06-08
2115,Mary Campbell,mary.campbell39@example.com,Male,60.0,Consumer,East,2023-07-05
2116,Nicole Thomas,nicole.thomas76@example.com,Male,36.0,Corporate,West,2023-06-26
2117,Paul Nelson,paul.nelson25@example.com,Female,53.0,Consumer,Midwest,2023-03-17
2118,Laura Nguyen,laura.nguyen55@example.com,Male,35.0,Consumer,East,2023-10-09
2119,Steven Torres,steven.torres58@example.com,Male,31.0,Consumer,South,
2120,Joshua Ramirez,joshua.ramirez22@example.com,Male,69.0,Corporate,East,2023-10-20
2121,Ruth Carter,ruth.carter25@example.com,Male,43.0,Corporate,West,2023-05-04
2122,Angela Roberts,angela.roberts49@example.com,Female,20.0,Corporate,West,2023-03-26
2123,Joshua Carter,joshua.carter38@example.com,,50.0,Consumer,Midwest,2023-07-20
2124,Steven Jones,steven.jones17@example.com,Female,22.0,Consumer,East,2023-04-09
2125,Brenda Perez,brenda.perez13@example.com,,-5.0,Consumer,Midwest,2023-05-23
2126,Sarah Jackson,sarah.jackson90@example.com,Female,,Consumer,East,2023-04-01
2127,Edward King,edward.king35@example.com,Female,58.0,Consumer,West,2023-07-08
2128,Thomas Green,thomas.green45@example.com,Female,56.0,Consumer,South,2023-03-25
2129,Emily Rivera,emily.rivera67@example.com,Female,44.0,Home Office,West,2023-11-02
2130,Robert Thompson,robert.thompson12@example.com,Male,49.0,Consumer,West,2023-08-31
2131,Steven Brown,steven.brown30@example.com,Male,34.0,Consumer,Midwest,
2132,Amy Baker,amy.baker78@example.com,Male,47.0,Consumer,West,2023-03-09
2133,Mark Thompson,mark.thompson31@example.com,Female,52.0,Corporate,West,2023-08-26
2134,John Wilson,john.wilson31@example.com,Male,18.0,Corporate,East,2023-04-23
2135,Jacob Ramirez,jacob.ramirez40@example.com,Female,49.0,Corporate,Midwest,2023-06-26
2136,Steven Davis,steven.davis34@example.com,Male,52.0,Corporate,Midwest,2023-05-16
2137,Angela Brown,angela.brown31@example.com,Female,,Consumer,West,2023-05-31
2138,Kenneth Williams,kenneth.williams22@example.com,Female,33.0,Corporate,West,2023-12-16
2139,Daniel Miller,daniel.miller60@example.com,Male,75.0,Consumer,East,2023-09-13
2140,Ronald Allen,ronald.allen31@example.com,Male,,Consumer,West,2023-02-17
2141,Melissa Nguyen,melissa.nguyen78@example.com,Male,34.0,Consumer,South,2023-08-03
2142,William Torres,william.torres79@example.com,Female,61.0,Consumer,East,2023-04-30
2143,Jacob Ramirez,jacob.ramirez39@example.com,Male,72.0,Consumer,West,2023-10-06
2144,Gary Lee,gary.lee62@example.com,,66.0,Home Office,West,2023-01-12
2145,Melissa Hall,melissa.hall85@example.com,Female,25.0,Consumer,South,2023-12-25
2146,Emily Sanchez,emily.sanchez73@example.com,Female,69.0,Consumer,East,2023-01-08
2147,Michelle Carter,michelle.carter10@example.com,Male,71.0,Consumer,Midwest,2023-04-25
2148,Edward Thompson,edward.thompson51@example.com,Male,61.0,Consumer,East,2023-07-07
2149,John Roberts,john.roberts52@example.com,Female,61.0,Consumer,East,2023-10-19
2150,Karen Campbell,karen.campbell19@example.com,Male,-12.0,Consumer,West,2023-07-23
2151,Elizabeth Carter,elizabeth.carter86@example.com,Female,57.0,Consumer,Midwest,2023-05-28
2152,Kevin Johnson,kevin.johnson30@example.com,Male,69.0,Corporate,West,2023-11-06
2153,Timothy Campbell,timothy.campbell39@example.com,Female,56.0,Corporate,East,2023-05-09
2154,Kenneth Jackson,kenneth.jackson92@example.com,Female,57.0,Consumer,West,2023-11-19
2155,David Adams,david.adams20@example.com,Female,50.0,Corporate,South,2023-01-19
2156,Timothy Adams,timothy.adams66@example.com,Male,52.0,Consumer,Midwest,2023-07-19
2157,Joshua Gonzalez,joshua.gonzalez79@example.com,Male,,Consumer,Midwest,2023-05-21
2158,Steven Roberts,steven.roberts19@example.com,Male,60.0,Home Office,East,2023-09-11
2159,Brenda Wright,brenda.wright73@example.com,Male,54.0,Corporate,East,2023-09-16
2160,Melissa Rivera,melissa.rivera29@example.com,Male,54.0,Consumer,West,2023-01-20
2161,Nicole Wright,nicole.wright50@example.com,Male,29.0,Consumer,Midwest,2023-05-02
2162,Michelle Brown,michelle.brown99@example.com,Male,73.0,Corporate,West,2023-07-19
2163,Steven Campbell,steven.campbell89@example.com,Female,19.0,Corporate,Midwest,2023-03-27
2164,Donna Wright,donna.wright32@example.com,Female,35.0,Consumer,Midwest,2023-09-26
2165,Laura Robinson,laura.robinson85@example.com,Male,70.0,Consumer,South,2023-04-06
2166,Edward Thomas,edward.thomas91@example.com,Female,71.0,Consumer,East,2023-04-10
2167,Kevin Torres,kevin.torres23@example.com,Male,61.0,Consumer,West,2023-06-17
2168,Lisa Wright,lisa.wright53@example.com,Female,39.0,Consumer,East,2023-10-22
2169,William Sanchez,william.sanchez85@example.com,Male,56.0,Consumer,Midwest,2023-07-09
2170,James Anderson,james.anderson74@example.com,Female,19.0,Consumer,East,2023-09-08
2171,Amy Taylor,amy.taylor59@example.com,Female,,Consumer,East,2023-09-07
2172,Gary Baker,gary.baker46@example.com,Male,,Corporate,South,2023-11-16
2173,Jessica Baker,jessica.baker75@example.com,Male,25.0,Consumer,West,2023-11-03
2174,Joshua Hernandez,joshua.hernandez16@example.com,Female,35.0,Corporate,West,2023-02-14
2175,Michelle Wilson,michelle.wilson60@example.com,Female,24.0,Corporate,West,2023-06-17
2176,Joseph Miller,joseph.miller37@example.com,Female,31.0,Corporate,West,2023-09-01
2177,Jeffrey King,jeffrey.king22@example.com,Female,38.0,Consumer,Midwest,2023-11-14
2178,Donna Martinez,donna.martinez99@example.com,Male,67.0,Consumer,West,2023-01-19
2179,Gary Thompson,gary.thompson32@example.com,Male,51.0,Consumer,West,2023-01-31
2180,George Campbell,george.campbell26@example.com,Male,26.0,Consumer,East,2023-09-21
2181,Amy Scott,amy.scott54@example.com,Male,53.0,Consumer,West,2023-08-08
2182,Paul Brown,paul.brown51@example.com,Female,46.0,Corporate,West,2023-05-24
2183,Carol Hernandez,carol.hernandez27@example.com,Female,65.0,Consumer,South,2023-05-24
2184,Kevin Green,kevin.green53@example.com,Female,68.0,Consumer,West,2023-12-31
2185,Brenda Jackson,brenda.jackson32@example.com,Female,25.0,Consumer,East,2023-12-21
2186,Kimberly Perez,kimberly.perez13@example.com,Male,20.0,Consumer,West,2023-06-07
2187,Michelle Green,michelle.green39@example.com,Male,-12.0,Consumer,West,2023-03-01
2188,Mark Lee,mark.lee18@example.com,Female,20.0,Consumer,West,2023-11-21
2189,Edward Ramirez,edward.ramirez81@example.com,Male,36.0,Consumer,South,2023-09-26
2190,Brenda Harris,brenda.harris59@example.com,Female,72.0,Consumer,West,2023-04-24
2191,Kimberly Lewis,kimberly.lewis91@example.com,Female,27.0,Consumer,East,2023-03-08
2192,Michelle Allen,michelle.allen31@example.com,Female,22.0,Consumer,West,2023-03-30
2193,Jason Wright,jason.wright23@example.com,Male,26.0,Home Office,West,2023-03-15
2194,Nicole Smith,nicole.smith90@example.com,Male,,Home Office,East,2023-02-16
2195,Amy Thomas,amy.thomas63@example.com,Male,53.0,Consumer,East,2023-01-13
2196,Kevin Hernandez,kevin.hernandez70@example.com,Male,29.0,Consumer,West,2023-06-29
2197,Joshua Robinson,joshua.robinson51@example.com,Female,35.0,Corporate,East,2023-07-14
2198,Karen Torres,karen.torres14@example.com,Male,67.0,Home Office,South,2023-08-21
2199,Steven Nelson,steven.nelson80@example.com,Male,53.0,Consumer,East,2023-08-14
2200,Jessica Adams,jessica.adams70@example.com,Female,30.0,Consumer,East,2023-04-22
2201,Brian Adams,brian.adams84@example.com,Male,29.0,Consumer,West,2023-10-18
2202,Brenda Wilson,brenda.wilson62@example.com,Male,69.0,Consumer,West,2023-10-27
2203,David Green,david.green48@example.com,Male,28.0,Home Office,South,2023-07-06
2204,Timothy Thomas,timothy.thomas83@example.com,Male,37.0,Home Office,East,2023-03-04
2205,Melissa Campbell,melissa.campbell92@example.com,Female,69.0,Consumer,West,2023-05-07
2206,Jane Torres,jane.torres52@example.com,Female,67.0,Consumer,East,2023-03-01
2207,Lisa Lewis,lisa.lewis87@example.com,Female,,Corporate,West,2023-08-14
2208,David Hernandez,david.hernandez17@example.com,Female,49.0,Consumer,West,2023-04-20
2209,Melissa Rivera,melissa.rivera51@example.com,Male,19.0,Consumer,East,2023-02-20
2210,Robert White,robert.white60@example.com,Male,29.0,Consumer,East,2023-01-23
2211,Daniel Carter,daniel.carter80@example.com,Female,50.0,Consumer,Midwest,2023-08-13
2212,Donald Baker,donald.baker36@example.com,Female,40.0,Consumer,South,2023-11-23
2213,Kevin Sanchez,kevin.sanchez17@example.com,Male,35.0,Consumer,West,2023-05-01
2214,Steven Adams,steven.adams20@example.com,Female,22.0,Consumer,East,2023-03-25
2215,Betty Campbell,betty.campbell83@example.com,Male,,Consumer,South,2023-10-23
2216,William Roberts,william.roberts85@example.com,Male,30.0,Corporate,West,2023-12-01
2217,Ryan Allen,ryan.allen34@example.com,,18.0,Consumer,Midwest,2023-08-29
2218,Sarah Wilson,sarah.wilson97@example.com,Male,25.0,Consumer,East,2023-01-25
2219,Edward Martinez,edward.martinez29@example.com,Male,61.0,Consumer,South,2023-08-24
2220,Paul Robinson,paul.robinson94@example.com,Male,65.0,Home Office,East,2023-03-01
2221,Jessica Harris,jessica.harris61@example.com,Male,,Home Office,South,2023-01-17
2222,Andrew Rodriguez,andrew.rodriguez53@example.com,Female,30.0,Consumer,West,2023-04-20
2223,Michael Jackson,michael.jackson83@example.com,Female,52.0,Consumer,Midwest,
2224,Lisa Robinson,lisa.robinson93@example.com,Female,24.0,Consumer,South,2023-05-25
2225,Lisa Miller,lisa.miller21@example.com,Female,26.0,Consumer,South,2023-01-05
2226,Brian Nelson,brian.nelson51@example.com,Male,42.0,Consumer,West,2023-10-30
2227,Joseph Hall,joseph.hall56@example.com,Female,71.0,Corporate,South,2023-12-02
2228,John Wilson,john.wilson95@example.com,Female,62.0,Home Office,East,2023-01-09
2229,Gary Miller,gary.miller39@example.com,Male,30.0,Corporate,East,2023-07-03
2230,Mary Lee,mary.lee79@example.com,Female,26.0,Consumer,West,2023-01-14
2231,Daniel Jones,daniel.jones29@example.com,,21.0,Consumer,West,2023-07-05
2232,Brenda Hernandez,brenda.hernandez71@example.com,Female,28.0,Home Office,East,2023-02-01
2233,Andrew Campbell,andrew.campbell20@example.com,Male,26.0,Corporate,West,2023-05-25
2234,Amy Adams,amy.adams23@example.com,Female,28.0,Consumer,East,2023-12-17
2235,Edward Adams,edward.adams10@example.com,Female,,Home Office,Midwest,2023-01-09
2236,Brenda White,brenda.white61@example.com,Female,75.0,Home Office,Midwest,2023-11-15
2237,David White,david.white66@example.com,Female,45.0,Consumer,West,2023-05-07
2238,Daniel Walker,daniel.walker23@example.com,Female,18.0,Corporate,West,2023-10-12
2239,Emily Roberts,emily.roberts25@example.com,Male,,Consumer,West,
2240,Ryan Clark,ryan.clark80@example.com,Female,66.0,Consumer,West,2023-09-08
2241,William Ramirez,william.ramirez76@example.com,,,Consumer,West,2023-12-10
2242,Michelle Lewis,michelle.lewis23@example.com,Male,24.0,Consumer,West,2023-12-27
2243,Emily Robinson,emily.robinson20@example.com,Male,24.0,Consumer,South,2023-08-25
2244,Jason Anderson,jason.anderson52@example.com,,,Consumer,West,2023-07-04
2245,Amy Moore,amy.moore72@example.com,Female,63.0,Corporate,West,2023-01-09
2246,Brian Ramirez,brian.ramirez33@example.com,Female,63.0,Consumer,South,2023-05-10
2247,Melissa Johnson,melissa.johnson36@example.com,Male,60.0,Consumer,South,2023-04-13
2248,George Sanchez,george.sanchez30@example.com,Female,71.0,Corporate,West,2023-07-21
2249,Kimberly Martinez,kimberly.martinez20@example.com,Male,71.0,Consumer,East,2023-09-01
2250,Jane Williams,jane.williams17@example.com,Female,24.0,Consumer,West,2023-06-19
2251,Edward Nguyen,edward.nguyen13@example.com,Male,,Consumer,West,2023-12-08
2252,Elizabeth Davis,elizabeth.davis42@example.com,,34.0,Consumer,East,2023-10-06
2253,Gary Scott,gary.scott18@example.com,Female,38.0,Consumer,East,2023-12-29
2254,David Lee,david.lee32@example.com,,50.0,Corporate,East,2023-10-29
2255,Carol Adams,carol.adams86@example.com,Female,51.0,Consumer,Midwest,2023-11-24
2256,Thomas Adams,thomas.adams18@example.com,Female,70.0,Consumer,West,2023-11-05
2257,Mary Mitchell,mary.mitchell47@example.com,Female,27.0,Consumer,West,2023-05-27
2258,Emily Young,emily.young71@example.com,Male,29.0,Consumer,West,2023-08-12
2259,Lisa Wilson,lisa.wilson98@example.com,Female,25.0,Consumer,Midwest,2023-08-17
2260,John Jones,john.jones43@example.com,Female,60.0,Consumer,East,2023-04-20
2261,Elizabeth Brown,elizabeth.brown75@example.com,Male,44.0,Home Office,West,2023-03-23
2262,Ronald Nelson,ronald.nelson94@example.com,,58.0,Home Office,West,2023-10-07
2263,Sarah Thomas,sarah.thomas57@example.com,Female,75.0,Corporate,West,2023-08-16
2264,Jane Campbell,jane.campbell78@example.com,Female,50.0,Corporate,Midwest,2023-02-06
2265,Kevin Sanchez,kevin.sanchez43@example.com,Male,25.0,Consumer,East,2023-07-02
2266,Amy Allen,amy.allen39@example.com,Female,41.0,Consumer,East,2023-01-06
2267,Kevin Lopez,kevin.lopez17@example.com,Female,44.0,Consumer,East,2023-08-31
2268,Ronald Garcia,ronald.garcia33@example.com,Female,37.0,Consumer,West,2023-02-16
2269,Jacob Adams,jacob.adams95@example.com,Male,49.0,Consumer,West,2023-10-30
2270,Donna Hernandez,donna.hernandez86@example.com,Male,66.0,Consumer,East,2023-12-10
2271,Joshua Nelson,joshua.nelson91@example.com,,,Consumer,West,2024-01-01
2272,Jessica Taylor,jessica.taylor21@example.com,Female,45.0,Consumer,East,2023-10-10
2273,Nicole Thomas,nicole.thomas32@example.com,Male,42.0,Consumer,South,2023-08-24
2274,Angela Nelson,angela.nelson95@example.com,Male,20.0,Consumer,West,2023-08-04
2275,Timothy Green,timothy.green46@example.com,Female,33.0,Corporate,South,2023-11-10
2276,Kimberly Johnson,kimberly.johnson44@example.com,Female,46.0,Home Office,East,
2277,Mary Perez,mary.perez23@example.com,Male,40.0,Consumer,Midwest,2023-05-05
2278,Edward Clark,edward.clark45@example.com,Male,,Consumer,West,2023-04-24
2279,Donna Wright,donna.wright61@example.com,Male,74.0,Corporate,South,2023-05-13
2280,Laura Walker,laura.walker29@example.com,Female,22.0,Home Office,Midwest,2023-11-16
2281,David Garcia,david.garcia48@example.com,,25.0,Corporate,East,2023-05-08
2282,Donald Nelson,donald.nelson86@example.com,Male,73.0,Home Office,East,2023-07-28
2283,James Anderson,james.anderson37@example.com,Female,39.0,Consumer,Midwest,2023-05-08
2284,Michael Taylor,michael.taylor51@example.com,Male,67.0,Consumer,East,2023-01-12
2285,William White,william.white45@example.com,Female,25.0,Consumer,Midwest,2023-08-08
2286,Mark Adams,mark.adams14@example.com,Female,68.0,Consumer,South,2023-07-25
2287,David Walker,david.walker71@example.com,Male,26.0,Consumer,South,2023-11-01
2288,Kevin Torres,kevin.torres79@example.com,Male,47.0,Corporate,East,2023-03-16
2289,James Moore,james.moore20@example.com,Female,24.0,Consumer,East,2023-06-17
2290,Brenda Lopez,brenda.lopez60@example.com,Female,57.0,Home Office,West,2023-11-13
2291,Sandra Hall,sandra.hall84@example.com,Female,50.0,Home Office,East,2023-06-09
2292,Timothy Garcia,timothy.garcia51@example.com,Female,69.0,Corporate,South,2023-02-26
2293,Jessica Flores,jessica.flores27@example.com,Male,,Corporate,Midwest,2023-09-02
2294,Michelle Thomas,michelle.thomas99@example.com,Male,22.0,Consumer,East,2023-08-05
2295,Gary Campbell,gary.campbell17@example.com,Female,38.0,Corporate,South,2023-12-30
2296,Nicole Rodriguez,nicole.rodriguez22@example.com,Female,56.0,Consumer,East,2023-09-06
2297,John Brown,john.brown13@example.com,Female,37.0,Consumer,East,2023-10-25
2298,Daniel Lopez,daniel.lopez16@example.com,Female,61.0,Consumer,West,2023-10-13
2299,Brenda Ramirez,brenda.ramirez65@example.com,Male,45.0,Corporate,East,2023-01-08
2300,Carol Lee,carol.lee64@example.com,Female,39.0,Consumer,East,2023-01-15
2301,Brian Lewis,brian.lewis49@example.com,Male,50.0,Consumer,South,2023-01-15
2302,Kimberly Rodriguez,kimberly.rodriguez41@example.com,Female,43.0,Home Office,West,2023-03-08
2303,Edward Lopez,edward.lopez63@example.com,Female,,Corporate,Midwest,2023-06-21
2304,George Hill,george.hill54@example.com,Male,,Corporate,East,2023-08-06
2305,William Lopez,william.lopez25@example.com,Female,66.0,Home Office,West,2023-08-08
2306,Joshua Hall,joshua.hall94@example.com,Female,38.0,Consumer,East,2023-07-19
2307,Jane Miller,jane.miller20@example.com,Male,72.0,Consumer,East,2023-05-09
2308,Kevin King,kevin.king91@example.com,Male,,Consumer,East,2023-10-02
2309,John Miller,john.miller70@example.com,Female,49.0,Corporate,Midwest,2023-03-07
2310,Joseph Garcia,joseph.garcia32@example.com,Female,68.0,Consumer,Midwest,2023-05-20
2311,Andrew Rodriguez,andrew.rodriguez62@example.com,Male,45.0,Home Office,South,2023-02-26
2312,William Brown,william.brown36@example.com,Male,74.0,Consumer,South,2023-04-27
2313,Kimberly Thompson,kimberly.thompson99@example.com,Female,52.0,Home Office,South,2023-10-11
2314,Donald Green,donald.green31@example.com,Female,29.0,Consumer,West,2023-03-05
2315,Ronald Scott,ronald.scott98@example.com,Female,41.0,Corporate,West,2023-05-18
2316,Emily Williams,emily.williams96@example.com,Female,41.0,Consumer,East,2023-08-28
2317,Ruth Mitchell,ruth.mitchell28@example.com,Male,30.0,Corporate,Midwest,2024-01-01
2318,Andrew Jackson,andrew.jackson78@example.com,Female,57.0,Consumer,Midwest,2023-02-13
2319,Andrew Lewis,andrew.lewis60@example.com,Male,59.0,Consumer,South,2023-03-27
2320,Melissa Hernandez,melissa.hernandez13@example.com,Female,70.0,Corporate,South,2023-09-01
2321,Donald Rivera,donald.rivera11@example.com,Male,22.0,Home Office,East,2023-07-18
2322,Sandra Williams,sandra.williams42@example.com,Male,,Home Office,East,2023-04-28
2323,Mark Campbell,mark.campbell79@example.com,Male,75.0,Corporate,South,2023-04-28
2324,Carol Smith,carol.smith14@example.com,Male,63.0,Corporate,East,2023-08-14
2325,Joshua Allen,joshua.allen46@example.com,Male,40.0,Home Office,East,2023-05-23
2326,Daniel Taylor,daniel.taylor95@example.com,Female,21.0,Consumer,South,2023-04-18
2327,Kevin White,kevin.white98@example.com,,31.0,Consumer,South,2023-10-10
2328,James Smith,james.smith92@example.com,Female,56.0,Consumer,East,2023-10-02
2329,Elizabeth Allen,elizabeth.allen75@example.com,Female,54.0,Corporate,West,2023-10-28
2330,Amy Allen,amy.allen29@example.com,Male,38.0,Consumer,South,2023-12-26
2331,Robert Walker,robert.walker23@example.com,Female,34.0,Consumer,West,2023-01-19
2332,Sarah Campbell,sarah.campbell86@example.com,Female,29.0,Consumer,South,2023-04-15
2333,Mary Adams,mary.adams38@example.com,Male,33.0,Corporate,South,2023-02-22
2334,Karen Davis,karen.davis92@example.com,Female,,Consumer,South,2023-03-22
2335,Brian Wilson,brian.wilson32@example.com,Male,53.0,Corporate,South,2023-03-27
2336,Karen Davis,karen.davis15@example.com,Male,29.0,Consumer,Midwest,2023-01-09
2337,David Hall,david.hall76@example.com,Female,20.0,Corporate,East,2023-09-18
2338,Edward Hill,edward.hill95@example.com,Female,25.0,Consumer,Midwest,
2339,Sarah Jackson,sarah.jackson34@example.com,Male,64.0,Consumer,Midwest,2023-10-11
2340,Matthew Lee,matthew.lee93@example.com,Male,66.0,Corporate,West,2023-09-05
2341,Donna Clark,donna.clark80@example.com,Male,44.0,Consumer,East,2023-10-29
2342,Mark Baker,mark.baker22@example.com,,67.0,Home Office,East,2023-08-23
2343,Jacob Sanchez,jacob.sanchez33@example.com,,35.0,Corporate,West,2023-10-29
2344,Steven Lewis,steven.lewis19@example.com,Male,75.0,Consumer,East,2023-08-05
2345,Donna Garcia,donna.garcia19@example.com,,41.0,Consumer,Midwest,2023-02-14
2346,Jason Garcia,jason.garcia38@example.com,Male,52.0,Consumer,West,2023-07-24
2347,Brenda Nguyen,brenda.nguyen44@example.com,Female,,Consumer,West,2023-07-08
2348,Gary Scott,gary.scott34@example.com,Male,27.0,Consumer,Midwest,2023-10-18
2349,Brian Flores,brian.flores61@example.com,Female,51.0,Consumer,West,2023-08-10
2350,Mary Scott,mary.scott76@example.com,Male,61.0,Consumer,Midwest,2023-09-06
2351,Brenda Jones,brenda.jones56@example.com,,45.0,Consumer,East,2023-08-21
2352,David Torres,david.torres68@example.com,Male,33.0,Corporate,West,2023-02-14
2353,Robert Ramirez,robert.ramirez99@example.com,Female,58.0,Consumer,West,2023-10-14
2354,Lisa Harris,lisa.harris11@example.com,Male,18.0,Corporate,East,2023-10-20
2355,Michelle Rodriguez,michelle.rodriguez19@example.com,Female,38.0,Corporate,West,2023-03-02
2356,Elizabeth Young,elizabeth.young68@example.com,Male,26.0,Consumer,West,2023-07-17
2357,George Lopez,george.lopez19@example.com,Male,56.0,Consumer,South,2023-07-26
2358,Robert Ramirez,robert.ramirez44@example.com,Male,48.0,Consumer,East,2023-10-28
2359,David Lewis,david.lewis16@example.com,Female,41.0,Consumer,Midwest,2023-03-09
2360,James Scott,james.scott54@example.com,Female,71.0,Consumer,Midwest,2023-08-11
2361,Gary Allen,gary.allen26@example.com,,26.0,Consumer,East,2023-07-07
2362,Melissa Smith,melissa.smith83@example.com,,22.0,Consumer,West,2023-04-23
2363,Jason Perez,jason.perez62@example.com,Male,31.0,Consumer,East,2023-05-23
2364,Joshua Lopez,joshua.lopez74@example.com,Female,74.0,Home Office,South,2023-01-03
2365,Emily Garcia,emily.garcia72@example.com,Male,34.0,Corporate,East,2023-05-04
2366,Sarah Rodriguez,sarah.rodriguez63@example.com,,52.0,Consumer,East,2023-07-11
2367,John Walker,john.walker18@example.com,,53.0,Corporate,Midwest,2023-01-31
2368,Sarah Davis,sarah.davis83@example.com,Male,72.0,Consumer,East,2023-02-25
2369,Ronald Garcia,ronald.garcia50@example.com,Male,20.0,Consumer,East,2023-04-27
2370,Andrew Brown,andrew.brown82@example.com,Male,,Consumer,West,2023-08-09
2371,Angela Lee,angela.lee97@example.com,,34.0,Corporate,East,2023-12-01
2372,Sarah Allen,sarah.allen83@example.com,Female,32.0,Consumer,Midwest,2023-03-14
2373,Brian King,brian.king69@example.com,Male,44.0,Consumer,East,2023-11-01
2374,Daniel Moore,daniel.moore70@example.com,Female,23.0,Consumer,East,2023-09-21
2375,Karen Walker,karen.walker35@example.com,Male,67.0,Consumer,South,2023-02-06
2376,Michael Taylor,michael.taylor52@example.com,,53.0,Consumer,West,2023-07-26
2377,Thomas Baker,thomas.baker33@example.com,,31.0,Corporate,West,2023-07-04
2378,Andrew Taylor,andrew.taylor77@example.com,Male,27.0,Home Office,Midwest,2023-01-31
2379,Laura Moore,laura.moore79@example.com,Female,55.0,Consumer,South,2023-05-09
2380,Carol Wright,carol.wright74@example.com,Female,38.0,Consumer,Midwest,2023-07-15
2381,Edward Martin,edward.martin61@example.com,Male,21.0,Consumer,Midwest,2023-08-16
2382,Donna Rivera,donna.rivera16@example.com,Female,40.0,Corporate,East,2023-07-23
2383,William Wilson,william.wilson82@example.com,Male,52.0,Consumer,Midwest,2023-06-16
2384,James Williams,james.williams73@example.com,Female,60.0,Home Office,East,2023-02-22
2385,Thomas Miller,thomas.miller20@example.com,Female,42.0,Corporate,East,2023-12-18
2386,Jane Martinez,jane.martinez52@example.com,Female,21.0,Consumer,West,2023-04-01
2387,William Green,william.green13@example.com,Female,38.0,Consumer,South,2023-05-18
2388,Timothy Garcia,timothy.garcia97@example.com,Male,60.0,Consumer,South,2023-08-13
2389,Mark Torres,mark.torres55@example.com,Male,,Consumer,East,2023-12-25
2390,Emily Garcia,emily.garcia50@example.com,Male,29.0,Consumer,East,2023-06-27
2391,Nicole Baker,nicole.baker97@example.com,Female,57.0,Consumer,East,2023-08-13
2392,Matthew Williams,matthew.williams73@example.com,Female,72.0,Consumer,East,2023-11-01
2393,Mary Brown,mary.brown55@example.com,Female,32.0,Consumer,West,2023-02-03
2394,Emily Smith,emily.smith60@example.com,Male,67.0,Home Office,Midwest,2023-04-15
2395,Timothy Nguyen,timothy.nguyen25@example.com,,20.0,Consumer,East,2023-08-08
2396,Michael Allen,michael.allen88@example.com,Female,140.0,Consumer,Midwest,2023-02-18
2397,Thomas Adams,thomas.adams53@example.com,Male,40.0,Consumer,East,2023-05-05
2398,Michelle Baker,michelle.baker82@example.com,Male,22.0,Consumer,East,2023-07-28
2399,Melissa Torres,melissa.torres83@example.com,,,Consumer,South,2023-10-08
2400,Emily Jones,emily.jones79@example.com,Female,20.0,Consumer,West,2023-05-04
2401,Joshua Allen,joshua.allen44@example.com,Male,31.0,Consumer,East,2023-10-19
2402,Matthew Martin,matthew.martin84@example.com,Female,19.0,Home Office,East,
2403,Melissa Robinson,melissa.robinson58@example.com,Male,18.0,Corporate,West,2023-11-21
2404,Donald Smith,donald.smith19@example.com,Female,26.0,Consumer,Midwest,2023-04-05
2405,Matthew Miller,matthew.miller68@example.com,Male,58.0,Consumer,Midwest,2023-10-21
2406,Timothy Roberts,timothy.roberts29@example.com,Male,72.0,Consumer,Midwest,2023-01-08
2407,Ryan Williams,ryan.williams83@example.com,,44.0,Consumer,West,2023-01-24
2408,Donald Thomas,donald.thomas10@example.com,Female,33.0,Corporate,Midwest,
2409,Jessica Garcia,jessica.garcia59@example.com,Male,57.0,Home Office,South,2023-05-25
2410,Gary Perez,gary.perez68@example.com,Female,54.0,Home Office,East,2023-02-14
2411,William Nguyen,william.nguyen85@example.com,Female,20.0,Consumer,East,2023-05-04
2412,Paul Nelson,paul.nelson32@example.com,Male,40.0,Consumer,West,2023-02-09
2413,Daniel Robinson,daniel.robinson69@example.com,Male,,Consumer,East,2023-02-16
2414,Donald Hernandez,donald.hernandez38@example.com,Male,45.0,Corporate,East,2023-03-28
2415,James Adams,james.adams87@example.com,Male,-5.0,Consumer,West,2023-09-08
2416,Jeffrey Smith,jeffrey.smith97@example.com,Male,67.0,Corporate,South,2023-08-12
2417,Betty Wright,betty.wright57@example.com,Male,74.0,Corporate,East,2023-08-26
2418,Timothy Walker,timothy.walker31@example.com,Male,51.0,Consumer,East,2023-01-26
2419,Jacob Roberts,jacob.roberts53@example.com,Female,69.0,Consumer,West,2023-04-21
2420,David Scott,david.scott58@example.com,Male,55.0,Consumer,East,2023-03-30
2421,Kenneth Moore,kenneth.moore52@example.com,Female,60.0,Home Office,Midwest,2023-09-21
2422,Robert Hernandez,robert.hernandez71@example.com,Male,31.0,Consumer,East,2023-10-02
2423,Robert Green,robert.green39@example.com,Male,,Consumer,West,2023-05-23
2424,Melissa Moore,melissa.moore93@example.com,Male,73.0,Home Office,East,2023-02-26
2425,David Clark,david.clark56@example.com,Male,61.0,Corporate,East,2023-11-18
2426,Ryan Smith,ryan.smith26@example.com,,21.0,Home Office,West,2024-01-01
2427,Timothy Martinez,timothy.martinez38@example.com,Male,49.0,Corporate,East,2023-03-07
2428,Timothy Miller,timothy.miller41@example.com,Male,,Corporate,East,2023-03-08
2429,Kenneth Garcia,kenneth.garcia63@example.com,Male,43.0,Consumer,Midwest,2023-12-16
2430,Emily Thompson,emily.thompson86@example.com,Female,40.0,Home Office,Midwest,2023-10-27
2431,James Flores,james.flores78@example.com,Male,59.0,Corporate,South,2023-11-03
2432,Sarah Clark,sarah.clark97@example.com,Male,42.0,Consumer,East,2023-01-21
2433,William Nguyen,william.nguyen77@example.com,Male,71.0,Consumer,West,2023-10-05
2434,Donna Jones,donna.jones89@example.com,Male,23.0,Consumer,East,2023-04-14
2435,Jessica Clark,jessica.clark72@example.com,,,Consumer,South,2023-07-08
2436,Paul Sanchez,paul.sanchez68@example.com,Male,62.0,Consumer,East,2023-03-20
2437,Sarah Torres,sarah.torres75@example.com,Female,37.0,Consumer,East,2023-05-11
2438,Carol Adams,carol.adams14@example.com,Female,30.0,Consumer,West,2023-11-06
2439,Gary Gonzalez,gary.gonzalez38@example.com,Female,,Corporate,South,2023-07-12
2440,William Robinson,william.robinson34@example.com,Male,45.0,Consumer,South,2023-03-02
2441,Sarah Jackson,sarah.jackson28@example.com,Female,71.0,Consumer,West,2023-12-02
2442,Mary Hall,mary.hall51@example.com,Male,50.0,Corporate,East,2023-11-22
2443,Michael Wright,michael.wright73@example.com,Male,44.0,Consumer,Midwest,2023-05-03
2444,Jeffrey Martin,jeffrey.martin20@example.com,Female,30.0,Consumer,South,2023-05-03
2445,Robert Campbell,robert.campbell46@example.com,Male,60.0,Consumer,South,2023-09-30
2446,Sandra Anderson,sandra.anderson41@example.com,Male,20.0,Consumer,East,2023-05-04
2447,David Garcia,david.garcia56@example.com,Female,41.0,Corporate,East,2023-05-17
2448,Michelle Robinson,michelle.robinson59@example.com,Female,68.0,Consumer,East,2023-10-28
2449,Jason Campbell,jason.campbell44@example.com,Female,41.0,Consumer,East,2023-08-12
2450,Michelle Torres,michelle.torres70@example.com,Female,64.0,Consumer,Midwest,2023-09-15
2451,Steven Jones,steven.jones65@example.com,Female,29.0,Consumer,West,2023-07-09
2452,Jane Wright,jane.wright99@example.com,Female,57.0,Consumer,East,2023-06-06
2453,Kenneth Garcia,kenneth.garcia53@example.com,Female,38.0,Home Office,East,2023-07-10
2454,Brian Harris,brian.harris60@example.com,Female,72.0,Home Office,East,2023-01-07
2455,Elizabeth Moore,elizabeth.moore27@example.com,Male,42.0,Corporate,West,2023-05-27
2456,Emily Nelson,emily.nelson43@example.com,Male,75.0,Home Office,West,2023-08-01
2457,Jessica Martin,jessica.martin50@example.com,Male,21.0,Consumer,East,2023-07-31
2458,Thomas Nelson,thomas.nelson68@example.com,Male,,Consumer,Midwest,2023-03-04
2459,Melissa King,melissa.king55@example.com,Male,23.0,Consumer,West,2023-10-09
2460,Andrew Garcia,andrew.garcia81@example.com,Male,70.0,Corporate,East,2023-05-24
2461,Ryan Lopez,ryan.lopez65@example.com,Female,72.0,Home Office,South,2023-12-14
2462,Melissa Brown,melissa.brown24@example.com,Male,70.0,Consumer,Midwest,2023-12-21
2463,Amy Clark,amy.clark53@example.com,Male,46.0,Consumer,East,2023-03-09
2464,Brian Ramirez,brian.ramirez61@example.com,Female,47.0,Consumer,East,
2465,Donna Brown,donna.brown92@example.com,Female,70.0,Corporate,Midwest,2023-10-02
2466,David Johnson,david.johnson57@example.com,Male,,Consumer,East,2023-09-05
2467,Gary Lopez,gary.lopez26@example.com,,47.0,Home Office,West,2023-04-10
2468,Jessica Ramirez,jessica.ramirez13@example.com,Male,62.0,Consumer,West,2023-04-22
2469,Jacob Sanchez,jacob.sanchez77@example.com,Male,28.0,Home Office,West,2023-04-12
2470,Jessica Gonzalez,jessica.gonzalez58@example.com,Female,51.0,Corporate,South,2023-04-01
2471,Jeffrey Johnson,jeffrey.johnson86@example.com,Female,40.0,Consumer,West,2023-07-11
2472,Brenda Thompson,brenda.thompson94@example.com,Male,27.0,Corporate,West,2023-08-15
2473,Thomas Hall,thomas.hall88@example.com,Male,,Corporate,Midwest,2023-08-31
2474,Timothy Hall,timothy.hall38@example.com,Male,45.0,Corporate,South,2023-09-17
2475,Donald Williams,donald.williams70@example.com,Male,47.0,Corporate,South,2023-04-06
2476,Steven Hill,steven.hill73@example.com,Male,69.0,Consumer,East,2023-04-13
2477,Steven Williams,steven.williams22@example.com,,43.0,Consumer,South,2023-11-27
2478,Mary Anderson,mary.anderson81@example.com,Male,72.0,Consumer,South,2023-11-19
2479,Kimberly Rivera,kimberly.rivera43@example.com,Female,48.0,Consumer,West,2023-08-15
2480,Jacob Taylor,jacob.taylor26@example.com,Male,27.0,Consumer,South,2023-03-24
2481,Jason Allen,jason.allen12@example.com,Female,27.0,Consumer,East,2023-12-10
2482,Ryan Torres,ryan.torres29@example.com,Male,40.0,Consumer,South,2023-07-13
2483,Lisa Flores,lisa.flores53@example.com,Male,33.0,Consumer,East,2023-11-22
2484,Jeffrey Walker,jeffrey.walker41@example.com,,52.0,Home Office,South,2023-07-23
2485,Gary Young,gary.young45@example.com,Male,,Home Office,West,2023-04-28
2486,Mary Martin,mary.martin25@example.com,Female,74.0,Consumer,Midwest,2023-04-23
2487,Gary Harris,gary.harris32@example.com,Male,36.0,Consumer,South,2023-04-28
2488,Brian Campbell,brian.campbell70@example.com,Female,140.0,Consumer,West,2023-01-24
2489,Michelle Lee,michelle.lee42@example.com,Male,60.0,Consumer,East,2023-02-14
2490,Kimberly Campbell,kimberly.campbell44@example.com,,61.0,Consumer,East,2023-08-08
2491,Donna Johnson,donna.johnson82@example.com,Male,42.0,Home Office,East,2023-04-19
2492,Angela Lee,angela.lee67@example.com,Female,21.0,Corporate,South,2023-01-01
2493,Robert Johnson,robert.johnson42@example.com,Male,22.0,Consumer,East,2023-11-30
2494,Melissa Miller,melissa.miller27@example.com,Male,22.0,Corporate,West,2023-10-20
2495,Sandra Carter,sandra.carter65@example.com,Female,54.0,Corporate,South,2023-07-27
2496,Michael Torres,michael.torres76@example.com,Male,49.0,Home Office,West,2023-04-29
2497,Sarah Hill,sarah.hill33@example.com,Female,19.0,Consumer,West,2023-06-23
2498,Timothy Torres,timothy.torres77@example.com,Female,44.0,Consumer,Midwest,2023-11-23
2499,Betty Green,betty.green97@example.com,Female,56.0,Consumer,East,2023-07-15
2500,Ruth Martin,ruth.martin34@example.com,,64.0,Corporate,West,2023-11-23
2501,Ruth Lopez,ruth.lopez39@example.com,Male,55.0,Consumer,West,2023-01-13
2502,Gary Thompson,gary.thompson72@example.com,Female,54.0,Home Office,East,2023-05-26
2503,Joshua Smith,joshua.smith16@example.com,,53.0,Home Office,East,2023-06-06
2504,Carol Wright,carol.wright95@example.com,Female,54.0,Corporate,South,2023-08-19
2505,Carol Garcia,carol.garcia63@example.com,Female,45.0,Consumer,West,2023-01-18
2506,Daniel Perez,daniel.perez14@example.com,,38.0,Consumer,South,2023-08-29
2507,Joseph Williams,joseph.williams85@example.com,Female,57.0,Consumer,West,2023-08-26
2508,Andrew Garcia,andrew.garcia24@example.com,Female,62.0,Consumer,East,2023-06-14
2509,Betty Brown,betty.brown98@example.com,Female,29.0,Consumer,East,2023-02-26
2510,William King,william.king30@example.com,Male,33.0,Consumer,Midwest,2023-06-10
2511,Brenda Jackson,brenda.jackson77@example.com,Female,40.0,Corporate,West,2023-07-31
2512,Ronald Ramirez,ronald.ramirez41@example.com,Female,73.0,Home Office,South,2023-05-30
2513,Ryan Anderson,ryan.anderson49@example.com,Male,37.0,Home Office,West,2023-07-22
2514,Brian Hill,brian.hill85@example.com,Male,72.0,Consumer,East,2023-10-24
2515,Andrew Jackson,andrew.jackson38@example.com,Female,34.0,Corporate,East,
2516,Jacob Baker,jacob.baker94@example.com,Male,21.0,Consumer,West,2023-09-14
2517,Paul Rodriguez,paul.rodriguez87@example.com,Male,60.0,Consumer,West,2023-11-25
2518,Gary King,gary.king84@example.com,Female,28.0,Consumer,West,2023-01-05
2519,Jacob Torres,jacob.torres67@example.com,Male,48.0,Corporate,Midwest,2023-09-03
2520,Mark Martin,mark.martin76@example.com,Female,68.0,Corporate,Midwest,2023-06-22
2521,Joshua Nguyen,joshua.nguyen26@example.com,Male,,Corporate,West,
2522,Carol Moore,carol.moore82@example.com,Female,22.0,Consumer,South,2023-11-09
2523,Thomas Torres,thomas.torres16@example.com,Male,73.0,Corporate,West,2023-03-11
2524,Gary Davis,gary.davis36@example.com,Female,43.0,Consumer,West,2023-09-28
2525,Jason Hill,jason.hill60@example.com,Female,71.0,Consumer,West,2023-01-02
2526,Mary Ramirez,mary.ramirez20@example.com,Male,34.0,Consumer,South,2023-10-10
2527,Carol Gonzalez,carol.gonzalez43@example.com,Female,23.0,Consumer,East,2023-10-05
2528,Mary White,mary.white16@example.com,Female,30.0,Consumer,South,2023-03-22
2529,Ronald Mitchell,ronald.mitchell27@example.com,,37.0,Consumer,East,2023-04-04
2530,Daniel Clark,daniel.clark36@example.com,Male,60.0,Consumer,East,2023-10-24
2531,Paul Allen,paul.allen98@example.com,Female,52.0,Home Office,Midwest,2023-01-17
2532,Mary Adams,mary.adams50@example.com,Male,35.0,Consumer,East,2023-10-26
2533,Emily Martinez,emily.martinez93@example.com,Female,36.0,Corporate,East,2023-05-15
2534,Joseph Williams,joseph.williams48@example.com,Female,,Consumer,East,2023-07-07
2535,Emily Hernandez,emily.hernandez30@example.com,Female,39.0,Home Office,East,2023-06-22
2536,Jeffrey Carter,jeffrey.carter30@example.com,Male,27.0,Consumer,South,2023-04-30
2537,John Rodriguez,john.rodriguez12@example.com,Female,24.0,Consumer,East,2023-01-06
2538,Thomas Johnson,thomas.johnson38@example.com,Female,22.0,Home Office,West,2023-03-04
2539,Ronald Ramirez,ronald.ramirez68@example.com,Male,45.0,Corporate,East,2023-09-02
2540,Brenda Flores,brenda.flores54@example.com,Female,65.0,Consumer,West,2023-05-23
2541,Nicole White,nicole.white36@example.com,,29.0,Consumer,East,2023-10-25
2542,Mary Roberts,mary.roberts43@example.com,Male,31.0,Corporate,East,2023-03-09
2543,Michael Rodriguez,michael.rodriguez79@example.com,Male,69.0,Consumer,West,2023-01-09
2544,Sarah Robinson,sarah.robinson30@example.com,Male,74.0,Corporate,East,2023-08-13
2545,Jeffrey Clark,jeffrey.clark43@example.com,Female,24.0,Consumer,East,2023-09-01
2546,Nicole Green,nicole.green98@example.com,Female,57.0,Consumer,East,2023-11-04
2547,Lisa Taylor,lisa.taylor16@example.com,Male,46.0,Corporate,East,2023-12-13
2548,Joshua Green,joshua.green28@example.com,Male,38.0,Consumer,West,2023-10-27
2549,Timothy Perez,timothy.perez59@example.com,Female,50.0,Corporate,East,2023-03-17
2550,Sandra Young,sandra.young41@example.com,Female,22.0,Consumer,East,2023-02-21
2551,Robert Garcia,robert.garcia21@example.com,Male,50.0,Consumer,West,2023-12-23
2552,Donald Hall,donald.hall80@example.com,Male,75.0,Consumer,East,2023-02-07
2553,Elizabeth Brown,elizabeth.brown72@example.com,Male,32.0,Consumer,East,2023-06-30
2554,James Nguyen,james.nguyen89@example.com,Female,38.0,Consumer,East,2023-02-26
2555,Melissa Miller,melissa.miller32@example.com,Female,65.0,Corporate,Midwest,2023-04-23
2556,Mary Robinson,mary.robinson33@example.com,Female,27.0,Home Office,Midwest,2023-07-12
2557,Lisa Harris,lisa.harris96@example.com,Female,59.0,Corporate,South,2023-04-09
2558,Joseph Mitchell,joseph.mitchell10@example.com,Male,36.0,Consumer,West,2023-08-15
2559,Jane Martin,jane.martin74@example.com,Female,55.0,Consumer,West,2023-01-07
2560,Donna Robinson,donna.robinson12@example.com,Male,57.0,Corporate,East,2023-09-17
2561,Gary Thompson,gary.thompson19@example.com,Female,61.0,Consumer,Midwest,2023-05-12
2562,Brenda Hall,brenda.hall33@example.com,Male,74.0,Consumer,West,2023-06-12
2563,Paul Anderson,paul.anderson44@example.com,Female,68.0,Home Office,West,2023-07-03
2564,Brian Martinez,brian.martinez12@example.com,Female,23.0,Consumer,East,2023-11-06
2565,Robert Johnson,robert.johnson93@example.com,Male,36.0,Consumer,Midwest,2023-06-15
2566,Gary Clark,gary.clark37@example.com,,38.0,Consumer,West,2023-12-25
2567,Angela Sanchez,angela.sanchez39@example.com,Female,69.0,Consumer,East,2023-07-29
2568,Lisa Flores,lisa.flores47@example.com,Male,,Home Office,West,2023-06-21
2569,Ronald Taylor,ronald.taylor89@example.com,Female,31.0,Corporate,East,2023-04-25
2570,Nicole Wright,nicole.wright15@example.com,,72.0,Corporate,Midwest,2023-12-27
2571,William Jones,william.jones92@example.com,Male,71.0,Consumer,East,2023-02-09
2572,Michelle Mitchell,michelle.mitchell47@example.com,Male,52.0,Consumer,South,2023-08-11
2573,Kevin Clark,kevin.clark78@example.com,Female,18.0,Consumer,Midwest,2023-10-26
2574,Jessica King,jessica.king51@example.com,Male,37.0,Corporate,Midwest,2023-12-11
2575,John Williams,john.williams59@example.com,Female,51.0,Corporate,East,2023-06-10
2576,Amy Lee,amy.lee59@example.com,Female,43.0,Consumer,East,2023-03-02
2577,George Ramirez,george.ramirez26@example.com,Male,27.0,Home Office,South,2023-08-12
2578,Karen Lopez,karen.lopez19@example.com,Male,22.0,Corporate,East,2023-03-25
2579,Brenda Taylor,brenda.taylor78@example.com,Male,49.0,Consumer,South,2023-10-18
2580,Gary Hall,gary.hall24@example.com,Female,66.0,Consumer,East,2023-11-09
2581,George Flores,george.flores45@example.com,Male,50.0,Corporate,East,2023-02-26
2582,Ryan Scott,ryan.scott12@example.com,,45.0,Consumer,West,2023-12-19
2583,Ryan Hernandez,ryan.hernandez10@example.com,,30.0,Consumer,Midwest,2023-10-04
2584,Ruth Gonzalez,ruth.gonzalez79@example.com,Male,,Consumer,East,2023-06-17
2585,Lisa Moore,lisa.moore41@example.com,Male,18.0,Consumer,South,2023-10-11
2586,Timothy Hernandez,timothy.hernandez63@example.com,Male,54.0,Consumer,West,2023-02-01
2587,Emily Lewis,emily.lewis60@example.com,Female,47.0,Consumer,East,2023-05-05
2588,Thomas Lopez,thomas.lopez81@example.com,Male,50.0,Consumer,South,2023-07-17
2589,Gary Wilson,gary.wilson37@example.com,Female,23.0,Home Office,East,2023-11-22
2590,Jessica Green,jessica.green79@example.com,Female,47.0,Consumer,Midwest,2023-08-11
2591,Mary Martin,mary.martin23@example.com,,-12.0,Consumer,South,2023-03-22
2592,Joseph Anderson,joseph.anderson87@example.com,Male,29.0,Consumer,Midwest,2023-11-04
2593,Jeffrey Jones,jeffrey.jones77@example.com,Male,75.0,Corporate,Midwest,2023-07-17
2594,James Adams,james.adams15@example.com,Female,28.0,Corporate,West,
2595,Kevin King,kevin.king22@example.com,Female,22.0,Home Office,East,2023-08-28
2596,George Lewis,george.lewis62@example.com,Male,55.0,Consumer,South,2023-10-01
2597,Nicole Thomas,nicole.thomas79@example.com,Female,29.0,Corporate,Midwest,2023-01-09
2598,Jason Campbell,jason.campbell29@example.com,Female,70.0,Consumer,South,2023-07-16
2599,Jacob Hernandez,jacob.hernandez88@example.com,Male,46.0,Corporate,East,2023-11-12
2600,Kenneth Nguyen,kenneth.nguyen82@example.com,Male,32.0,Consumer,East,2023-12-10
2601,Kimberly Green,kimberly.green91@example.com,,37.0,Consumer,Midwest,2023-10-24
2602,George Johnson,george.johnson66@example.com,Female,57.0,Corporate,South,2023-10-30
2603,Carol Jones,carol.jones66@example.com,Female,53.0,Home Office,West,
2604,George Robinson,george.robinson49@example.com,Female,40.0,Corporate,West,2023-10-20
2605,Matthew Sanchez,matthew.sanchez45@example.com,,69.0,Home Office,East,2023-09-16
2606,Carol Davis,carol.davis62@example.com,Female,51.0,Home Office,East,2023-06-25
2607,Betty Sanchez,betty.sanchez84@example.com,Male,36.0,Consumer,South,2023-10-01
2608,Jane Taylor,jane.taylor47@example.com,Male,50.0,Consumer,West,2023-01-06
2609,Mark Hernandez,mark.hernandez25@example.com,Male,26.0,Consumer,South,2023-01-21
2610,Laura Sanchez,laura.sanchez47@example.com,Male,,Consumer,East,2023-05-19
2611,Kevin Taylor,kevin.taylor55@example.com,Male,,Consumer,West,2023-10-21
2612,Mary Gonzalez,mary.gonzalez95@example.com,Female,60.0,Consumer,West,2023-10-10
2613,Sandra Flores,sandra.flores86@example.com,Female,65.0,Consumer,East,2023-10-11
2614,Donald Clark,donald.clark40@example.com,,46.0,Consumer,Midwest,2023-01-07
2615,Emily Smith,emily.smith37@example.com,,42.0,Consumer,West,2023-07-26
2616,James Nguyen,james.nguyen86@example.com,Male,,Corporate,West,2023-07-03
2617,Steven Jackson,steven.jackson22@example.com,Male,52.0,Corporate,West,2023-05-31
2618,Kimberly Lewis,kimberly.lewis82@example.com,,64.0,Consumer,East,2023-12-01
2619,Jessica King,jessica.king70@example.com,Male,,Corporate,South,2023-04-15
2620,Kimberly White,kimberly.white98@example.com,Male,36.0,Consumer,West,2023-05-10
2621,Robert Hill,robert.hill86@example.com,Female,60.0,Home Office,West,2023-08-05
2622,Mary Sanchez,mary.sanchez57@example.com,Male,68.0,Consumer,Midwest,2023-03-01
2623,Mark Thompson,mark.thompson88@example.com,Female,45.0,Corporate,West,2023-04-05
2624,Lisa Davis,lisa.davis87@example.com,,58.0,Corporate,Midwest,2023-05-31
2625,Andrew Johnson,andrew.johnson43@example.com,Female,37.0,Consumer,West,2023-12-17
2626,Mark White,mark.white86@example.com,Female,24.0,Consumer,Midwest,2023-04-29
2627,Kevin Anderson,kevin.anderson50@example.com,,26.0,Corporate,East,2023-06-28
2628,Betty Miller,betty.miller31@example.com,Male,,Home Office,West,2023-03-07
2629,Ronald Lopez,ronald.lopez21@example.com,Male,67.0,Consumer,West,2023-11-24
2630,Karen Green,karen.green69@example.com,Female,52.0,Consumer,Midwest,2023-05-07
2631,Brenda Thompson,brenda.thompson81@example.com,Female,28.0,Consumer,South,2023-12-09
2632,Carol Hernandez,carol.hernandez97@example.com,Male,38.0,Consumer,East,2023-03-01
2633,Kenneth Lee,kenneth.lee72@example.com,Male,21.0,Home Office,West,2023-01-27
2634,Amy Green,amy.green16@example.com,Male,47.0,Consumer,West,2023-08-30
2635,Thomas Carter,thomas.carter56@example.com,Female,37.0,Home Office,East,2023-09-28
2636,Jeffrey Mitchell,jeffrey.mitchell47@example.com,Female,55.0,Consumer,East,2023-10-20
2637,Elizabeth Gonzalez,elizabeth.gonzalez43@example.com,Male,,Consumer,South,2023-09-19
2638,Kevin Johnson,kevin.johnson38@example.com,Male,73.0,Consumer,East,2023-12-19
2639,Joseph Thomas,joseph.thomas92@example.com,Male,20.0,Consumer,East,2023-09-17
2640,Kevin Lopez,kevin.lopez81@example.com,,48.0,Home Office,East,2023-04-11
2641,John Jackson,john.jackson81@example.com,Female,38.0,Home Office,West,2023-08-16
2642,Timothy Martin,timothy.martin62@example.com,Male,64.0,Consumer,Midwest,2023-09-20
2643,Emily Miller,emily.miller75@example.com,Male,61.0,Consumer,South,2023-05-30
2644,Donna Harris,donna.harris73@example.com,Female,42.0,Home Office,East,2023-10-31
2645,Laura Nguyen,laura.nguyen18@example.com,Male,43.0,Consumer,South,2023-11-06
2646,Brian Taylor,brian.taylor58@example.com,Female,75.0,Consumer,East,2023-11-09
2647,Angela Torres,angela.torres84@example.com,Male,52.0,Consumer,East,2023-06-24
2648,Joshua Anderson,joshua.anderson83@example.com,,71.0,Corporate,East,2023-12-29
2649,Ruth Hernandez,ruth.hernandez22@example.com,Female,36.0,Consumer,West,2023-03-29
2650,Nicole Jackson,nicole.jackson59@example.com,Female,75.0,Consumer,East,2023-11-11
2651,Jeffrey Robinson,jeffrey.robinson84@example.com,Male,74.0,Corporate,East,2023-09-09
2652,Ruth Green,ruth.green83@example.com,Male,65.0,Corporate,Midwest,2023-10-31
2653,Emily Lopez,emily.lopez28@example.com,,47.0,Consumer,West,2023-11-08
2654,Ronald Nelson,ronald.nelson90@example.com,Male,52.0,Consumer,West,2023-11-08
2655,Andrew Garcia,andrew.garcia69@example.com,,55.0,Home Office,Midwest,2023-05-15
2656,Ruth Miller,ruth.miller44@example.com,Male,66.0,Consumer,West,2023-09-25
2657,Laura King,laura.king23@example.com,Male,31.0,Home Office,Midwest,2023-06-24
2658,Jacob Ramirez,jacob.ramirez78@example.com,Male,57.0,Consumer,West,2023-09-09
2659,Kevin Garcia,kevin.garcia45@example.com,Female,74.0,Consumer,Midwest,2023-11-13
2660,Ronald Campbell,ronald.campbell83@example.com,Male,46.0,Consumer,West,2023-01-25
2661,Michelle Lee,michelle.lee28@example.com,Female,55.0,Consumer,East,2023-07-11
2662,Sarah Green,sarah.green94@example.com,Male,47.0,Consumer,Midwest,2023-01-07
2663,Gary Nelson,gary.nelson50@example.com,Female,,Consumer,West,2023-03-04
2664,Brian Thomas,brian.thomas84@example.com,,72.0,Consumer,East,2023-10-21
2665,Joshua Martin,joshua.martin27@example.com,Female,33.0,Consumer,West,2023-01-22
2666,Brian Brown,brian.brown98@example.com,Male,63.0,Consumer,East,2023-05-26
2667,Mark Brown,mark.brown27@example.com,Female,22.0,Consumer,East,2023-12-23
2668,Amy Young,amy.young36@example.com,Female,46.0,Home Office,Midwest,2023-12-20
2669,Donald Allen,donald.allen86@example.com,Male,33.0,Consumer,West,2023-01-31
2670,Jason Smith,jason.smith90@example.com,Female,66.0,Home Office,East,2023-08-09
2671,Sarah White,sarah.white91@example.com,Female,23.0,Corporate,Midwest,2023-07-17
2672,Steven Thomas,steven.thomas84@example.com,Male,68.0,Consumer,East,2023-02-21
2673,Steven Jackson,steven.jackson41@example.com,Male,71.0,Home Office,West,2023-05-03
2674,Joshua Young,joshua.young33@example.com,Male,44.0,Consumer,East,2023-11-29
2675,Steven Clark,steven.clark10@example.com,Male,51.0,Consumer,South,2023-05-11
2676,Daniel Jones,daniel.jones97@example.com,Male,57.0,Corporate,Midwest,2023-08-25
2677,Mark Green,mark.green36@example.com,Female,34.0,Consumer,West,2023-07-11
2678,Jessica Williams,jessica.williams34@example.com,Male,31.0,Consumer,West,
2679,Karen Young,karen.young63@example.com,Male,50.0,Consumer,Midwest,2023-05-15
2680,Edward Taylor,edward.taylor96@example.com,Male,55.0,Home Office,West,2023-06-12
2681,Betty Johnson,betty.johnson83@example.com,Male,43.0,Corporate,East,2023-12-04
2682,George Green,george.green98@example.com,Male,52.0,Consumer,South,2023-05-23
2683,Brenda Allen,brenda.allen68@example.com,Female,40.0,Consumer,Midwest,2023-12-28
2684,Sandra Roberts,sandra.roberts52@example.com,Female,49.0,Corporate,West,2023-05-17
2685,Joseph Johnson,joseph.johnson92@example.com,Male,66.0,Corporate,East,2023-05-19
2686,Gary Campbell,gary.campbell14@example.com,Male,66.0,Consumer,East,2023-02-03
2687,Kenneth Young,kenneth.young36@example.com,Female,40.0,Consumer,South,2023-04-24
2688,Jeffrey Anderson,jeffrey.anderson37@example.com,Female,71.0,Consumer,South,2023-04-30
2689,Jason Smith,jason.smith87@example.com,,40.0,Consumer,East,2023-11-23
2690,Paul Johnson,paul.johnson33@example.com,Female,34.0,Corporate,East,2023-01-21
2691,Daniel Jones,daniel.jones93@example.com,Male,57.0,Consumer,West,2023-12-01
2692,Donald Lewis,donald.lewis69@example.com,Female,22.0,Consumer,East,
2693,Jason Hall,jason.hall73@example.com,Female,31.0,Corporate,West,2023-07-10
2694,Gary Thomas,gary.thomas80@example.com,Male,63.0,Consumer,Midwest,2023-02-20
2695,Edward Martinez,edward.martinez28@example.com,Female,,Consumer,Midwest,2023-10-13
2696,Joshua Martinez,joshua.martinez59@example.com,Female,29.0,Consumer,West,2023-09-11
2697,Carol Martinez,carol.martinez33@example.com,Female,62.0,Home Office,West,2023-04-20
2698,Lisa Clark,lisa.clark22@example.com,Male,,Corporate,West,2023-09-27
2699,Kimberly Miller,kimberly.miller98@example.com,Male,27.0,Consumer,West,2023-08-18
2700,Timothy Adams,timothy.adams31@example.com,,67.0,Consumer,Midwest,2023-11-01
2701,Ruth Roberts,ruth.roberts40@example.com,Female,22.0,Consumer,Midwest,2023-04-11
2702,Paul Wright,paul.wright84@example.com,,48.0,Home Office,East,2023-01-16
2703,Emily Miller,emily.miller73@example.com,Female,54.0,Consumer,Midwest,2023-01-14
2704,Elizabeth Wilson,elizabeth.wilson88@example.com,Male,20.0,Home Office,West,2023-03-29
2705,William Garcia,william.garcia23@example.com,Female,65.0,Consumer,West,2023-02-08
2706,Nicole Harris,nicole.harris73@example.com,Male,,Corporate,East,2023-06-11
2707,Jason Roberts,jason.roberts45@example.com,Male,25.0,Corporate,East,2023-10-08
2708,David Walker,david.walker10@example.com,Female,21.0,Consumer,West,2023-03-16
2709,Thomas Carter,thomas.carter48@example.com,Male,27.0,Consumer,East,2023-07-23
2710,John Martinez,john.martinez53@example.com,Female,27.0,Consumer,East,2023-12-07
2711,Jeffrey Johnson,jeffrey.johnson84@example.com,Female,48.0,Consumer,East,2023-07-12
2712,Brenda Johnson,brenda.johnson36@example.com,Female,40.0,Home Office,West,2023-04-26
2713,Robert Walker,robert.walker62@example.com,,70.0,Consumer,West,2023-10-13
2714,Jane Baker,jane.baker27@example.com,Female,40.0,Home Office,East,2023-06-29
2715,Jessica Harris,jessica.harris14@example.com,Male,25.0,Corporate,South,2023-10-02
2716,Angela Garcia,angela.garcia31@example.com,Female,62.0,Corporate,East,2023-11-07
2717,Kevin Clark,kevin.clark42@example.com,Female,50.0,Corporate,East,2023-03-06
2718,Betty Robinson,betty.robinson58@example.com,Male,35.0,Consumer,South,2023-05-13
2719,Jane Allen,jane.allen39@example.com,Male,25.0,Consumer,South,2023-09-09
2720,Matthew Flores,matthew.flores82@example.com,Female,21.0,Consumer,South,2023-09-28
2721,Gary Gonzalez,gary.gonzalez60@example.com,Male,68.0,Consumer,East,2023-04-28
2722,Donna Wright,donna.wright44@example.com,Female,20.0,Consumer,Midwest,2023-03-02
2723,Thomas Torres,thomas.torres77@example.com,Female,27.0,Consumer,East,2023-01-05
2724,William Jones,william.jones31@example.com,Female,65.0,Consumer,West,2023-01-08
2725,Donald Perez,donald.perez10@example.com,Male,,Consumer,East,
2726,Mary King,mary.king58@example.com,Female,43.0,Consumer,East,2023-10-31
2727,Jessica Flores,jessica.flores10@example.com,,67.0,Consumer,West,2023-02-16
2728,Jessica Taylor,jessica.taylor25@example.com,Male,,Corporate,East,2023-02-17
2729,Steven Torres,steven.torres90@example.com,Male,49.0,Consumer,West,2023-08-22
2730,Ryan Nguyen,ryan.nguyen96@example.com,Female,57.0,Home Office,Midwest,2023-01-05
2731,Kevin Campbell,kevin.campbell53@example.com,Male,73.0,Corporate,East,2023-08-06
2732,Joshua Taylor,joshua.taylor59@example.com,Male,,Consumer,East,2023-10-29
2733,Kenneth Moore,kenneth.moore97@example.com,Female,24.0,Consumer,West,2023-05-06
2734,Andrew Garcia,andrew.garcia22@example.com,Male,60.0,Corporate,Midwest,2023-11-27
2735,Michelle Hall,michelle.hall43@example.com,Male,69.0,Corporate,West,2023-01-10
2736,Joseph Green,joseph.green43@example.com,Male,-12.0,Corporate,East,2023-05-03
2737,Donna Clark,donna.clark62@example.com,,54.0,Consumer,South,2023-05-09
2738,Matthew Nguyen,matthew.nguyen44@example.com,Female,63.0,Consumer,West,2023-01-30
2739,Mary Rodriguez,mary.rodriguez44@example.com,Male,63.0,Consumer,South,2023-02-16
2740,Timothy Allen,timothy.allen29@example.com,Male,56.0,Corporate,East,2023-05-28
2741,John Martinez,john.martinez60@example.com,Female,22.0,Corporate,East,2023-12-19
2742,Mark Rodriguez,mark.rodriguez69@example.com,Female,30.0,Consumer,South,2023-03-23
2743,Thomas Thompson,thomas.thompson68@example.com,,28.0,Corporate,Midwest,2023-10-14
2744,Robert Scott,robert.scott99@example.com,Male,22.0,Consumer,South,2023-11-20
2745,Mark Thompson,mark.thompson82@example.com,,75.0,Corporate,Midwest,2023-01-17
2746,Emily Robinson,emily.robinson87@example.com,Male,44.0,Consumer,South,
2747,Sarah Rodriguez,sarah.rodriguez81@example.com,Male,19.0,Consumer,East,2023-03-31
2748,Joseph Rodriguez,joseph.rodriguez82@example.com,Female,-5.0,Consumer,East,2023-12-02
2749,Daniel Wright,daniel.wright57@example.com,,45.0,Consumer,Midwest,2023-04-25
2750,Gary Campbell,gary.campbell43@example.com,Male,37.0,Consumer,West,2023-03-15
2751,Andrew Clark,andrew.clark38@example.com,Female,19.0,Consumer,East,2023-02-15
2752,Ruth Thomas,ruth.thomas10@example.com,Male,37.0,Consumer,West,2023-03-18
2753,Daniel Thomas,daniel.thomas54@example.com,Female,44.0,Consumer,East,2023-03-25
2754,Mark Carter,mark.carter22@example.com,Male,60.0,Consumer,East,2023-07-21
2755,Andrew Smith,andrew.smith75@example.com,Female,42.0,Consumer,West,2023-12-24
2756,Laura Martinez,laura.martinez26@example.com,Male,57.0,Consumer,Midwest,2023-07-29
2757,Kevin Lewis,kevin.lewis75@example.com,Female,36.0,Home Office,South,2023-02-11
2758,Ronald Hernandez,ronald.hernandez84@example.com,,18.0,Consumer,South,2023-02-25
2759,Kenneth Martin,kenneth.martin74@example.com,Female,26.0,Corporate,South,2023-05-20
2760,Betty Martin,betty.martin16@example.com,Female,66.0,Consumer,West,2023-03-20
2761,Jessica Martinez,jessica.martinez21@example.com,Female,56.0,Corporate,West,2023-07-02
2762,William Thompson,william.thompson42@example.com,Male,,Corporate,West,2023-12-20
2763,Donna Jackson,donna.jackson92@example.com,Male,63.0,Consumer,East,2023-04-11
2764,Kevin Scott,kevin.scott20@example.com,Female,72.0,Corporate,East,2023-04-30
2765,Carol Anderson,carol.anderson53@example.com,Female,73.0,Consumer,East,2023-04-02
2766,Jeffrey Jones,jeffrey.jones77@example.com,Female,43.0,Consumer,East,2023-01-10
2767,Donald Miller,donald.miller22@example.com,Male,70.0,Corporate,South,2023-06-09
2768,Joseph Nelson,joseph.nelson45@example.com,Male,19.0,Consumer,East,2023-07-25
2769,Emily Martin,emily.martin88@example.com,Female,,Consumer,Midwest,2023-09-12
2770,Karen Miller,karen.miller92@example.com,Female,,Consumer,West,2023-03-25
2771,Emily Hall,emily.hall35@example.com,Female,55.0,Consumer,West,2023-01-26
2772,Sarah Garcia,sarah.garcia45@example.com,,,Home Office,South,2023-09-01
2773,Jessica Thomas,jessica.thomas23@example.com,Female,55.0,Corporate,East,2023-11-30
2774,Mary Clark,mary.clark15@example.com,Male,66.0,Consumer,East,2023-03-21
2775,Jacob Thompson,jacob.thompson97@example.com,Male,34.0,Consumer,East,2023-11-28
2776,Matthew Green,matthew.green69@example.com,Female,18.0,Consumer,West,2023-02-09
2777,Betty Lewis,betty.lewis53@example.com,Male,19.0,Home Office,West,2023-03-27
2778,Mary King,mary.king96@example.com,Female,18.0,Corporate,South,2023-08-28
2779,George Carter,george.carter17@example.com,Female,44.0,Consumer,South,2023-01-15
2780,Mary Hall,mary.hall75@example.com,Female,27.0,Consumer,West,2023-04-14
2781,Gary Hill,gary.hill85@example.com,Female,49.0,Consumer,Midwest,2023-10-02
2782,Joseph Young,joseph.young53@example.com,Male,44.0,Consumer,East,2023-02-24
2783,John Lopez,john.lopez46@example.com,Female,47.0,Home Office,East,2023-09-14
2784,Michael Smith,michael.smith31@example.com,Female,67.0,Corporate,South,2023-07-22
2785,Lisa Hernandez,lisa.hernandez25@example.com,Male,42.0,Corporate,Midwest,2023-07-15
2786,Mary Thompson,mary.thompson68@example.com,Female,,Home Office,East,2023-12-16
2787,Gary Thompson,gary.thompson18@example.com,Male,72.0,Corporate,West,2023-07-06
2788,Timothy Mitchell,timothy.mitchell28@example.com,Male,71.0,Corporate,East,2023-06-02
2789,Karen Harris,karen.harris19@example.com,,31.0,Corporate,Midwest,2023-01-24
2790,Nicole King,nicole.king43@example.com,Male,31.0,Home Office,West,2023-12-22
2791,Jessica Flores,jessica.flores78@example.com,Male,72.0,Consumer,West,2023-02-03
2792,Thomas Johnson,thomas.johnson11@example.com,Male,56.0,Corporate,South,2023-02-08
2793,John Lee,john.lee39@example.com,,22.0,Consumer,East,2023-07-06
2794,Jacob Rivera,jacob.rivera80@example.com,Female,68.0,Consumer,West,2023-12-08
2795,Brenda Perez,brenda.perez39@example.com,Male,38.0,Home Office,West,
2796,Jessica Carter,jessica.carter45@example.com,Female,27.0,Consumer,West,2023-10-27
2797,Kimberly Davis,kimberly.davis50@example.com,Female,66.0,Consumer,Midwest,2023-02-26
2798,Robert Wright,robert.wright19@example.com,Female,24.0,Consumer,West,2023-10-31
2799,Michelle Carter,michelle.carter82@example.com,Male,34.0,Consumer,South,2023-11-24
2800,Michael Carter,michael.carter95@example.com,Female,64.0,Corporate,South,2023-03-20
2801,Matthew Jackson,matthew.jackson65@example.com,Female,45.0,Consumer,East,2023-08-28
2802,Karen Williams,karen.williams55@example.com,,47.0,Consumer,South,2023-09-14
2803,Elizabeth Davis,elizabeth.davis56@example.com,Female,48.0,Consumer,West,2023-11-25
2804,Jacob Anderson,jacob.anderson71@example.com,Male,49.0,Home Office,Midwest,2023-04-27
2805,Amy Johnson,amy.johnson33@example.com,Female,71.0,Consumer,West,2023-06-16
2806,Jason Robinson,jason.robinson95@example.com,Male,29.0,Consumer,South,2023-07-21
2807,Gary King,gary.king61@example.com,Female,51.0,Corporate,East,2023-01-24
2808,Andrew Clark,andrew.clark64@example.com,Male,75.0,Consumer,South,2023-04-16
2809,Karen Walker,karen.walker18@example.com,Male,31.0,Home Office,East,2023-07-25
2810,Joshua Clark,joshua.clark98@example.com,Male,51.0,Consumer,East,2023-09-16
2811,Joshua Hill,joshua.hill16@example.com,Male,51.0,Consumer,Midwest,2023-09-25
2812,Laura Nguyen,laura.nguyen96@example.com,Male,67.0,Corporate,South,2023-05-01
2813,Daniel Smith,daniel.smith54@example.com,Male,54.0,Consumer,South,2023-02-12
2814,Mark Hill,mark.hill67@example.com,Female,38.0,Consumer,East,2023-12-02
2815,Ryan Lee,ryan.lee62@example.com,Female,74.0,Consumer,East,2023-12-30
2816,Ruth Thompson,ruth.thompson42@example.com,Male,73.0,Corporate,West,
2817,Amy Taylor,amy.taylor28@example.com,Female,43.0,Consumer,East,2023-03-08
2818,Elizabeth Campbell,elizabeth.campbell36@example.com,Male,59.0,Consumer,East,2023-02-22
2819,James Carter,james.carter19@example.com,Female,49.0,Consumer,South,2023-03-03
2820,Melissa Miller,melissa.miller64@example.com,Female,74.0,Consumer,East,2023-02-28
2821,Matthew Moore,matthew.moore80@example.com,Male,,Consumer,South,2023-02-23
2822,Kimberly Nguyen,kimberly.nguyen11@example.com,Male,75.0,Consumer,East,2023-07-31
2823,Brian Scott,brian.scott11@example.com,Female,43.0,Consumer,East,2023-02-09
2824,Emily Ramirez,emily.ramirez79@example.com,,150.0,Consumer,South,2023-01-10
2825,Betty Garcia,betty.garcia61@example.com,Female,20.0,Corporate,West,2023-12-17
2826,John Williams,john.williams47@example.com,Male,71.0,Corporate,South,2023-05-10
2827,Donna Harris,donna.harris83@example.com,Male,46.0,Consumer,West,2023-05-23
2828,Andrew Ramirez,andrew.ramirez40@example.com,Male,54.0,Consumer,East,2023-07-23
2829,Jacob Lee,jacob.lee43@example.com,,57.0,Corporate,Midwest,2023-10-09
2830,Mark Miller,mark.miller99@example.com,Male,62.0,Home Office,West,2023-09-10
2831,Lisa Wright,lisa.wright21@example.com,Male,32.0,Consumer,East,2023-01-25
2832,Carol Roberts,carol.roberts82@example.com,Male,45.0,Corporate,West,2023-08-20
2833,Laura Adams,laura.adams52@example.com,Female,53.0,Corporate,South,2023-07-02
2834,Betty Nguyen,betty.nguyen72@example.com,Female,,Corporate,South,2023-09-16
2835,Kevin Ramirez,kevin.ramirez48@example.com,Female,41.0,Consumer,South,2023-01-12
2836,William Williams,william.williams79@example.com,,24.0,Home Office,East,2023-03-29
2837,George Williams,george.williams31@example.com,Male,67.0,Corporate,East,2023-06-03
2838,Sandra Flores,sandra.flores14@example.com,Male,29.0,Home Office,East,2023-06-28
2839,Joseph Thomas,joseph.thomas36@example.com,Male,22.0,Consumer,East,2023-07-11
2840,Nicole Perez,nicole.perez54@example.com,Male,74.0,Corporate,East,2023-06-22
2841,Matthew Perez,matthew.perez97@example.com,Male,55.0,Consumer,West,2023-10-11
2842,Mary Jackson,mary.jackson98@example.com,Male,33.0,Home Office,East,2023-03-25
2843,Matthew Thomas,matthew.thomas60@example.com,Female,69.0,Consumer,South,2023-06-27
2844,Brian Mitchell,brian.mitchell78@example.com,Male,71.0,Consumer,Midwest,2023-05-18
2845,Jacob Moore,jacob.moore21@example.com,Male,39.0,Consumer,West,2023-07-21
2846,Mark Flores,mark.flores86@example.com,Male,33.0,Consumer,East,2023-07-25
2847,Joseph Jones,joseph.jones71@example.com,Female,22.0,Corporate,West,2023-07-16
2848,Lisa Hill,lisa.hill44@example.com,Male,39.0,Corporate,East,2023-02-20
2849,Angela Rodriguez,angela.rodriguez33@example.com,Male,24.0,Consumer,West,2023-04-29
2850,Jeffrey Sanchez,jeffrey.sanchez26@example.com,Female,27.0,Home Office,East,2023-09-18
2851,Edward Sanchez,edward.sanchez42@example.com,Male,74.0,Consumer,West,2023-03-03
2852,Andrew Roberts,andrew.roberts39@example.com,,28.0,Consumer,East,2023-09-30
2853,Donna Lee,donna.lee27@example.com,Male,24.0,Home Office,East,2023-12-20
2854,Thomas Perez,thomas.perez55@example.com,,31.0,Home Office,East,2023-03-13
2855,James Nguyen,james.nguyen91@example.com,Male,21.0,Corporate,Midwest,2023-08-15
2856,Melissa Nguyen,melissa.nguyen69@example.com,Female,26.0,Consumer,Midwest,2023-05-09
2857,Robert Martinez,robert.martinez21@example.com,Male,34.0,Consumer,Midwest,2023-12-12
2858,Mark Hall,mark.hall79@example.com,Male,18.0,Corporate,East,2023-10-05
2859,Joshua Young,joshua.young15@example.com,Female,30.0,Consumer,East,2023-05-01
2860,Jacob Hernandez,jacob.hernandez85@example.com,Female,40.0,Consumer,East,2023-01-30
2861,William Perez,william.perez69@example.com,Female,35.0,Consumer,West,2023-09-24
2862,Ruth Green,ruth.green74@example.com,Female,51.0,Corporate,East,2023-10-05
2863,William Roberts,william.roberts51@example.com,Female,68.0,Consumer,West,2023-09-18
2864,Donna Sanchez,donna.sanchez71@example.com,Male,31.0,Consumer,East,2023-11-23
2865,Mark Mitchell,mark.mitchell57@example.com,Female,28.0,Consumer,Midwest,2023-06-29
2866,John Carter,john.carter23@example.com,Female,60.0,Corporate,West,2023-07-27
2867,William Carter,william.carter48@example.com,Female,66.0,Corporate,West,2023-04-03
2868,Nicole Smith,nicole.smith21@example.com,Male,33.0,Corporate,South,2023-02-14
2869,Matthew Torres,matthew.torres83@example.com,Male,56.0,Corporate,East,2023-08-02
2870,Laura Hernandez,laura.hernandez98@example.com,Male,18.0,Consumer,West,2023-06-25
2871,Emily Nguyen,emily.nguyen56@example.com,Male,140.0,Home Office,West,2023-01-10
2872,Jason Anderson,jason.anderson88@example.com,,23.0,Corporate,Midwest,2023-05-06
2873,Michelle Carter,michelle.carter35@example.com,Male,37.0,Consumer,South,2023-02-17
2874,Sarah Nguyen,sarah.nguyen38@example.com,Male,44.0,Corporate,Midwest,2023-09-28
2875,Karen Robinson,karen.robinson72@example.com,Female,43.0,Home Office,South,2023-12-17
2876,Ryan Clark,ryan.clark17@example.com,Female,43.0,Consumer,South,2023-12-29
2877,Amy Rivera,amy.rivera55@example.com,,32.0,Consumer,South,2023-04-13
2878,Donna Ramirez,donna.ramirez21@example.com,Female,72.0,Home Office,West,2023-02-26
2879,Betty Gonzalez,betty.gonzalez62@example.com,Female,23.0,Corporate,West,2023-06-03
2880,Robert Gonzalez,robert.gonzalez22@example.com,Female,36.0,Consumer,East,2023-04-11
2881,Elizabeth Lopez,elizabeth.lopez69@example.com,Female,48.0,Corporate,Midwest,2023-01-17
2882,Kimberly Hall,kimberly.hall36@example.com,Female,20.0,Home Office,East,2023-08-08
2883,David Walker,david.walker51@example.com,Male,46.0,Home Office,South,
2884,Sarah Young,sarah.young89@example.com,Male,62.0,Consumer,East,2023-03-28
2885,Matthew Scott,matthew.scott38@example.com,Female,22.0,Consumer,Midwest,2023-03-28
2886,Thomas Moore,thomas.moore54@example.com,Female,50.0,Corporate,South,2023-10-21
2887,Daniel Lewis,daniel.lewis82@example.com,Male,73.0,Consumer,South,2023-10-02
2888,Michelle Mitchell,michelle.mitchell38@example.com,Male,54.0,Consumer,West,2023-12-19
2889,Elizabeth Lopez,elizabeth.lopez35@example.com,Female,-5.0,Corporate,East,2023-01-02
2890,George Perez,george.perez39@example.com,Female,38.0,Corporate,East,2023-05-18
2891,Lisa Garcia,lisa.garcia60@example.com,Male,55.0,Corporate,West,2023-01-17
2892,Angela Roberts,angela.roberts38@example.com,Male,45.0,Consumer,East,2023-09-08
2893,Nicole Green,nicole.green62@example.com,Female,50.0,Consumer,Midwest,2023-09-25
2894,Daniel Moore,daniel.moore37@example.com,Female,23.0,Consumer,South,2023-08-20
2895,Nicole Thompson,nicole.thompson63@example.com,Female,26.0,Home Office,East,2023-07-18
2896,Jacob Anderson,jacob.anderson61@example.com,Male,37.0,Consumer,South,2023-02-14
2897,Amy White,amy.white76@example.com,Male,27.0,Home Office,Midwest,2023-12-23
2898,William Torres,william.torres24@example.com,,39.0,Consumer,South,2023-08-21
2899,Nicole Scott,nicole.scott59@example.com,,41.0,Consumer,Midwest,2023-08-08
2900,Michael Perez,michael.perez14@example.com,Male,45.0,Home Office,East,2023-05-06
2901,Betty Johnson,betty.johnson60@example.com,Female,19.0,Consumer,East,2023-08-30
2902,Timothy Davis,timothy.davis80@example.com,Male,44.0,Consumer,South,2023-09-01
2903,Brian Adams,brian.adams45@example.com,Male,46.0,Consumer,East,2023-09-17
2904,Kimberly Perez,kimberly.perez37@example.com,Female,69.0,Consumer,Midwest,2023-07-18
2905,Joshua Carter,joshua.carter36@example.com,Male,70.0,Corporate,West,2023-09-21
2906,Timothy Flores,timothy.flores74@example.com,Female,,Consumer,Midwest,2023-11-23
2907,Mark Johnson,mark.johnson95@example.com,Male,25.0,Corporate,East,2023-01-31
2908,Daniel Adams,daniel.adams81@example.com,Male,43.0,Consumer,East,2023-08-15
2909,Jane Clark,jane.clark60@example.com,Male,43.0,Consumer,West,2023-10-23
2910,Gary Smith,gary.smith70@example.com,Male,50.0,Home Office,West,2023-02-11
2911,Gary Torres,gary.torres78@example.com,Female,27.0,Corporate,West,2023-06-15
2912,Gary Wilson,gary.wilson39@example.com,Female,18.0,Corporate,South,2023-06-07
2913,Brenda Taylor,brenda.taylor31@example.com,Female,31.0,Consumer,West,2023-10-30
2914,Kevin Baker,kevin.baker95@example.com,Male,33.0,Corporate,East,2023-06-04
2915,Gary Green,gary.green86@example.com,Male,67.0,Consumer,West,2023-08-03
2916,Andrew Johnson,andrew.johnson58@example.com,Male,70.0,Home Office,West,2023-04-08
2917,John White,john.white43@example.com,Male,35.0,Corporate,West,2023-09-20
2918,Ryan Roberts,ryan.roberts45@example.com,Male,62.0,Corporate,West,2023-12-22
2919,Gary Mitchell,gary.mitchell19@example.com,Male,50.0,Home Office,West,2023-01-03
2920,Steven Green,steven.green58@example.com,Female,61.0,Corporate,West,2023-11-27
2921,Amy Nguyen,amy.nguyen16@example.com,Female,55.0,Consumer,East,2023-12-03
2922,Karen Adams,karen.adams75@example.com,Male,46.0,Consumer,East,2023-02-28
2923,Joshua Brown,joshua.brown86@example.com,Female,20.0,Home Office,East,2023-01-25
2924,Betty Johnson,betty.johnson75@example.com,Male,75.0,Consumer,South,2023-02-03
2925,Elizabeth Hernandez,elizabeth.hernandez61@example.com,Male,44.0,Consumer,West,2023-11-30
2926,Gary Jackson,gary.jackson48@example.com,Female,19.0,Consumer,Midwest,2023-01-10
2927,Elizabeth Martinez,elizabeth.martinez76@example.com,Female,29.0,Home Office,Midwest,2023-08-28
2928,Edward Moore,edward.moore21@example.com,,45.0,Consumer,South,2023-12-17
2929,Jessica Campbell,jessica.campbell86@example.com,Female,28.0,Consumer,East,2023-07-27
2930,Laura Rodriguez,laura.rodriguez11@example.com,Male,33.0,Consumer,West,2023-08-22
2931,Emily Green,emily.green32@example.com,Female,75.0,Consumer,West,2023-05-24
2932,Donna Wilson,donna.wilson51@example.com,Female,29.0,Consumer,West,2023-06-21
2933,Amy Baker,amy.baker72@example.com,Male,65.0,Corporate,West,2023-12-05
2934,Ronald Martinez,ronald.martinez48@example.com,Female,56.0,Corporate,East,
2935,Sarah Martinez,sarah.martinez38@example.com,Male,,Corporate,West,2023-05-17
2936,Brian Lewis,brian.lewis61@example.com,Male,42.0,Consumer,East,2023-08-18
2937,John Rodriguez,john.rodriguez47@example.com,Female,66.0,Corporate,South,2023-06-07
2938,Michael Thompson,michael.thompson55@example.com,Female,66.0,Consumer,East,2023-09-30
2939,Andrew White,andrew.white45@example.com,Male,70.0,Home Office,South,2023-09-19
2940,Kevin Martinez,kevin.martinez25@example.com,Female,33.0,Consumer,West,2023-05-22
2941,Jason Sanchez,jason.sanchez62@example.com,Male,32.0,Consumer,West,2023-07-15
2942,Laura Robinson,laura.robinson87@example.com,Female,22.0,Consumer,Midwest,2023-10-25
2943,Carol Torres,carol.torres72@example.com,Male,21.0,Consumer,West,2023-04-06
2944,George King,george.king59@example.com,Female,26.0,Consumer,Midwest,
2945,Paul Sanchez,paul.sanchez19@example.com,Female,75.0,Corporate,West,2023-11-09
2946,Angela Hill,angela.hill94@example.com,Male,66.0,Corporate,West,2023-09-02
2947,Laura Scott,laura.scott75@example.com,Female,29.0,Consumer,East,2023-08-11
2948,John Martin,john.martin25@example.com,Male,,Consumer,East,2023-05-09
2949,George Thomas,george.thomas22@example.com,Male,56.0,Home Office,East,2023-03-06
2950,Laura Smith,laura.smith13@example.com,,140.0,Home Office,West,2023-12-04
2951,Timothy Robinson,timothy.robinson61@example.com,Male,37.0,Corporate,West,2023-12-05
2952,Thomas Williams,thomas.williams46@example.com,Male,25.0,Consumer,West,
2953,Amy Torres,amy.torres73@example.com,Female,55.0,Consumer,West,2023-08-11
2954,Nicole Lee,nicole.lee95@example.com,Male,60.0,Consumer,South,2023-03-11
2955,Matthew Smith,matthew.smith52@example.com,Male,,Consumer,East,2023-06-22
2956,Thomas Johnson,thomas.johnson82@example.com,Female,69.0,Consumer,Midwest,2023-05-14
2957,Mary Flores,mary.flores61@example.com,Male,72.0,Corporate,West,2023-10-01
2958,Robert Smith,robert.smith20@example.com,Female,18.0,Consumer,East,2023-07-29
2959,Paul Miller,paul.miller77@example.com,Female,27.0,Home Office,South,2023-11-30
2960,Jeffrey Adams,jeffrey.adams47@example.com,Male,68.0,Consumer,West,2023-09-09
2961,Daniel Davis,daniel.davis30@example.com,Male,48.0,Consumer,Midwest,2023-06-11
2962,Laura Miller,laura.miller11@example.com,,30.0,Consumer,West,2023-02-07
2963,Melissa Thompson,melissa.thompson17@example.com,Male,66.0,Consumer,South,2023-01-24
2964,Karen Hall,karen.hall52@example.com,Male,51.0,Corporate,South,2023-04-18
2965,Elizabeth Williams,elizabeth.williams34@example.com,Male,72.0,Corporate,Midwest,2023-05-21
2966,Andrew Jackson,andrew.jackson80@example.com,Female,19.0,Consumer,East,2023-10-01
2967,Paul Rodriguez,paul.rodriguez38@example.com,Male,74.0,Consumer,Midwest,
2968,Joshua Clark,joshua.clark51@example.com,,22.0,Consumer,South,2023-11-19
2969,Michael Hall,michael.hall81@example.com,Female,62.0,Corporate,East,2023-12-03
2970,William Wright,william.wright85@example.com,Female,30.0,Consumer,East,2023-01-19
2971,George Jones,george.jones81@example.com,Male,52.0,Consumer,East,2023-02-18
2972,Mark Lewis,mark.lewis43@example.com,Female,33.0,Consumer,Midwest,2023-03-01
2973,Laura Brown,laura.brown92@example.com,Female,,Home Office,East,2023-10-28
2974,Sandra Smith,sandra.smith49@example.com,Female,35.0,Consumer,East,2023-05-08
2975,George Rivera,george.rivera79@example.com,Male,19.0,Corporate,South,2023-10-29
2976,Steven Sanchez,steven.sanchez30@example.com,Male,41.0,Consumer,East,2023-10-06
2977,Mary Sanchez,mary.sanchez97@example.com,Male,52.0,Corporate,West,2023-03-19
2978,Laura Lee,laura.lee30@example.com,Female,75.0,Consumer,West,2023-12-21
2979,Kimberly Rivera,kimberly.rivera86@example.com,Male,39.0,Consumer,West,2023-03-09
2980,Joseph Brown,joseph.brown34@example.com,Female,72.0,Corporate,South,
2981,Kenneth Brown,kenneth.brown65@example.com,Female,20.0,Consumer,Midwest,2023-01-22
2982,Gary Rivera,gary.rivera25@example.com,Male,64.0,Consumer,South,2023-11-19
2983,Matthew Anderson,matthew.anderson20@example.com,Male,42.0,Consumer,Midwest,2023-06-21
2984,Kevin Moore,kevin.moore80@example.com,Male,69.0,Home Office,East,2023-04-06
2985,Ronald Davis,ronald.davis24@example.com,Female,,Home Office,South,2023-12-17
2986,Gary Hernandez,gary.hernandez28@example.com,,75.0,Corporate,East,2023-01-04
2987,Joshua Walker,joshua.walker44@example.com,Female,64.0,Corporate,Midwest,2023-01-30
2988,Kevin Baker,kevin.baker96@example.com,Male,-5.0,Consumer,Midwest,2023-02-07
2989,Brenda Torres,brenda.torres53@example.com,Female,68.0,Consumer,East,2023-07-18
2990,Paul Rodriguez,paul.rodriguez62@example.com,Female,54.0,Consumer,West,2023-01-02
2991,Michelle Anderson,michelle.anderson11@example.com,Female,140.0,Corporate,East,
2992,Michelle Young,michelle.young81@example.com,Male,42.0,Home Office,East,2023-01-25
2993,Ruth Brown,ruth.brown60@example.com,Female,45.0,Consumer,East,2023-07-09
2994,Michael Rodriguez,michael.rodriguez77@example.com,Male,45.0,Consumer,Midwest,2023-01-05
2995,Brenda Wright,brenda.wright85@example.com,Male,55.0,Corporate,South,2023-03-26
2996,Emily Mitchell,emily.mitchell40@example.com,Male,19.0,Consumer,West,2023-06-23
2997,William Hall,william.hall35@example.com,Female,54.0,Consumer,West,2023-11-02
2998,Michelle Anderson,michelle.anderson24@example.com,Male,20.0,Consumer,South,2023-10-01
2999,Kimberly Williams,kimberly.williams27@example.com,Female,70.0,Consumer,South,2023-06-01
3000,Ronald Lee,ronald.lee42@example.com,Male,,Consumer,East,2023-10-13
3001,George Jackson,george.jackson98@example.com,Female,23.0,Corporate,East,2023-01-09
3002,Edward Scott,edward.scott25@example.com,Female,40.0,Home Office,West,2023-05-26
3003,Matthew Carter,matthew.carter52@example.com,Female,28.0,Consumer,Midwest,2023-12-18
3004,Michelle Martinez,michelle.martinez25@example.com,Female,,Consumer,East,2023-07-14
3005,John Thomas,john.thomas62@example.com,Female,37.0,Corporate,East,2023-01-16
3006,Andrew Smith,andrew.smith47@example.com,Male,75.0,Corporate,South,2023-01-09
3007,Robert Gonzalez,robert.gonzalez55@example.com,Male,41.0,Home Office,West,
3008,Michelle Gonzalez,michelle.gonzalez97@example.com,,61.0,Consumer,South,2023-02-16
3009,Kimberly Young,kimberly.young22@example.com,Male,46.0,Consumer,West,2023-07-11
3010,Robert Lopez,robert.lopez42@example.com,Male,38.0,Consumer,East,2023-10-18
3011,Daniel Brown,daniel.brown58@example.com,Female,61.0,Consumer,Midwest,2023-12-22
3012,Elizabeth Nguyen,elizabeth.nguyen16@example.com,Female,65.0,Home Office,East,2023-11-26
3013,Amy Green,amy.green83@example.com,Female,37.0,Consumer,East,2023-07-27
3014,Angela Wilson,angela.wilson64@example.com,Male,30.0,Home Office,East,2024-01-01
3015,George Young,george.young43@example.com,Female,18.0,Corporate,East,2023-08-28
3016,Emily Roberts,emily.roberts33@example.com,Female,69.0,Corporate,West,2023-10-05
3017,Daniel Thomas,daniel.thomas10@example.com,Male,28.0,Corporate,East,
3018,Michelle Ramirez,michelle.ramirez72@example.com,Male,27.0,Corporate,East,2023-11-06
3019,Timothy Walker,timothy.walker37@example.com,Male,73.0,Corporate,Midwest,2023-05-13
3020,Michael Lopez,michael.lopez81@example.com,Female,28.0,Consumer,Midwest,2023-08-24
3021,Steven Flores,steven.flores85@example.com,Female,48.0,Consumer,East,2023-11-15
3022,Jason Hernandez,jason.hernandez38@example.com,Female,20.0,Consumer,East,2023-12-18
3023,Lisa Johnson,lisa.johnson83@example.com,Male,-12.0,Corporate,South,2023-03-31
3024,Amy Moore,amy.moore47@example.com,Female,22.0,Consumer,West,2023-09-26
3025,Karen Hill,karen.hill11@example.com,Female,38.0,Corporate,Midwest,2023-06-18
3026,Donna Hall,donna.hall53@example.com,Female,,Consumer,Midwest,2023-06-15
3027,Kimberly Torres,kimberly.torres98@example.com,Male,32.0,Consumer,West,2023-01-02
3028,Jason Sanchez,jason.sanchez46@example.com,Male,29.0,Corporate,West,2023-08-10
3029,Edward Campbell,edward.campbell29@example.com,Female,47.0,Consumer,West,2023-02-08
3030,Paul Campbell,paul.campbell74@example.com,Male,43.0,Corporate,South,2023-09-02
3031,Jane Lewis,jane.lewis10@example.com,Female,,Consumer,East,2023-01-18
3032,Ruth Flores,ruth.flores50@example.com,Female,36.0,Consumer,West,2023-01-20
3033,Edward Walker,edward.walker48@example.com,Male,35.0,Consumer,South,
3034,Nicole Ramirez,nicole.ramirez70@example.com,Female,45.0,Consumer,East,2023-03-12
3035,Michelle Torres,michelle.torres10@example.com,Female,18.0,Consumer,East,2023-05-06
3036,Jason Sanchez,jason.sanchez34@example.com,Female,68.0,Home Office,East,2023-07-26
3037,Daniel Clark,daniel.clark19@example.com,Female,56.0,Consumer,West,2023-10-28
3038,Betty Miller,betty.miller76@example.com,Female,71.0,Consumer,East,2023-05-23
3039,George Jones,george.jones42@example.com,Female,,Consumer,West,2023-06-11
3040,Mark Smith,mark.smith46@example.com,Male,44.0,Consumer,West,2023-08-12
3041,Matthew Wilson,matthew.wilson26@example.com,Male,34.0,Consumer,Midwest,2023-02-21
3042,Robert Miller,robert.miller30@example.com,Male,24.0,Consumer,East,2023-05-28
3043,Mary Perez,mary.perez39@example.com,Male,29.0,Consumer,West,2023-08-12
3044,Ryan Hall,ryan.hall30@example.com,Male,51.0,Corporate,East,2023-06-05
3045,Melissa Martin,melissa.martin32@example.com,Male,63.0,Corporate,East,2023-09-16
3046,Timothy Young,timothy.young18@example.com,Male,26.0,Consumer,South,2023-09-27
3047,Nicole Wright,nicole.wright93@example.com,Female,72.0,Consumer,West,2023-07-18
3048,Amy Brown,amy.brown59@example.com,Male,34.0,Consumer,South,2023-07-09
3049,Laura Martin,laura.martin69@example.com,Female,66.0,Consumer,Midwest,2023-09-21
3050,Kimberly Baker,kimberly.baker66@example.com,Female,61.0,Consumer,Midwest,2023-01-02
3051,Brenda Lewis,brenda.lewis29@example.com,Male,,Consumer,South,2023-10-21
3052,Karen Clark,karen.clark20@example.com,Male,,Consumer,Midwest,2023-07-02
3053,Mark Campbell,mark.campbell67@example.com,Female,39.0,Consumer,East,2023-09-25
3054,Laura Lee,laura.lee51@example.com,Female,40.0,Consumer,East,2023-03-30
3055,Daniel Walker,daniel.walker65@example.com,Male,,Consumer,Midwest,2023-06-22
3056,Amy Clark,amy.clark77@example.com,Female,40.0,Home Office,West,2023-07-15
3057,Donald Taylor,donald.taylor51@example.com,Male,73.0,Home Office,West,2023-02-05
3058,Gary Allen,gary.allen85@example.com,Female,,Consumer,South,2023-04-14
3059,Joseph King,joseph.king62@example.com,Female,,Corporate,Midwest,2023-06-12
3060,Joshua Williams,joshua.williams18@example.com,Male,20.0,Consumer,South,2023-06-02
3061,Donna Martinez,donna.martinez37@example.com,Female,-5.0,Consumer,East,2023-06-20
3062,Jeffrey Brown,jeffrey.brown79@example.com,Male,,Consumer,Midwest,2023-05-23
3063,Ryan Jones,ryan.jones37@example.com,Male,45.0,Corporate,South,2023-11-07
3064,Joshua Hill,joshua.hill72@example.com,Female,35.0,Consumer,East,2023-03-20
3065,Mary Moore,mary.moore24@example.com,Female,51.0,Consumer,East,
3066,Mark Williams,mark.williams69@example.com,Female,49.0,Consumer,South,2023-09-18
3067,John Torres,john.torres51@example.com,Male,61.0,Consumer,East,
3068,Ruth Nguyen,ruth.nguyen90@example.com,Male,45.0,Consumer,East,
3069,Jason Flores,jason.flores42@example.com,Male,23.0,Consumer,Midwest,2023-09-29
3070,George Carter,george.carter27@example.com,Female,73.0,Corporate,South,
3071,Joseph Martin,joseph.martin29@example.com,,65.0,Consumer,West,2023-08-24
3072,Joshua Jackson,joshua.jackson78@example.com,Female,25.0,Consumer,Midwest,2023-02-04
3073,Kenneth Ramirez,kenneth.ramirez44@example.com,Male,50.0,Corporate,East,2023-03-08
3074,George Lee,george.lee92@example.com,Female,69.0,Consumer,West,2023-02-24
3075,Brian Clark,brian.clark30@example.com,Male,75.0,Corporate,Midwest,2023-11-26
3076,Michelle Campbell,michelle.campbell80@example.com,Female,44.0,Consumer,West,2023-05-30
3077,Amy Wilson,amy.wilson22@example.com,Female,18.0,Consumer,East,2023-04-04
3078,Angela Wilson,angela.wilson94@example.com,Male,69.0,Consumer,East,2023-02-16
3079,Elizabeth Wright,elizabeth.wright74@example.com,Male,70.0,Corporate,South,2023-06-24
3080,Brian Martin,brian.martin63@example.com,Male,27.0,Consumer,South,2023-08-24
3081,Jeffrey Martinez,jeffrey.martinez38@example.com,Male,50.0,Consumer,East,2023-01-14
3082,Karen Hernandez,karen.hernandez39@example.com,Male,,Consumer,West,2023-08-08
3083,Mark Moore,mark.moore79@example.com,Female,,Consumer,West,2023-05-24
3084,Elizabeth Lewis,elizabeth.lewis84@example.com,Female,150.0,Consumer,Midwest,2023-06-10
3085,Mark Gonzalez,mark.gonzalez85@example.com,Male,65.0,Consumer,East,2023-09-21
3086,David Thompson,david.thompson84@example.com,,21.0,Consumer,West,2023-06-04
3087,Michelle Allen,michelle.allen87@example.com,Female,70.0,Consumer,South,2023-09-16
3088,Daniel Scott,daniel.scott75@example.com,Male,73.0,Consumer,West,2023-01-09
3089,Gary Walker,gary.walker61@example.com,,43.0,Consumer,East,2023-04-03
3090,Jessica Green,jessica.green95@example.com,Female,53.0,Consumer,East,2023-10-07
3091,James Martinez,james.martinez82@example.com,Female,68.0,Consumer,East,2023-09-19
3092,Gary Rodriguez,gary.rodriguez13@example.com,Female,,Consumer,Midwest,2023-11-02
3093,Michael Davis,michael.davis16@example.com,Male,67.0,Consumer,South,2023-10-12
3094,Karen Harris,karen.harris80@example.com,Male,75.0,Corporate,East,2023-12-06
3095,Kimberly Nelson,kimberly.nelson48@example.com,Female,33.0,Consumer,East,2023-01-23
3096,Paul Young,paul.young51@example.com,Female,68.0,Corporate,West,2023-04-26
3097,Joseph Perez,joseph.perez55@example.com,Male,46.0,Corporate,Midwest,2023-02-21
3098,Gary Hernandez,gary.hernandez94@example.com,Male,39.0,Corporate,East,2023-01-22
3099,Gary Roberts,gary.roberts50@example.com,Male,59.0,Consumer,South,2023-09-02
3100,Brenda Hill,brenda.hill96@example.com,Male,63.0,Consumer,East,2023-05-15
3101,Michael Martin,michael.martin57@example.com,Male,22.0,Corporate,West,2023-06-07
3102,Joshua Brown,joshua.brown93@example.com,Male,32.0,Home Office,South,2023-06-15
3103,Emily Gonzalez,emily.gonzalez61@example.com,Female,58.0,Consumer,Midwest,2023-10-01
3104,George Jones,george.jones14@example.com,Female,46.0,Consumer,East,2023-10-03
3105,Emily Martinez,emily.martinez39@example.com,Female,58.0,Consumer,East,2023-08-07
3106,Kenneth Jackson,kenneth.jackson43@example.com,Female,36.0,Consumer,East,
3107,Jacob Anderson,jacob.anderson64@example.com,Female,70.0,Consumer,West,
3108,Kimberly Wilson,kimberly.wilson27@example.com,Female,49.0,Corporate,South,2023-04-17
3109,Jessica Thompson,jessica.thompson84@example.com,Female,28.0,Consumer,West,2023-12-27
3110,Ronald Martinez,ronald.martinez94@example.com,Male,53.0,Consumer,East,2023-04-17
3111,Jason Williams,jason.williams27@example.com,Male,41.0,Corporate,South,2023-12-05
3112,Carol Adams,carol.adams30@example.com,Male,37.0,Consumer,West,2023-07-10
3113,David Scott,david.scott54@example.com,Female,55.0,Consumer,West,2023-07-19
3114,Jane Robinson,jane.robinson36@example.com,Female,63.0,Consumer,Midwest,2023-04-01
3115,Jeffrey Davis,jeffrey.davis54@example.com,Female,59.0,Corporate,West,2023-11-18
3116,Melissa Moore,melissa.moore88@example.com,Male,39.0,Consumer,Midwest,
3117,William Hernandez,william.hernandez19@example.com,Male,53.0,Consumer,East,2023-05-27
3118,James Anderson,james.anderson48@example.com,Female,74.0,Consumer,South,2023-10-30
3119,Daniel Scott,daniel.scott36@example.com,Female,65.0,Corporate,South,2023-10-30
3120,Jeffrey Rodriguez,jeffrey.rodriguez78@example.com,Male,67.0,Home Office,Midwest,2023-03-19
3121,Kimberly Green,kimberly.green54@example.com,Male,59.0,Home Office,East,2023-12-29
3122,Lisa Davis,lisa.davis81@example.com,Female,47.0,Consumer,South,2023-07-13
3123,Paul Clark,paul.clark65@example.com,Male,38.0,Corporate,West,2023-05-04
3124,Donna Lopez,donna.lopez14@example.com,Male,62.0,Consumer,South,2023-05-18
3125,Brenda Nguyen,brenda.nguyen79@example.com,,31.0,Corporate,East,2023-08-05
3126,Mary Anderson,mary.anderson63@example.com,Male,73.0,Consumer,East,2023-02-06
3127,Mark Martinez,mark.martinez91@example.com,Female,36.0,Consumer,East,
3128,William Wilson,william.wilson41@example.com,Female,140.0,Consumer,West,2023-07-04
3129,Kimberly Martin,kimberly.martin27@example.com,Female,25.0,Corporate,South,2023-05-07
3130,Melissa Carter,melissa.carter26@example.com,Male,68.0,Corporate,East,2023-11-26
3131,Steven Flores,steven.flores91@example.com,Male,49.0,Consumer,Midwest,2023-07-12
3132,Daniel Garcia,daniel.garcia48@example.com,Male,72.0,Consumer,Midwest,2023-10-08
3133,Mark Smith,mark.smith32@example.com,Female,64.0,Corporate,West,2023-04-17
3134,Donna Roberts,donna.roberts46@example.com,Female,43.0,Home Office,East,2023-04-03
3135,Kevin Wright,kevin.wright39@example.com,Female,33.0,Consumer,West,2023-02-03
3136,Daniel White,daniel.white45@example.com,Male,48.0,Consumer,Midwest,2023-04-12
3137,Karen Thompson,karen.thompson21@example.com,Female,47.0,Consumer,West,2023-06-12
3138,Betty Jones,betty.jones27@example.com,Male,55.0,Consumer,South,2023-05-05
3139,Andrew Young,andrew.young93@example.com,Male,21.0,Consumer,West,2023-07-11
3140,Kenneth Brown,kenneth.brown17@example.com,Female,23.0,Corporate,East,2023-10-26
3141,Sarah Lee,sarah.lee21@example.com,Female,48.0,Corporate,West,2023-03-29
3142,Edward Miller,edward.miller11@example.com,Male,24.0,Corporate,South,2023-12-10
3143,Laura Green,laura.green77@example.com,Female,66.0,Consumer,West,2023-01-28
3144,Paul Adams,paul.adams80@example.com,Male,45.0,Home Office,West,2023-12-03
3145,Joseph Thomas,joseph.thomas19@example.com,Female,65.0,Home Office,West,2023-07-26
3146,Michael Brown,michael.brown33@example.com,Male,45.0,Consumer,West,2023-11-28
3147,Timothy Perez,timothy.perez99@example.com,,71.0,Home Office,East,2023-05-28
3148,Ryan Miller,ryan.miller22@example.com,Male,,Home Office,Midwest,2023-01-19
3149,James Lee,james.lee19@example.com,Male,,Consumer,East,2023-07-25
3150,Kimberly Thomas,kimberly.thomas36@example.com,Male,72.0,Corporate,East,2023-01-20
3151,Michael Lee,michael.lee39@example.com,Male,29.0,Corporate,West,2023-07-13
3152,Robert Adams,robert.adams13@example.com,Male,25.0,Consumer,South,2023-05-12
3153,Kevin Martin,kevin.martin36@example.com,Male,59.0,Consumer,West,2023-04-03
3154,Amy Harris,amy.harris24@example.com,Male,56.0,Consumer,West,2023-07-30
3155,Gary Jackson,gary.jackson52@example.com,Female,43.0,Consumer,South,2023-06-02
3156,Brenda Lewis,brenda.lewis64@example.com,Male,50.0,Consumer,West,2023-04-09
3157,Donna Lopez,donna.lopez16@example.com,Female,66.0,Corporate,East,2023-12-10
3158,Joshua Green,joshua.green41@example.com,Female,48.0,Consumer,Midwest,2023-07-02
3159,Laura Roberts,laura.roberts21@example.com,Male,43.0,Corporate,West,2023-06-20
3160,Brian Jones,brian.jones44@example.com,Female,41.0,Corporate,East,2023-11-24
3161,Kenneth Brown,kenneth.brown89@example.com,Female,35.0,Corporate,West,2023-07-09
3162,Thomas Thomas,thomas.thomas61@example.com,Female,74.0,Consumer,West,2023-05-19
3163,Jacob Sanchez,jacob.sanchez65@example.com,Male,53.0,Consumer,East,2023-12-19
3164,Timothy Clark,timothy.clark26@example.com,Female,27.0,Home Office,West,2023-12-29
3165,Jacob Harris,jacob.harris73@example.com,Male,39.0,Consumer,East,2023-03-22
3166,Nicole Robinson,nicole.robinson92@example.com,Female,65.0,Consumer,South,2023-04-25
3167,Mark Moore,mark.moore37@example.com,Female,39.0,Consumer,West,2023-08-08
3168,Sandra Nelson,sandra.nelson83@example.com,,43.0,Consumer,South,2023-03-17
3169,Matthew Torres,matthew.torres70@example.com,Male,66.0,Consumer,East,2023-10-07
3170,Ronald Jones,ronald.jones63@example.com,Male,50.0,Consumer,East,2023-07-21
3171,Kenneth Adams,kenneth.adams35@example.com,Male,,Consumer,West,
3172,Betty Walker,betty.walker26@example.com,Female,67.0,Corporate,South,2023-01-03
3173,James Moore,james.moore78@example.com,Female,75.0,Consumer,East,2023-10-12
3174,Robert Harris,robert.harris45@example.com,Male,25.0,Consumer,Midwest,2023-07-23
3175,Joseph Nguyen,joseph.nguyen48@example.com,Female,38.0,Consumer,South,2023-03-15
3176,Ryan Nguyen,ryan.nguyen91@example.com,Female,43.0,Consumer,West,2023-04-08
3177,George Miller,george.miller68@example.com,Female,,Consumer,West,2023-10-21
3178,Daniel Allen,daniel.allen95@example.com,,29.0,Home Office,Midwest,2023-12-26
3179,Steven Rivera,steven.rivera47@example.com,Male,46.0,Consumer,West,2023-01-14
3180,Paul Baker,paul.baker80@example.com,Female,25.0,Home Office,South,2023-07-19
3181,James Hernandez,james.hernandez54@example.com,Male,67.0,Consumer,West,2023-10-18
3182,George Moore,george.moore84@example.com,,30.0,Consumer,West,2023-05-20
3183,Donna Wilson,donna.wilson70@example.com,Female,60.0,Consumer,West,2023-12-18
3184,Donna Wright,donna.wright22@example.com,Female,21.0,Consumer,East,2023-08-11
3185,Melissa Hill,melissa.hill37@example.com,,52.0,Consumer,South,2023-07-25
3186,John Jackson,john.jackson84@example.com,Male,21.0,Corporate,East,2023-12-02
3187,William Williams,william.williams29@example.com,Female,25.0,Home Office,Midwest,2023-10-06
3188,Michael Mitchell,michael.mitchell19@example.com,Male,27.0,Consumer,East,2023-04-13
3189,Daniel Allen,daniel.allen52@example.com,Female,21.0,Corporate,South,2023-04-12
3190,David Ramirez,david.ramirez17@example.com,Male,55.0,Home Office,Midwest,2023-10-06
3191,Steven Brown,steven.brown20@example.com,Female,62.0,Corporate,West,2023-09-11
3192,Jessica Wilson,jessica.wilson27@example.com,Male,37.0,Consumer,East,2023-01-09
3193,Robert Martin,robert.martin69@example.com,Male,51.0,Consumer,West,2023-12-02
3194,Sarah Jackson,sarah.jackson21@example.com,Female,37.0,Consumer,South,2023-09-06
3195,Timothy Jones,timothy.jones87@example.com,Female,50.0,Consumer,West,2023-07-14
3196,Matthew Ramirez,matthew.ramirez34@example.com,Male,23.0,Consumer,West,2023-11-23
3197,Melissa Martin,melissa.martin88@example.com,Female,54.0,Corporate,South,2023-03-28
3198,Sandra Adams,sandra.adams29@example.com,Female,22.0,Home Office,East,2023-02-12
3199,Ruth Wilson,ruth.wilson52@example.com,,45.0,Consumer,East,2023-04-05
3200,Steven Jones,steven.jones62@example.com,Female,38.0,Consumer,Midwest,2023-12-02
3201,Melissa Mitchell,melissa.mitchell49@example.com,Male,41.0,Corporate,Midwest,2023-02-03
3202,Jason Robinson,jason.robinson84@example.com,Female,40.0,Consumer,Midwest,2023-11-06
3203,Matthew Allen,matthew.allen82@example.com,Male,19.0,Consumer,Midwest,2023-10-30
3204,Edward Hall,edward.hall53@example.com,Female,43.0,Consumer,East,2023-07-06
3205,Gary Allen,gary.allen47@example.com,Male,64.0,Consumer,Midwest,2023-03-21
3206,Steven Sanchez,steven.sanchez27@example.com,Female,19.0,Consumer,West,2023-01-05
3207,Joshua Johnson,joshua.johnson94@example.com,,59.0,Home Office,West,2023-02-26
3208,Thomas Smith,thomas.smith58@example.com,Female,34.0,Consumer,West,2023-12-25
3209,Kenneth Lewis,kenneth.lewis23@example.com,Male,70.0,Consumer,Midwest,2023-10-05
3210,George Brown,george.brown96@example.com,Male,52.0,Corporate,West,2023-08-30
3211,Paul Hernandez,paul.hernandez34@example.com,Male,73.0,Home Office,West,2023-03-24
3212,Robert Anderson,robert.anderson28@example.com,Male,27.0,Consumer,East,2023-10-02
3213,Donna Walker,donna.walker51@example.com,Male,56.0,Consumer,East,2023-06-02
3214,Michael Smith,michael.smith44@example.com,Female,69.0,Home Office,South,2023-07-10
3215,James Rivera,james.rivera24@example.com,Female,70.0,Consumer,West,2023-06-10
3216,Joseph Lee,joseph.lee66@example.com,Male,51.0,Corporate,Midwest,2023-01-04
3217,Kimberly Jackson,kimberly.jackson25@example.com,Female,53.0,Home Office,West,2023-11-03
3218,Jacob Robinson,jacob.robinson77@example.com,Male,19.0,Corporate,West,2023-01-13
3219,Carol Miller,carol.miller89@example.com,Female,22.0,Consumer,East,2023-03-06
3220,Jacob Allen,jacob.allen22@example.com,Female,53.0,Consumer,West,2023-08-21
3221,Matthew Campbell,matthew.campbell90@example.com,Male,59.0,Consumer,East,2023-10-12
3222,Brenda Anderson,brenda.anderson12@example.com,Female,53.0,Corporate,East,2023-01-13
3223,Gary Anderson,gary.anderson69@example.com,Male,24.0,Consumer,West,2023-12-05
3224,Brenda Campbell,brenda.campbell66@example.com,Male,43.0,Home Office,West,2023-01-08
3225,Mark Perez,mark.perez80@example.com,Female,68.0,Consumer,West,2023-10-20
3226,Carol Hall,carol.hall12@example.com,Female,75.0,Corporate,Midwest,2023-08-03
3227,George Ramirez,george.ramirez82@example.com,Female,27.0,Consumer,East,2023-10-06
3228,Kimberly Smith,kimberly.smith58@example.com,,,Home Office,East,2023-08-24
3229,Sandra Anderson,sandra.anderson67@example.com,Female,20.0,Corporate,West,2023-06-12
3230,Karen Lewis,karen.lewis63@example.com,Male,53.0,Consumer,East,2023-10-28
3231,Mary Brown,mary.brown27@example.com,Male,30.0,Consumer,South,2023-07-24
3232,Brenda Flores,brenda.flores30@example.com,Female,37.0,Home Office,East,2023-09-13
3233,Lisa Lee,lisa.lee11@example.com,Male,27.0,Corporate,East,2023-03-31
3234,Betty Martin,betty.martin75@example.com,,,Consumer,East,2023-12-30
3235,Robert Martin,robert.martin24@example.com,Female,73.0,Home Office,South,2023-02-25
3236,Mark Wright,mark.wright53@example.com,Female,55.0,Corporate,South,2023-07-16
3237,Lisa Young,lisa.young82@example.com,Male,28.0,Corporate,Midwest,2023-02-01
3238,Sandra Carter,sandra.carter37@example.com,Male,39.0,Corporate,Midwest,2023-05-30
3239,Donald Lopez,donald.lopez38@example.com,Female,69.0,Consumer,East,2023-07-18
3240,Thomas Williams,thomas.williams45@example.com,,56.0,Consumer,East,2023-04-05
3241,Timothy Flores,timothy.flores86@example.com,Male,36.0,Consumer,West,2023-11-04
3242,Robert Rodriguez,robert.rodriguez13@example.com,Female,67.0,Corporate,East,2023-03-03
3243,Donald Baker,donald.baker40@example.com,Female,31.0,Consumer,West,2023-01-03
3244,Laura Anderson,laura.anderson26@example.com,Male,25.0,Home Office,West,2023-10-28
3245,William Allen,william.allen15@example.com,Female,,Consumer,South,2023-08-03
3246,James Nelson,james.nelson84@example.com,,59.0,Corporate,East,2023-07-11
3247,Brenda Anderson,brenda.anderson72@example.com,Male,18.0,Consumer,East,2023-01-12
3248,Lisa Rivera,lisa.rivera84@example.com,Female,27.0,Home Office,East,2023-06-24
3249,Steven Rivera,steven.rivera96@example.com,Female,140.0,Consumer,East,2023-11-04
3250,Carol Smith,carol.smith67@example.com,Male,36.0,Consumer,South,2023-06-26
3251,Jeffrey Wilson,jeffrey.wilson27@example.com,Male,59.0,Consumer,East,2023-08-27
3252,Kevin Roberts,kevin.roberts19@example.com,Female,64.0,Consumer,East,2023-05-06
3253,Andrew Smith,andrew.smith25@example.com,Female,57.0,Consumer,South,2023-02-23
3254,Sarah Nelson,sarah.nelson67@example.com,Female,63.0,Corporate,Midwest,2023-01-30
3255,Donald Lopez,donald.lopez94@example.com,Female,-5.0,Home Office,South,2023-03-23
3256,Mary Garcia,mary.garcia99@example.com,Female,44.0,Consumer,South,2023-11-16
3257,Emily Martinez,emily.martinez26@example.com,Male,58.0,Corporate,South,2023-08-15
3258,Jane Harris,jane.harris90@example.com,Female,33.0,Consumer,East,2023-04-12
3259,Gary Young,gary.young25@example.com,Male,-12.0,Corporate,South,2023-11-22
3260,Amy Campbell,amy.campbell46@example.com,Female,49.0,Home Office,East,2023-05-27
3261,Karen Hill,karen.hill49@example.com,Male,,Consumer,East,2023-08-21
3262,Ruth Roberts,ruth.roberts41@example.com,Male,62.0,Corporate,East,2023-04-17
3263,Karen Taylor,karen.taylor65@example.com,Female,31.0,Consumer,Midwest,2023-09-03
3264,Jacob Wright,jacob.wright43@example.com,Male,49.0,Consumer,South,2023-10-19
3265,David Perez,david.perez36@example.com,Male,,Consumer,South,2023-05-21
3266,Ronald Johnson,ronald.johnson59@example.com,Male,43.0,Consumer,Midwest,2023-08-09
3267,Andrew Anderson,andrew.anderson57@example.com,,29.0,Home Office,East,2023-06-11
3268,Donald Anderson,donald.anderson41@example.com,Female,38.0,Consumer,East,2023-07-17
3269,Brenda Walker,brenda.walker62@example.com,Female,55.0,Corporate,Midwest,2023-03-26
3270,Donna Torres,donna.torres46@example.com,Male,,Consumer,West,2023-03-12
3271,Mark Smith,mark.smith62@example.com,Female,52.0,Consumer,South,2023-02-26
3272,Karen Baker,karen.baker16@example.com,Male,74.0,Home Office,East,2023-09-10
3273,Lisa Hill,lisa.hill39@example.com,Male,55.0,Consumer,East,2023-05-12
3274,Gary Moore,gary.moore27@example.com,,37.0,Consumer,West,2023-12-03
3275,Michelle Smith,michelle.smith33@example.com,Male,49.0,Consumer,West,2023-12-20
3276,Timothy Nelson,timothy.nelson99@example.com,,49.0,Consumer,West,2023-08-26
3277,Robert White,robert.white24@example.com,Female,21.0,Consumer,East,2023-04-15
3278,Thomas Adams,thomas.adams88@example.com,Male,53.0,Corporate,South,2023-03-15
3279,Gary Thomas,gary.thomas34@example.com,Male,54.0,Consumer,East,2023-05-19
3280,Mark Jones,mark.jones60@example.com,Female,,Corporate,Midwest,2023-11-19
3281,Thomas Nelson,thomas.nelson27@example.com,Female,25.0,Consumer,East,2023-03-12
3282,Karen Johnson,karen.johnson16@example.com,Female,35.0,Consumer,West,2023-05-10
3283,Gary Wright,gary.wright36@example.com,Male,46.0,Consumer,West,2023-07-15
3284,Jane Allen,jane.allen31@example.com,Female,65.0,Corporate,West,2023-12-24
3285,Betty Harris,betty.harris11@example.com,Female,36.0,Consumer,West,2023-11-03
3286,Robert Johnson,robert.johnson81@example.com,Female,63.0,Consumer,East,2023-02-28
3287,Joseph Martinez,joseph.martinez43@example.com,Male,31.0,Consumer,Midwest,2023-12-01
3288,John Jones,john.jones23@example.com,Female,48.0,Consumer,South,2023-09-29
3289,Jason Hall,jason.hall92@example.com,,31.0,Home Office,East,2023-09-18
3290,Brian Green,brian.green14@example.com,Male,-5.0,Consumer,West,2023-02-02
3291,Donald Sanchez,donald.sanchez59@example.com,Female,-12.0,Home Office,Midwest,2023-04-08
3292,Amy Green,amy.green93@example.com,Male,47.0,Corporate,East,2023-09-16
3293,Emily Gonzalez,emily.gonzalez15@example.com,Male,43.0,Corporate,West,2023-06-12
3294,Steven Jackson,steven.jackson67@example.com,Female,20.0,Consumer,East,2023-11-08
3295,Michael Martinez,michael.martinez69@example.com,Male,56.0,Consumer,South,2023-10-14
3296,Nicole Rivera,nicole.rivera36@example.com,Male,24.0,Consumer,East,2023-07-19
3297,Kimberly King,kimberly.king64@example.com,Female,42.0,Consumer,Midwest,2023-10-24
3298,Ryan Rivera,ryan.rivera76@example.com,Male,22.0,Corporate,East,2023-01-22
3299,Jeffrey Lee,jeffrey.lee13@example.com,Male,34.0,Consumer,East,2023-10-04
3300,David Nguyen,david.nguyen54@example.com,Female,52.0,Home Office,West,2023-07-06
3301,Sandra Thomas,sandra.thomas84@example.com,Male,42.0,Consumer,West,2023-03-14
3302,James Robinson,james.robinson99@example.com,Male,140.0,Consumer,South,2023-05-18
3303,Kimberly Ramirez,kimberly.ramirez80@example.com,Male,,Consumer,East,2023-04-14
3304,John Martinez,john.martinez75@example.com,Male,47.0,Consumer,West,2023-07-16
3305,Kimberly Nguyen,kimberly.nguyen81@example.com,Male,22.0,Home Office,East,2023-12-30
3306,Emily Hernandez,emily.hernandez50@example.com,Female,45.0,Home Office,South,2023-05-03
3307,John Wright,john.wright69@example.com,Male,54.0,Consumer,East,2023-03-06
3308,Jeffrey Smith,jeffrey.smith91@example.com,Male,63.0,Consumer,South,2023-09-05
3309,Joshua Walker,joshua.walker68@example.com,Male,66.0,Consumer,West,2023-03-13
3310,Mark Rodriguez,mark.rodriguez98@example.com,Female,67.0,Consumer,South,2023-01-05
3311,Andrew Garcia,andrew.garcia28@example.com,,63.0,Consumer,West,2023-03-14
3312,Joseph Jackson,joseph.jackson96@example.com,Male,21.0,Consumer,West,2023-12-04
3313,Joshua Hall,joshua.hall94@example.com,Female,57.0,Corporate,East,2023-12-31
3314,Kimberly Davis,kimberly.davis96@example.com,Female,41.0,Corporate,South,2023-08-11
3315,Donald Roberts,donald.roberts61@example.com,Female,20.0,Consumer,South,2023-12-15
3316,Steven King,steven.king40@example.com,Female,,Consumer,East,2023-07-07
3317,Karen Hernandez,karen.hernandez46@example.com,Female,41.0,Corporate,West,2023-08-23
3318,Brenda Gonzalez,brenda.gonzalez98@example.com,Male,66.0,Corporate,East,2023-11-16
3319,Jason Smith,jason.smith68@example.com,,48.0,Home Office,West,2023-08-04
3320,Emily Carter,emily.carter24@example.com,Male,39.0,Consumer,West,2023-12-26
3321,James Williams,james.williams18@example.com,Male,19.0,Corporate,South,2023-03-10
3322,Laura Thompson,laura.thompson81@example.com,Male,72.0,Consumer,Midwest,2023-06-22
3323,George Robinson,george.robinson81@example.com,Male,36.0,Consumer,West,2024-01-01
3324,Betty Thompson,betty.thompson72@example.com,Male,54.0,Home Office,Midwest,2023-10-19
3325,Sarah Taylor,sarah.taylor59@example.com,Female,42.0,Corporate,Midwest,2023-12-14
3326,Sandra Martinez,sandra.martinez12@example.com,Male,49.0,Consumer,Midwest,2023-12-03
3327,Paul Ramirez,paul.ramirez56@example.com,Male,52.0,Consumer,East,2023-10-31
3328,William Campbell,william.campbell73@example.com,Female,,Consumer,West,2023-12-19
3329,Ryan Baker,ryan.baker94@example.com,Female,23.0,Consumer,East,2023-07-13
3330,Jane Lee,jane.lee21@example.com,Female,70.0,Consumer,East,2023-02-28
3331,Laura Adams,laura.adams35@example.com,Male,38.0,Consumer,West,2023-12-02
3332,Betty Harris,betty.harris86@example.com,Male,23.0,Consumer,South,2023-01-30
3333,Jeffrey Williams,jeffrey.williams85@example.com,,55.0,Home Office,South,2023-10-11
3334,Andrew King,andrew.king24@example.com,Female,52.0,Consumer,South,2023-03-30
3335,Amy Adams,amy.adams39@example.com,Female,-12.0,Consumer,East,2023-01-26
3336,Brenda Mitchell,brenda.mitchell39@example.com,,32.0,Consumer,South,2023-08-02
3337,Kimberly Garcia,kimberly.garcia41@example.com,Female,59.0,Consumer,East,
3338,Sarah Rodriguez,sarah.rodriguez27@example.com,Female,40.0,Consumer,Midwest,2023-10-20
3339,Carol Roberts,carol.roberts68@example.com,Female,72.0,Corporate,East,
3340,Donald Rivera,donald.rivera38@example.com,,23.0,Consumer,West,2023-06-28
3341,Gary Scott,gary.scott37@example.com,Male,,Corporate,East,2023-09-12
3342,Joseph Hill,joseph.hill67@example.com,Female,24.0,Home Office,East,2023-03-05
3343,Ryan Martin,ryan.martin27@example.com,Male,44.0,Corporate,East,2023-07-02
3344,Nicole Johnson,nicole.johnson23@example.com,Female,62.0,Consumer,West,2023-09-18
3345,Melissa Walker,melissa.walker60@example.com,Male,52.0,Consumer,East,2023-04-21
3346,Paul Thomas,paul.thomas65@example.com,Female,,Corporate,East,2023-07-23
3347,Gary Green,gary.green30@example.com,Female,28.0,Corporate,South,2023-08-10
3348,Kimberly Lewis,kimberly.lewis75@example.com,Male,62.0,Consumer,South,2023-11-26
3349,Laura Garcia,laura.garcia60@example.com,Female,53.0,Corporate,West,2023-11-05
3350,Gary Rivera,gary.rivera78@example.com,Male,55.0,Corporate,East,2023-06-12
3351,Brian Wright,brian.wright23@example.com,Female,48.0,Consumer,South,2023-08-11
3352,Mark Hill,mark.hill73@example.com,Male,30.0,Consumer,East,2023-07-09
3353,Ryan Wright,ryan.wright13@example.com,Male,36.0,Consumer,South,2023-08-14
3354,James Roberts,james.roberts59@example.com,Male,70.0,Home Office,West,2023-06-30
3355,Laura Thompson,laura.thompson21@example.com,Female,25.0,Corporate,Midwest,2023-06-07
3356,Amy Ramirez,amy.ramirez15@example.com,,67.0,Consumer,East,2023-11-05
3357,Lisa Taylor,lisa.taylor44@example.com,Male,46.0,Corporate,South,2023-09-09
3358,Donald Green,donald.green69@example.com,Male,67.0,Home Office,West,2023-04-11
3359,Jane Davis,jane.davis23@example.com,Male,18.0,Consumer,West,2023-09-17
3360,Laura Green,laura.green14@example.com,Male,19.0,Consumer,East,2023-11-26
3361,George Thompson,george.thompson29@example.com,Male,30.0,Corporate,East,2023-04-18
3362,Jessica Green,jessica.green81@example.com,,20.0,Corporate,West,
3363,Melissa Green,melissa.green35@example.com,,34.0,Consumer,East,2023-07-17
3364,Nicole Rivera,nicole.rivera64@example.com,Female,48.0,Consumer,East,2023-11-22
3365,Matthew Johnson,matthew.johnson99@example.com,Female,62.0,Home Office,South,2023-11-25
3366,Jacob Moore,jacob.moore49@example.com,Female,61.0,Consumer,East,2023-09-11
3367,Daniel Brown,daniel.brown58@example.com,Female,41.0,Home Office,East,2023-05-10
3368,Michelle Anderson,michelle.anderson42@example.com,Male,59.0,Consumer,West,2023-10-09
3369,Kevin Nelson,kevin.nelson63@example.com,Male,73.0,Home Office,East,2023-04-12
3370,Matthew Scott,matthew.scott39@example.com,Female,45.0,Consumer,Midwest,2023-08-02
3371,Melissa Wilson,melissa.wilson65@example.com,Female,33.0,Consumer,East,2023-12-06
3372,Elizabeth Walker,elizabeth.walker56@example.com,Male,75.0,Consumer,Midwest,2023-05-05
3373,William Roberts,william.roberts93@example.com,Male,59.0,Consumer,Midwest,2023-05-05
3374,Jeffrey Ramirez,jeffrey.ramirez86@example.com,Male,66.0,Corporate,East,2023-06-06
3375,Mark Brown,mark.brown56@example.com,Male,52.0,Home Office,West,2023-08-26
3376,William Campbell,william.campbell11@example.com,,29.0,Consumer,West,2023-11-05
3377,Jacob Gonzalez,jacob.gonzalez82@example.com,,32.0,Consumer,East,2023-09-08
3378,Karen Nguyen,karen.nguyen50@example.com,Female,61.0,Consumer,West,
3379,Mary Johnson,mary.johnson18@example.com,Female,40.0,Corporate,West,2023-01-20
3380,Gary Rodriguez,gary.rodriguez98@example.com,Male,39.0,Home Office,East,
3381,Lisa Scott,lisa.scott22@example.com,Female,22.0,Consumer,East,2023-08-26
3382,George Taylor,george.taylor97@example.com,Male,66.0,Consumer,East,2023-06-19
3383,Joseph Garcia,joseph.garcia22@example.com,Male,54.0,Corporate,Midwest,
3384,William Sanchez,william.sanchez55@example.com,Female,27.0,Home Office,East,2023-12-12
3385,Steven Lopez,steven.lopez95@example.com,Male,49.0,Home Office,East,2023-04-09
3386,Mary Rivera,mary.rivera96@example.com,Female,23.0,Consumer,Midwest,2023-08-09
3387,Michael Hill,michael.hill90@example.com,Male,23.0,Corporate,East,2023-06-05
3388,Donald Thompson,donald.thompson50@example.com,Male,62.0,Consumer,East,2023-08-02
3389,Robert Walker,robert.walker33@example.com,Male,30.0,Corporate,West,2023-05-09
3390,Steven Miller,steven.miller27@example.com,Female,41.0,Home Office,East,2023-03-27
3391,Jacob Ramirez,jacob.ramirez42@example.com,Male,19.0,Consumer,West,2023-09-27
3392,Jessica Allen,jessica.allen93@example.com,Male,,Consumer,East,2023-01-31
3393,Kimberly Torres,kimberly.torres39@example.com,Female,68.0,Corporate,Midwest,2023-11-13
3394,George Perez,george.perez19@example.com,Female,37.0,Home Office,South,2023-12-31
3395,Ruth Campbell,ruth.campbell88@example.com,Male,26.0,Home Office,West,2023-12-27
3396,Jeffrey Clark,jeffrey.clark66@example.com,Male,66.0,Corporate,East,2023-04-28
3397,Gary King,gary.king81@example.com,Male,40.0,Consumer,East,2023-02-16
3398,Ronald Jackson,ronald.jackson93@example.com,Male,70.0,Consumer,East,2023-06-02
3399,Michelle Williams,michelle.williams96@example.com,Male,33.0,Home Office,East,2023-05-11
3400,Robert Walker,robert.walker56@example.com,Female,29.0,Consumer,West,2023-02-02
3401,Jessica Rivera,jessica.rivera52@example.com,Male,58.0,Consumer,East,2023-02-13
3402,Amy Rivera,amy.rivera35@example.com,Male,57.0,Consumer,West,2023-02-13
3403,Michael Baker,michael.baker93@example.com,Female,61.0,Consumer,South,2023-06-14
3404,Jane Clark,jane.clark28@example.com,Male,47.0,Corporate,West,2023-07-19
3405,Ruth Jones,ruth.jones67@example.com,Male,71.0,Consumer,East,2023-12-17
3406,Brenda Garcia,brenda.garcia16@example.com,Female,57.0,Corporate,East,2023-02-20
3407,Angela Scott,angela.scott41@example.com,Male,46.0,Consumer,South,2023-08-24
3408,Kimberly Roberts,kimberly.roberts71@example.com,Male,54.0,Consumer,East,2023-08-20
3409,Melissa Smith,melissa.smith66@example.com,Female,65.0,Consumer,Midwest,2023-02-11
3410,Michelle Gonzalez,michelle.gonzalez17@example.com,Female,,Home Office,South,2023-04-01
3411,John Rodriguez,john.rodriguez92@example.com,Male,53.0,Consumer,West,2023-04-20
3412,Ryan Martin,ryan.martin91@example.com,Male,38.0,Home Office,Midwest,2023-08-20
3413,Jacob Sanchez,jacob.sanchez16@example.com,Male,56.0,Consumer,South,2023-04-16
3414,Donna Clark,donna.clark97@example.com,Female,22.0,Consumer,East,2023-03-16
3415,Sandra Ramirez,sandra.ramirez79@example.com,Male,-12.0,Corporate,West,2023-12-07
3416,Robert Lewis,robert.lewis32@example.com,,38.0,Home Office,East,2023-05-06
3417,Donna Harris,donna.harris17@example.com,Female,18.0,Consumer,Midwest,2023-10-02
3418,Ronald Scott,ronald.scott31@example.com,Male,67.0,Home Office,East,2023-04-11
3419,Gary Campbell,gary.campbell19@example.com,Female,64.0,Consumer,West,2023-07-30
3420,Thomas Clark,thomas.clark11@example.com,Male,62.0,Consumer,Midwest,2023-05-06
3421,Ryan Harris,ryan.harris86@example.com,,55.0,Home Office,East,2023-11-28
3422,Melissa Ramirez,melissa.ramirez71@example.com,Male,,Consumer,East,2023-05-12
3423,Timothy Rivera,timothy.rivera22@example.com,Female,47.0,Home Office,East,2023-05-04
3424,Donna Scott,donna.scott56@example.com,Male,60.0,Consumer,West,2023-11-07
3425,Mark Miller,mark.miller33@example.com,Male,23.0,Consumer,East,2023-10-27
3426,Jacob Garcia,jacob.garcia89@example.com,Female,41.0,Consumer,Midwest,2023-08-30
3427,Karen Flores,karen.flores60@example.com,Female,56.0,Home Office,South,2023-08-08
3428,Melissa Garcia,melissa.garcia40@example.com,Male,61.0,Consumer,East,2023-08-01
3429,Jacob Martinez,jacob.martinez64@example.com,Female,26.0,Corporate,East,2023-07-15
3430,Gary Lewis,gary.lewis79@example.com,Male,49.0,Home Office,West,2023-02-20
3431,Joseph Wright,joseph.wright77@example.com,Female,20.0,Consumer,Midwest,2023-03-13
3432,Betty Baker,betty.baker93@example.com,Female,22.0,Home Office,East,2023-07-20
3433,Steven Lopez,steven.lopez73@example.com,Male,,Consumer,East,2023-02-26
3434,David Robinson,david.robinson63@example.com,Female,60.0,Consumer,East,2023-04-06
3435,Matthew Allen,matthew.allen39@example.com,Female,65.0,Consumer,Midwest,2023-08-01
3436,Daniel Walker,daniel.walker13@example.com,Female,52.0,Consumer,East,2023-07-18
3437,Angela Allen,angela.allen71@example.com,Male,53.0,Corporate,East,2023-04-29
3438,John Johnson,john.johnson45@example.com,Female,59.0,Home Office,West,2023-04-27
3439,Timothy Garcia,timothy.garcia54@example.com,Male,27.0,Consumer,East,2023-12-28
3440,George Davis,george.davis94@example.com,Female,42.0,Corporate,East,2023-04-25
3441,Donna Jones,donna.jones15@example.com,Male,61.0,Corporate,East,2023-02-18
3442,Sarah Wright,sarah.wright67@example.com,Male,25.0,Consumer,West,2023-01-11
3443,Sarah Wright,sarah.wright24@example.com,Female,72.0,Home Office,Midwest,2023-06-21
3444,Gary Lewis,gary.lewis77@example.com,Female,48.0,Consumer,West,2023-10-25
3445,Brenda Lewis,brenda.lewis89@example.com,Female,73.0,Consumer,West,2023-09-09
3446,Jessica Davis,jessica.davis45@example.com,Female,44.0,Consumer,Midwest,2023-02-18
3447,Mary Flores,mary.flores78@example.com,Male,49.0,Home Office,West,2023-12-17
3448,Jason Lee,jason.lee62@example.com,Male,30.0,Consumer,Midwest,2023-03-28
3449,George Robinson,george.robinson56@example.com,Female,65.0,Corporate,East,2023-08-01
3450,James Clark,james.clark86@example.com,Female,53.0,Consumer,West,2023-02-15
3451,Brian Wilson,brian.wilson77@example.com,Male,28.0,Consumer,East,2023-02-28
3452,Jacob Wilson,jacob.wilson92@example.com,Female,150.0,Consumer,West,2023-12-16
3453,Timothy Hernandez,timothy.hernandez24@example.com,Male,25.0,Consumer,East,2023-05-04
3454,David Walker,david.walker88@example.com,Female,20.0,Consumer,South,2023-01-24
3455,Carol Hall,carol.hall87@example.com,Male,28.0,Home Office,West,2023-06-01
3456,Michelle King,michelle.king52@example.com,Female,75.0,Consumer,Midwest,2023-05-01
3457,Gary Hill,gary.hill85@example.com,Male,72.0,Consumer,East,2023-04-22
3458,George Green,george.green29@example.com,Female,75.0,Consumer,East,2023-08-13
3459,Donna Jones,donna.jones86@example.com,Male,74.0,Consumer,Midwest,2023-11-19
3460,Ryan Taylor,ryan.taylor73@example.com,Male,24.0,Corporate,West,2023-04-04
3461,Jason Gonzalez,jason.gonzalez61@example.com,Male,43.0,Home Office,East,2023-11-03
3462,Daniel Thompson,daniel.thompson43@example.com,Male,53.0,Consumer,West,2023-04-30
3463,James Lee,james.lee59@example.com,Male,18.0,Corporate,East,2023-08-29
3464,George Sanchez,george.sanchez76@example.com,Female,57.0,Consumer,West,2023-10-28
3465,Kimberly Hall,kimberly.hall94@example.com,Female,35.0,Corporate,West,2023-01-17
3466,Mary Mitchell,mary.mitchell88@example.com,Male,47.0,Consumer,East,2023-04-07
3467,Ruth Adams,ruth.adams21@example.com,Male,-12.0,Consumer,East,2023-11-15
3468,Joshua Gonzalez,joshua.gonzalez64@example.com,Female,25.0,Home Office,West,2023-04-26
3469,Jason Jackson,jason.jackson11@example.com,Male,59.0,Consumer,South,2023-03-29
3470,Ryan Moore,ryan.moore22@example.com,Male,21.0,Consumer,East,2023-05-06
3471,Lisa Campbell,lisa.campbell40@example.com,Female,24.0,Corporate,Midwest,2023-02-21
3472,Nicole Martin,nicole.martin47@example.com,Female,53.0,Corporate,East,2023-05-19
3473,Karen Nelson,karen.nelson95@example.com,,33.0,Consumer,South,2023-07-08
3474,John Hall,john.hall86@example.com,Female,75.0,Consumer,East,2023-03-02
3475,Ronald Mitchell,ronald.mitchell75@example.com,Male,44.0,Home Office,East,2023-01-05
3476,Brenda Torres,brenda.torres46@example.com,Female,57.0,Corporate,West,2023-12-28
3477,David Gonzalez,david.gonzalez69@example.com,,58.0,Consumer,East,2023-06-16
3478,Sarah Baker,sarah.baker91@example.com,Male,22.0,Corporate,West,2023-02-06
3479,Jane Adams,jane.adams35@example.com,Female,29.0,Consumer,South,2023-10-31
3480,Lisa Williams,lisa.williams91@example.com,Male,63.0,Corporate,Midwest,2023-10-26
3481,Ronald Ramirez,ronald.ramirez86@example.com,Male,32.0,Consumer,West,2023-07-16
3482,Sarah Torres,sarah.torres42@example.com,Male,52.0,Home Office,West,2023-04-09
3483,George Baker,george.baker12@example.com,Male,37.0,Consumer,East,2023-12-01
3484,Edward Martinez,edward.martinez47@example.com,,29.0,Corporate,West,2023-04-07
3485,Donna Clark,donna.clark34@example.com,Female,52.0,Corporate,West,2023-05-02
3486,Daniel Wilson,daniel.wilson70@example.com,Female,57.0,Consumer,West,2023-01-20
3487,Kenneth Ramirez,kenneth.ramirez56@example.com,Male,64.0,Consumer,West,2023-07-16
3488,Brenda Rodriguez,brenda.rodriguez80@example.com,Male,31.0,Consumer,West,2023-01-12
3489,Brian Thompson,brian.thompson30@example.com,Female,74.0,Corporate,South,2023-09-03
3490,Edward Smith,edward.smith41@example.com,Female,31.0,Corporate,East,2023-02-19
3491,Joshua Sanchez,joshua.sanchez52@example.com,,69.0,Consumer,West,2023-04-14
3492,John Williams,john.williams85@example.com,Female,53.0,Home Office,South,2023-08-22
3493,Betty Moore,betty.moore46@example.com,Female,51.0,Corporate,East,2023-08-09
3494,Andrew Nguyen,andrew.nguyen78@example.com,Female,44.0,Consumer,West,2023-08-23
3495,Timothy Adams,timothy.adams12@example.com,Female,23.0,Consumer,East,2023-11-15
3496,Andrew Garcia,andrew.garcia20@example.com,,69.0,Home Office,East,2023-08-18
3497,James Perez,james.perez60@example.com,Female,64.0,Consumer,East,2023-12-01
3498,Ruth Jones,ruth.jones79@example.com,Female,61.0,Home Office,West,2023-09-09
3499,Ronald Jackson,ronald.jackson43@example.com,Male,62.0,Corporate,Midwest,2023-07-08
3500,Brenda Green,brenda.green65@example.com,Female,,Consumer,West,2023-05-23
3501,Mark Carter,mark.carter12@example.com,Female,63.0,Consumer,East,2023-04-28
3502,Melissa Perez,melissa.perez49@example.com,,65.0,Corporate,South,2023-04-02
3503,Mary Ramirez,mary.ramirez19@example.com,Male,69.0,Consumer,West,2023-06-03
3504,Michael Rodriguez,michael.rodriguez52@example.com,,72.0,Consumer,East,2023-06-15
3505,Jason Young,jason.young64@example.com,Female,37.0,Consumer,East,2023-02-06
3506,Edward Clark,edward.clark41@example.com,Female,66.0,Consumer,South,2023-10-14
3507,Emily Nelson,emily.nelson59@example.com,Female,64.0,Consumer,East,2023-01-12
3508,Gary Garcia,gary.garcia28@example.com,Female,23.0,Consumer,Midwest,2023-11-09
3509,Nicole Wilson,nicole.wilson10@example.com,Female,73.0,Consumer,East,2023-09-08
3510,Elizabeth Thompson,elizabeth.thompson77@example.com,Female,,Consumer,South,2023-06-17
3511,Paul Martinez,paul.martinez16@example.com,Female,37.0,Consumer,South,2023-04-19
3512,Edward Hill,edward.hill43@example.com,Female,63.0,Home Office,South,2023-02-23
3513,Kevin Jones,kevin.jones96@example.com,Male,46.0,Corporate,West,2023-02-15
3514,Joshua Rivera,joshua.rivera16@example.com,Male,74.0,Consumer,Midwest,2023-05-24
3515,Donald Robinson,donald.robinson69@example.com,Male,74.0,Consumer,East,2023-05-06
3516,Laura Lewis,laura.lewis78@example.com,Male,75.0,Corporate,East,2023-11-06
3517,Melissa Young,melissa.young43@example.com,Female,61.0,Consumer,West,2023-05-03
3518,Matthew Allen,matthew.allen52@example.com,Female,46.0,Consumer,South,2023-05-10
3519,Jane Carter,jane.carter40@example.com,Female,48.0,Consumer,West,2023-05-16
3520,Karen Johnson,karen.johnson71@example.com,Female,56.0,Consumer,South,2023-04-13
3521,Carol Garcia,carol.garcia19@example.com,Female,59.0,Corporate,West,2023-01-31
3522,Brenda Nguyen,brenda.nguyen17@example.com,Male,35.0,Corporate,East,2023-07-29
3523,Michelle Sanchez,michelle.sanchez55@example.com,Male,36.0,Home Office,West,2023-06-25
3524,Sandra King,sandra.king52@example.com,Female,39.0,Corporate,East,2023-04-13
3525,Gary Rodriguez,gary.rodriguez62@example.com,Male,60.0,Consumer,West,2023-01-19
3526,Daniel Robinson,daniel.robinson13@example.com,Male,-12.0,Home Office,West,2023-10-27
3527,Jacob Nelson,jacob.nelson56@example.com,Male,150.0,Home Office,West,2023-02-11
3528,Sarah Scott,sarah.scott23@example.com,Female,65.0,Consumer,East,2023-05-22
3529,Laura Ramirez,laura.ramirez19@example.com,Female,45.0,Corporate,East,2023-09-19
3530,Nicole Carter,nicole.carter92@example.com,Female,35.0,Home Office,Midwest,2023-10-26
3531,Paul Sanchez,paul.sanchez95@example.com,Female,27.0,Home Office,West,2023-01-09
3532,Ryan White,ryan.white27@example.com,Female,55.0,Corporate,South,2023-09-27
3533,Nicole Flores,nicole.flores18@example.com,Male,62.0,Consumer,West,2023-04-03
3534,Brian Rivera,brian.rivera33@example.com,Female,38.0,Consumer,West,2023-09-04
3535,Gary Thomas,gary.thomas89@example.com,Male,22.0,Consumer,East,2023-07-01
3536,David Wilson,david.wilson21@example.com,Female,,Consumer,West,2023-08-19
3537,Sandra Wilson,sandra.wilson80@example.com,Male,64.0,Corporate,East,2023-06-23
3538,William Taylor,william.taylor68@example.com,Female,18.0,Consumer,East,2023-11-07
3539,Daniel Jackson,daniel.jackson23@example.com,,73.0,Consumer,West,2023-04-26
3540,Kenneth Walker,kenneth.walker92@example.com,Female,52.0,Consumer,South,2023-12-16
3541,Timothy Carter,timothy.carter62@example.com,Female,24.0,Consumer,South,2023-04-15
3542,Michelle Jones,michelle.jones74@example.com,Male,50.0,Consumer,West,2023-05-17
3543,Paul Roberts,paul.roberts50@example.com,Male,57.0,Corporate,East,2023-10-03
3544,Michelle Green,michelle.green31@example.com,Female,38.0,Corporate,West,2023-11-15
3545,Brenda Brown,brenda.brown83@example.com,Male,53.0,Consumer,East,2023-06-19
3546,Michelle King,michelle.king24@example.com,Female,29.0,Consumer,Midwest,2023-04-16
3547,James Nguyen,james.nguyen38@example.com,Male,63.0,Corporate,East,2023-01-29
3548,Joseph Wright,joseph.wright18@example.com,Female,26.0,Consumer,West,2023-03-30
3549,Carol Hernandez,carol.hernandez23@example.com,Female,65.0,Corporate,East,2023-01-27
3550,Angela Mitchell,angela.mitchell23@example.com,Female,75.0,Consumer,Midwest,2023-02-16
3551,Sarah Jackson,sarah.jackson61@example.com,Male,74.0,Consumer,East,2023-07-05
3552,Joseph Brown,joseph.brown18@example.com,Male,69.0,Home Office,West,2023-01-06
3553,Andrew Lewis,andrew.lewis78@example.com,Male,57.0,Consumer,East,2023-07-28
3554,Michelle Flores,michelle.flores80@example.com,Female,44.0,Consumer,East,2023-12-29
3555,Kimberly Thomas,kimberly.thomas49@example.com,Female,53.0,Home Office,West,2023-04-05
3556,George Nguyen,george.nguyen22@example.com,Female,21.0,Corporate,Midwest,2023-12-17
3557,Sarah Flores,sarah.flores23@example.com,,62.0,Consumer,East,2023-11-25
3558,Steven Hall,steven.hall88@example.com,Male,74.0,Consumer,Midwest,2023-12-26
3559,Jeffrey King,jeffrey.king91@example.com,Female,65.0,Corporate,East,2023-10-02
3560,Karen Clark,karen.clark74@example.com,Male,58.0,Corporate,West,2023-07-02
3561,Edward Sanchez,edward.sanchez31@example.com,Female,54.0,Home Office,East,2023-03-16
3562,Jane King,jane.king34@example.com,Female,63.0,Consumer,Midwest,2023-01-02
3563,John Thompson,john.thompson82@example.com,Female,66.0,Consumer,West,2023-11-18
3564,Elizabeth Brown,elizabeth.brown35@example.com,Male,,Consumer,East,2023-08-26
3565,Donna Scott,donna.scott53@example.com,Male,30.0,Consumer,Midwest,2023-03-04
3566,Karen Flores,karen.flores54@example.com,Female,63.0,Consumer,West,2023-06-19
3567,Gary Allen,gary.allen92@example.com,,58.0,Corporate,East,2023-07-24
3568,Jane Harris,jane.harris15@example.com,Male,71.0,Consumer,South,2023-01-07
3569,Paul Thompson,paul.thompson48@example.com,Female,69.0,Home Office,West,2023-11-07
3570,Ruth Williams,ruth.williams84@example.com,,58.0,Corporate,East,2023-10-27
3571,Kenneth Perez,kenneth.perez65@example.com,Female,24.0,Home Office,East,2023-06-18
3572,Edward Thompson,edward.thompson65@example.com,Male,49.0,Corporate,East,2023-09-19
3573,Andrew Campbell,andrew.campbell58@example.com,Male,150.0,Home Office,South,2023-01-27
3574,Paul Adams,paul.adams26@example.com,Male,19.0,Corporate,East,2023-02-20
3575,Jeffrey Gonzalez,jeffrey.gonzalez81@example.com,Female,55.0,Consumer,West,2023-08-17
3576,Sarah Carter,sarah.carter83@example.com,Male,31.0,Corporate,East,2023-05-12
3577,Amy Nguyen,amy.nguyen51@example.com,Male,54.0,Home Office,Midwest,2023-02-07
3578,Angela Rivera,angela.rivera25@example.com,Male,32.0,Consumer,South,2023-03-07
3579,Mary Thomas,mary.thomas85@example.com,Male,44.0,Consumer,West,2023-11-24
3580,Emily Torres,emily.torres52@example.com,Male,43.0,Consumer,West,2023-10-12
3581,Daniel Allen,daniel.allen76@example.com,Female,39.0,Corporate,West,2023-12-05
3582,Karen Nguyen,karen.nguyen31@example.com,Male,28.0,Corporate,South,2023-03-26
3583,Jason Wright,jason.wright10@example.com,Male,27.0,Corporate,East,2023-04-18
3584,Michael Ramirez,michael.ramirez75@example.com,Female,37.0,Home Office,West,2023-08-05
3585,Melissa Clark,melissa.clark91@example.com,Male,43.0,Consumer,East,2023-10-10
3586,Thomas Walker,thomas.walker44@example.com,Female,48.0,Consumer,Midwest,2023-02-10
3587,Thomas Thompson,thomas.thompson91@example.com,Female,40.0,Consumer,South,2023-12-30
3588,Ruth Hill,ruth.hill90@example.com,Female,63.0,Consumer,West,2023-05-22
3589,Sarah Baker,sarah.baker18@example.com,Female,42.0,Home Office,South,2023-03-22
3590,Kimberly Lewis,kimberly.lewis51@example.com,Male,57.0,Consumer,West,2023-05-12
3591,Ruth Anderson,ruth.anderson44@example.com,Female,22.0,Consumer,West,2023-11-25
3592,Kimberly Martin,kimberly.martin24@example.com,Female,45.0,Corporate,South,2023-01-05
3593,Emily Torres,emily.torres36@example.com,Male,-5.0,Consumer,Midwest,2023-04-09
3594,Michael Garcia,michael.garcia51@example.com,Male,35.0,Consumer,West,2023-09-26
3595,Donna Carter,donna.carter79@example.com,Male,60.0,Consumer,West,2023-09-03
3596,Steven Clark,steven.clark80@example.com,,67.0,Consumer,West,2023-12-02
3597,Timothy Brown,timothy.brown20@example.com,Male,68.0,Consumer,East,2023-06-03
3598,Mary Smith,mary.smith19@example.com,Female,46.0,Corporate,West,2023-07-11
3599,Amy Sanchez,amy.sanchez61@example.com,Female,40.0,Consumer,South,2023-05-20
3600,Paul Johnson,paul.johnson54@example.com,Male,20.0,Home Office,Midwest,2023-08-12
3601,Melissa Moore,melissa.moore61@example.com,Male,21.0,Consumer,East,2023-04-16
3602,Laura Hall,laura.hall48@example.com,Male,62.0,Consumer,East,2023-09-29
3603,Donald Clark,donald.clark66@example.com,Male,41.0,Home Office,East,2023-03-29
3604,Sarah Thompson,sarah.thompson51@example.com,Male,73.0,Consumer,West,
3605,Melissa Robinson,melissa.robinson53@example.com,Male,28.0,Consumer,South,2023-08-02
3606,Daniel Wilson,daniel.wilson87@example.com,Female,35.0,Consumer,East,2023-07-22
3607,John Lewis,john.lewis81@example.com,Male,71.0,Consumer,West,2023-12-08
3608,Brian Hall,brian.hall82@example.com,Male,41.0,Consumer,West,2023-03-20
3609,Brian Baker,brian.baker98@example.com,Male,56.0,Consumer,South,2023-06-23
3610,Betty Baker,betty.baker22@example.com,Female,29.0,Home Office,Midwest,2023-12-11
3611,Jacob Thomas,jacob.thomas76@example.com,Female,48.0,Home Office,East,2023-08-16
3612,Kimberly Thompson,kimberly.thompson58@example.com,Male,41.0,Consumer,East,2023-11-10
3613,Daniel Adams,daniel.adams36@example.com,Female,67.0,Home Office,Midwest,2023-08-30
3614,Ronald Young,ronald.young23@example.com,Female,29.0,Home Office,East,2023-01-02
3615,Angela Moore,angela.moore88@example.com,Male,62.0,Home Office,West,2023-02-27
3616,Donald Wilson,donald.wilson56@example.com,Female,21.0,Consumer,West,2023-02-26
3617,Jessica Perez,jessica.perez92@example.com,Female,67.0,Consumer,West,2023-05-15
3618,Sandra Nelson,sandra.nelson19@example.com,Female,48.0,Consumer,West,2023-06-30
3619,Michelle Robinson,michelle.robinson74@example.com,Female,39.0,Corporate,Midwest,2023-11-21
3620,Melissa Martin,melissa.martin22@example.com,Female,41.0,Corporate,West,2023-11-14
3621,Ronald Lee,ronald.lee29@example.com,Male,41.0,Corporate,Midwest,2023-01-10
3622,Gary Baker,gary.baker84@example.com,Female,56.0,Consumer,West,2023-09-07
3623,Michelle Allen,michelle.allen22@example.com,Female,,Consumer,East,2023-09-29
3624,Gary Taylor,gary.taylor90@example.com,Male,33.0,Corporate,Midwest,2023-12-02
3625,Edward Martin,edward.martin66@example.com,,,Consumer,South,2023-07-25
3626,Angela Lewis,angela.lewis91@example.com,Female,49.0,Home Office,Midwest,2023-09-08
3627,Jeffrey Hall,jeffrey.hall41@example.com,Male,63.0,Consumer,Midwest,2023-06-24
3628,Michael King,michael.king37@example.com,Female,67.0,Consumer,West,2023-03-04
3629,Elizabeth Johnson,elizabeth.johnson34@example.com,Female,22.0,Consumer,East,2023-11-12
3630,Gary Johnson,gary.johnson94@example.com,Male,20.0,Corporate,West,2023-08-24
3631,Brian Adams,brian.adams44@example.com,Female,62.0,Consumer,East,2023-09-28
3632,Mark Lee,mark.lee97@example.com,Male,69.0,Corporate,East,2023-05-02
3633,Ronald Scott,ronald.scott84@example.com,Female,40.0,Corporate,East,2023-08-08
3634,Melissa Thomas,melissa.thomas57@example.com,Female,56.0,Consumer,West,2023-09-08
3635,Emily Robinson,emily.robinson26@example.com,Male,23.0,Consumer,West,2023-04-29
3636,Donald Miller,donald.miller34@example.com,Male,21.0,Consumer,Midwest,2023-06-08
3637,William Young,william.young91@example.com,Male,72.0,Corporate,East,2023-04-26
3638,Mark Walker,mark.walker82@example.com,Male,35.0,Consumer,Midwest,2023-01-12
3639,Joseph Rivera,joseph.rivera95@example.com,,,Consumer,East,2023-04-27
3640,Michelle Roberts,michelle.roberts90@example.com,Female,27.0,Corporate,West,2023-01-13
3641,Kenneth Lopez,kenneth.lopez53@example.com,Female,64.0,Consumer,East,2023-10-30
3642,Daniel Rivera,daniel.rivera18@example.com,Female,55.0,Consumer,West,2023-03-06
3643,Gary Rodriguez,gary.rodriguez35@example.com,Male,-12.0,Consumer,West,2023-03-23
3644,Steven Garcia,steven.garcia23@example.com,Male,69.0,Consumer,East,2023-06-06
3645,Laura Carter,laura.carter50@example.com,Female,35.0,Home Office,South,2023-07-10
3646,Timothy Wilson,timothy.wilson33@example.com,Female,22.0,Corporate,East,2023-02-19
3647,Gary Hall,gary.hall78@example.com,Female,42.0,Consumer,West,2023-04-07
3648,Kenneth Johnson,kenneth.johnson97@example.com,Male,70.0,Consumer,Midwest,2023-10-04
3649,James Hall,james.hall85@example.com,Female,67.0,Consumer,West,2023-05-24
3650,Melissa Garcia,melissa.garcia43@example.com,Male,22.0,Consumer,West,2023-09-25
3651,Sandra Gonzalez,sandra.gonzalez41@example.com,Male,25.0,Consumer,West,2023-03-28
3652,Kevin Wilson,kevin.wilson59@example.com,,,Consumer,Midwest,2023-07-22
3653,Matthew Robinson,matthew.robinson71@example.com,,44.0,Consumer,Midwest,2023-09-05
3654,Kimberly Miller,kimberly.miller79@example.com,Female,65.0,Corporate,East,2023-01-02
3655,Joshua Clark,joshua.clark93@example.com,Male,29.0,Corporate,East,2023-09-13
3656,Karen Williams,karen.williams46@example.com,Female,60.0,Home Office,West,2023-09-14
3657,Steven Torres,steven.torres38@example.com,,60.0,Consumer,West,2023-06-02
3658,Nicole Perez,nicole.perez61@example.com,Female,24.0,Consumer,Midwest,2023-02-12
3659,Laura Williams,laura.williams51@example.com,Male,19.0,Consumer,South,2023-05-09
3660,Brian Williams,brian.williams82@example.com,Female,32.0,Consumer,Midwest,2023-06-22
3661,Ronald Davis,ronald.davis86@example.com,Male,22.0,Consumer,West,2023-07-11
3662,Mary Torres,mary.torres22@example.com,Male,47.0,Consumer,South,2023-08-25
3663,Donna Lopez,donna.lopez25@example.com,Male,-12.0,Consumer,East,2023-07-23
3664,Jeffrey Rodriguez,jeffrey.rodriguez53@example.com,Female,26.0,Consumer,South,2023-08-05
3665,Brian Mitchell,brian.mitchell13@example.com,Female,35.0,Consumer,West,2023-03-14
3666,George Anderson,george.anderson35@example.com,Female,66.0,Consumer,Midwest,2023-06-02
3667,Joseph Baker,joseph.baker89@example.com,Male,46.0,Home Office,West,2023-06-17
3668,Sarah Walker,sarah.walker49@example.com,Female,31.0,Consumer,East,2023-12-28
3669,Donald Davis,donald.davis13@example.com,Male,69.0,Consumer,East,2023-03-19
3670,Kevin Thomas,kevin.thomas34@example.com,Female,58.0,Corporate,West,2023-09-04
3671,Brian Nguyen,brian.nguyen11@example.com,Female,73.0,Home Office,West,2023-02-21
3672,Melissa Young,melissa.young20@example.com,Male,40.0,Corporate,West,2023-08-20
3673,Emily Torres,emily.torres48@example.com,,62.0,Consumer,East,2023-06-18
3674,Sarah Sanchez,sarah.sanchez42@example.com,Male,58.0,Consumer,West,2023-06-14
3675,Betty Thomas,betty.thomas67@example.com,Female,53.0,Corporate,Midwest,2023-07-26
3676,Elizabeth Robinson,elizabeth.robinson95@example.com,Male,,Consumer,East,2023-06-08
3677,Mark Adams,mark.adams85@example.com,Female,60.0,Consumer,West,2023-02-10
3678,Edward Carter,edward.carter70@example.com,Male,29.0,Consumer,South,2023-08-04
3679,Ryan Campbell,ryan.campbell67@example.com,Female,34.0,Home Office,Midwest,2023-06-24
3680,Jessica Roberts,jessica.roberts10@example.com,Female,72.0,Consumer,Midwest,2023-06-05
3681,Timothy Lewis,timothy.lewis37@example.com,Male,42.0,Corporate,West,
3682,Ruth Jackson,ruth.jackson30@example.com,Female,72.0,Consumer,South,2023-07-04
3683,Angela Rivera,angela.rivera48@example.com,Female,24.0,Consumer,West,2023-09-05
3684,Brian Walker,brian.walker60@example.com,Female,61.0,Consumer,West,2023-08-03
3685,Ruth Robinson,ruth.robinson29@example.com,Female,42.0,Consumer,Midwest,2023-04-18
3686,Matthew Allen,matthew.allen53@example.com,Male,55.0,Corporate,West,
3687,Kenneth Taylor,kenneth.taylor97@example.com,Female,18.0,Consumer,West,2023-07-14
3688,Jeffrey Nguyen,jeffrey.nguyen86@example.com,Female,-12.0,Consumer,East,2023-10-08
3689,Joshua Williams,joshua.williams89@example.com,Female,74.0,Consumer,West,2023-11-02
3690,Michelle Robinson,michelle.robinson15@example.com,Male,75.0,Consumer,East,2023-03-15
3691,Steven Anderson,steven.anderson73@example.com,Male,69.0,Consumer,East,2023-08-16
3692,David Nelson,david.nelson20@example.com,,33.0,Home Office,West,2023-03-05
3693,Robert Scott,robert.scott86@example.com,Male,20.0,Corporate,East,2023-12-01
3694,William Jackson,william.jackson35@example.com,Male,67.0,Consumer,Midwest,2023-03-15
3695,Betty Flores,betty.flores85@example.com,Female,19.0,Consumer,West,2023-12-29
3696,Jane Harris,jane.harris82@example.com,Female,61.0,Corporate,East,2023-07-24
3697,Brenda Thompson,brenda.thompson93@example.com,Female,74.0,Corporate,West,2023-03-13
3698,George Martin,george.martin21@example.com,Female,63.0,Consumer,East,2023-01-17
3699,Steven Taylor,steven.taylor42@example.com,Female,48.0,Consumer,Midwest,2023-06-24
3700,Sandra Miller,sandra.miller24@example.com,Male,41.0,Corporate,East,2023-06-09
3701,Karen King,karen.king10@example.com,Female,37.0,Consumer,South,2023-07-06
3702,Ruth Johnson,ruth.johnson71@example.com,Female,58.0,Consumer,West,2023-10-06
3703,Laura Johnson,laura.johnson96@example.com,Male,26.0,Consumer,East,2023-05-08
3704,David Walker,david.walker14@example.com,Male,63.0,Corporate,Midwest,2023-10-14
3705,Laura Clark,laura.clark36@example.com,Male,48.0,Consumer,West,2023-09-05
3706,William King,william.king73@example.com,Male,28.0,Consumer,West,2023-10-18
3707,Michelle Clark,michelle.clark32@example.com,Male,60.0,Consumer,South,2023-06-08
3708,Carol Davis,carol.davis64@example.com,,29.0,Consumer,West,2023-09-17
3709,John Walker,john.walker10@example.com,,-5.0,Consumer,East,2023-09-07
3710,Carol Perez,carol.perez97@example.com,,27.0,Consumer,South,2023-12-27
3711,Nicole Carter,nicole.carter10@example.com,Female,41.0,Consumer,South,2023-02-04
3712,Laura Moore,laura.moore77@example.com,Male,62.0,Consumer,West,2023-05-18
3713,Laura Clark,laura.clark26@example.com,Female,19.0,Consumer,West,2023-07-02
3714,William Sanchez,william.sanchez97@example.com,Female,28.0,Consumer,East,2023-04-28
3715,Jeffrey Sanchez,jeffrey.sanchez17@example.com,Female,52.0,Corporate,South,2023-04-07
3716,Joseph Smith,joseph.smith83@example.com,Female,33.0,Consumer,West,2023-04-21
3717,Laura Wright,laura.wright92@example.com,,,Consumer,East,2023-05-13
3718,Ruth Lewis,ruth.lewis86@example.com,Male,22.0,Consumer,Midwest,2023-12-06
3719,Kevin Perez,kevin.perez74@example.com,Female,,Consumer,East,2023-02-24
3720,Brian Ramirez,brian.ramirez73@example.com,Female,19.0,Consumer,East,2023-06-29
3721,David Torres,david.torres26@example.com,,27.0,Corporate,East,2023-06-30
3722,Robert Thomas,robert.thomas39@example.com,Female,71.0,Consumer,West,2023-11-28
3723,Joseph Carter,joseph.carter71@example.com,Male,24.0,Consumer,South,2023-11-20
3724,Michelle Lee,michelle.lee25@example.com,,69.0,Consumer,East,2023-08-16
3725,Sarah Jackson,sarah.jackson86@example.com,Male,47.0,Corporate,East,2023-08-24
3726,Carol Hall,carol.hall24@example.com,Female,37.0,Consumer,West,2023-08-28
3727,Sandra Nguyen,sandra.nguyen62@example.com,Male,23.0,Consumer,West,2023-10-07
3728,Sandra Hall,sandra.hall18@example.com,Female,33.0,Home Office,Midwest,2023-11-27
3729,Kimberly Rivera,kimberly.rivera69@example.com,Female,58.0,Corporate,West,2023-11-19
3730,Ruth Martin,ruth.martin89@example.com,Female,73.0,Consumer,East,2023-09-01
3731,Jessica Perez,jessica.perez61@example.com,Female,51.0,Consumer,West,2023-11-28
3732,Michael Hernandez,michael.hernandez88@example.com,Male,32.0,Home Office,West,2023-10-01
3733,Nicole Johnson,nicole.johnson92@example.com,Female,73.0,Consumer,West,2023-01-26
3734,Edward Johnson,edward.johnson16@example.com,Male,44.0,Corporate,South,2023-09-05
3735,Thomas Walker,thomas.walker63@example.com,Male,62.0,Corporate,East,2023-12-22
3736,Robert Rodriguez,robert.rodriguez56@example.com,Male,32.0,Corporate,East,2023-11-03
3737,Thomas Brown,thomas.brown86@example.com,Female,58.0,Home Office,West,2023-02-21
3738,Gary Perez,gary.perez28@example.com,Male,25.0,Consumer,West,2023-04-05
3739,Lisa Sanchez,lisa.sanchez49@example.com,Female,73.0,Corporate,East,2023-10-20
3740,John Smith,john.smith91@example.com,,57.0,Home Office,West,2023-04-22
3741,Ruth Flores,ruth.flores77@example.com,Female,37.0,Consumer,East,2023-10-22
3742,Kevin Green,kevin.green41@example.com,Female,61.0,Consumer,West,2023-12-22
3743,Joshua Walker,joshua.walker20@example.com,Male,19.0,Consumer,South,2023-03-27
3744,Kimberly Roberts,kimberly.roberts30@example.com,Female,33.0,Consumer,Midwest,2023-01-06
3745,Michael Campbell,michael.campbell35@example.com,Male,63.0,Consumer,South,2023-01-29
3746,Kimberly Martin,kimberly.martin68@example.com,Female,46.0,Consumer,West,2023-05-08
3747,Ryan Rivera,ryan.rivera51@example.com,Male,36.0,Consumer,West,2023-05-08
3748,Jessica Sanchez,jessica.sanchez89@example.com,Male,65.0,Home Office,East,2023-08-10
3749,Andrew White,andrew.white44@example.com,Male,37.0,Consumer,Midwest,2023-12-17
3750,Brian Sanchez,brian.sanchez85@example.com,,31.0,Consumer,South,2023-12-10
3751,Angela Lopez,angela.lopez98@example.com,Female,32.0,Consumer,South,2023-04-12
3752,Sandra Allen,sandra.allen22@example.com,Male,,Consumer,East,2023-05-22
3753,Ruth Thomas,ruth.thomas90@example.com,Male,,Consumer,Midwest,2023-08-05
3754,Carol Miller,carol.miller32@example.com,Female,19.0,Consumer,East,2023-10-03
3755,Michelle Gonzalez,michelle.gonzalez68@example.com,Male,20.0,Corporate,Midwest,2023-02-07
3756,Laura Brown,laura.brown26@example.com,Male,70.0,Corporate,Midwest,
3757,Jason Garcia,jason.garcia56@example.com,Female,49.0,Consumer,East,2023-10-28
3758,Donna Green,donna.green99@example.com,,75.0,Corporate,South,2023-12-18
3759,Gary Martin,gary.martin53@example.com,Male,-12.0,Consumer,East,2023-07-10
3760,Sarah Rodriguez,sarah.rodriguez51@example.com,Male,67.0,Corporate,East,2023-10-28
3761,Sarah Thomas,sarah.thomas54@example.com,Female,32.0,Consumer,West,2023-06-08
3762,Brenda Taylor,brenda.taylor18@example.com,Female,62.0,Consumer,South,2023-06-10
3763,Donald Young,donald.young25@example.com,Female,32.0,Consumer,West,2023-09-21
3764,Edward Adams,edward.adams26@example.com,Female,71.0,Consumer,West,2023-03-03
3765,Ryan Clark,ryan.clark27@example.com,Male,73.0,Corporate,East,2023-07-06
3766,Jason Ramirez,jason.ramirez40@example.com,Male,18.0,Consumer,East,2023-02-07
3767,Mark Williams,mark.williams47@example.com,Female,60.0,Consumer,West,2023-07-03
3768,Ronald Adams,ronald.adams63@example.com,Female,37.0,Corporate,South,2023-04-21
3769,Timothy Ramirez,timothy.ramirez13@example.com,Male,55.0,Corporate,West,2023-01-23
3770,Sarah Jackson,sarah.jackson63@example.com,Male,56.0,Consumer,West,2023-09-20
3771,Amy Allen,amy.allen81@example.com,Male,,Consumer,East,2023-07-20
3772,Ronald Davis,ronald.davis59@example.com,Male,50.0,Consumer,Midwest,2023-10-02
3773,Jeffrey Thompson,jeffrey.thompson21@example.com,Female,56.0,Consumer,East,2023-06-29
3774,Edward Williams,edward.williams94@example.com,Female,66.0,Corporate,East,2023-03-24
3775,Steven Walker,steven.walker32@example.com,Male,27.0,Corporate,South,2023-03-22
3776,John Campbell,john.campbell91@example.com,Male,73.0,Home Office,West,2023-03-21
3777,Edward Gonzalez,edward.gonzalez68@example.com,Female,47.0,Corporate,West,2023-12-31
3778,Gary Johnson,gary.johnson78@example.com,Female,74.0,Corporate,West,2023-11-03
3779,Angela Green,angela.green82@example.com,Female,36.0,Consumer,West,2023-04-15
3780,Paul Robinson,paul.robinson20@example.com,Female,20.0,Consumer,South,2023-07-14
3781,Amy Allen,amy.allen63@example.com,Male,39.0,Corporate,South,2023-02-21
3782,Sarah Ramirez,sarah.ramirez48@example.com,Male,56.0,Consumer,South,2023-07-25
3783,Betty Martin,betty.martin41@example.com,Male,58.0,Consumer,Midwest,2023-04-18
3784,Angela Martinez,angela.martinez12@example.com,Male,71.0,Home Office,East,2023-08-08
3785,Ruth Carter,ruth.carter37@example.com,Female,48.0,Corporate,East,2023-01-10
3786,Gary Gonzalez,gary.gonzalez22@example.com,Female,68.0,Consumer,West,2023-08-01
3787,James White,james.white46@example.com,Male,,Consumer,South,2023-05-15
3788,Ronald Brown,ronald.brown27@example.com,Female,19.0,Consumer,East,2023-06-25
3789,Matthew Nguyen,matthew.nguyen14@example.com,Male,55.0,Consumer,South,2023-04-17
3790,Brian Young,brian.young61@example.com,Male,48.0,Home Office,South,2023-07-13
3791,James Sanchez,james.sanchez37@example.com,,67.0,Corporate,West,2023-09-27
3792,Thomas Roberts,thomas.roberts95@example.com,,,Consumer,East,2023-04-25
3793,Mark Hernandez,mark.hernandez88@example.com,Male,49.0,Consumer,South,2024-01-01
3794,Donna Miller,donna.miller66@example.com,Female,35.0,Consumer,South,2023-07-18
3795,Karen Allen,karen.allen89@example.com,Male,51.0,Consumer,East,2023-07-13
3796,William Martinez,william.martinez53@example.com,Female,21.0,Consumer,South,
3797,Robert Thomas,robert.thomas14@example.com,Female,,Corporate,Midwest,2023-08-28
3798,Andrew Miller,andrew.miller33@example.com,Female,65.0,Consumer,Midwest,2023-05-15
3799,James King,james.king90@example.com,Male,44.0,Consumer,East,2023-01-23
3800,Jason Wright,jason.wright24@example.com,Male,49.0,Home Office,East,2023-05-31
3801,Gary Moore,gary.moore72@example.com,Male,42.0,Corporate,East,2023-08-02
3802,Sarah Lee,sarah.lee27@example.com,Female,69.0,Consumer,Midwest,2023-05-25
3803,Carol Martin,carol.martin29@example.com,,34.0,Consumer,South,2023-03-18
3804,Daniel Wright,daniel.wright79@example.com,Male,33.0,Consumer,West,2023-05-01
3805,Elizabeth Jones,elizabeth.jones48@example.com,Male,71.0,Consumer,East,2023-02-26
3806,Kevin Williams,kevin.williams99@example.com,Female,69.0,Consumer,East,2023-05-15
3807,Jessica Hill,jessica.hill41@example.com,Female,,Home Office,West,2023-05-16
3808,Elizabeth Garcia,elizabeth.garcia74@example.com,Male,70.0,Consumer,West,2023-11-12
3809,Robert Campbell,robert.campbell50@example.com,Female,61.0,Consumer,South,2023-06-05
3810,Jeffrey Young,jeffrey.young62@example.com,Male,20.0,Home Office,West,2023-02-10
3811,Donna Garcia,donna.garcia35@example.com,Male,72.0,Home Office,West,2023-10-15
3812,Edward Miller,edward.miller49@example.com,,23.0,Consumer,South,2023-04-29
3813,William Lee,william.lee91@example.com,Male,46.0,Consumer,South,2023-07-04
3814,Paul Smith,paul.smith83@example.com,Male,75.0,Home Office,West,2023-02-21
3815,Matthew Nelson,matthew.nelson74@example.com,Male,-12.0,Home Office,South,2023-07-01
3816,Jacob Harris,jacob.harris44@example.com,Male,27.0,Consumer,West,2023-12-05
3817,Joshua Hill,joshua.hill44@example.com,Female,19.0,Consumer,Midwest,2023-08-19
3818,Daniel Taylor,daniel.taylor89@example.com,Female,,Corporate,East,2023-05-07
3819,George Miller,george.miller39@example.com,Female,70.0,Consumer,West,2023-06-03
3820,David Smith,david.smith59@example.com,,66.0,Consumer,East,2023-06-29
3821,Thomas Jones,thomas.jones99@example.com,Male,43.0,Consumer,East,2023-12-17
3822,Michael Garcia,michael.garcia13@example.com,Female,36.0,Consumer,East,2023-02-18
3823,William Lee,william.lee38@example.com,Female,19.0,Consumer,South,2023-08-14
3824,Matthew King,matthew.king61@example.com,Female,42.0,Consumer,East,2023-11-22
3825,Angela King,angela.king85@example.com,Female,47.0,Consumer,West,
3826,Nicole Thomas,nicole.thomas61@example.com,Male,75.0,Consumer,East,2023-08-28
3827,John Carter,john.carter19@example.com,Male,38.0,Consumer,South,2023-06-08
3828,George Gonzalez,george.gonzalez35@example.com,Male,24.0,Corporate,South,2023-02-07
3829,Andrew Miller,andrew.miller83@example.com,Female,20.0,Corporate,South,2023-01-13
3830,William Garcia,william.garcia44@example.com,Male,69.0,Consumer,West,2023-10-31
3831,Kimberly Lewis,kimberly.lewis45@example.com,Male,51.0,Consumer,West,2023-10-17
3832,Jeffrey Clark,jeffrey.clark99@example.com,Female,32.0,Corporate,West,2023-02-25
3833,Joshua Roberts,joshua.roberts97@example.com,,32.0,Consumer,East,2023-01-01
3834,Jacob Brown,jacob.brown49@example.com,Male,43.0,Corporate,South,2023-04-20
3835,Jeffrey Harris,jeffrey.harris24@example.com,Female,47.0,Home Office,East,2023-08-21
3836,Betty Torres,betty.torres48@example.com,Male,49.0,Corporate,West,2023-03-19
3837,Joseph Mitchell,joseph.mitchell81@example.com,Female,60.0,Home Office,West,2023-11-15
3838,Karen Walker,karen.walker94@example.com,Female,34.0,Consumer,West,2023-05-04
3839,Donna Torres,donna.torres35@example.com,Female,42.0,Corporate,Midwest,2023-01-18
3840,Kimberly Smith,kimberly.smith56@example.com,Male,32.0,Consumer,East,2023-08-25
3841,George Rodriguez,george.rodriguez25@example.com,Male,39.0,Home Office,West,
3842,Timothy Nguyen,timothy.nguyen81@example.com,Female,43.0,Corporate,West,2023-04-17
3843,Angela Wright,angela.wright98@example.com,Male,36.0,Consumer,South,2023-11-18
3844,Nicole Lee,nicole.lee56@example.com,Male,33.0,Corporate,East,2023-03-09
3845,Joshua Hall,joshua.hall22@example.com,Female,65.0,Consumer,South,2023-03-19
3846,Michelle Lee,michelle.lee26@example.com,Male,57.0,Consumer,Midwest,2023-07-19
3847,Emily Smith,emily.smith16@example.com,Male,65.0,Consumer,West,2023-06-17
3848,Kimberly Jones,kimberly.jones63@example.com,,30.0,Home Office,South,2023-05-10
3849,Gary Mitchell,gary.mitchell89@example.com,Male,23.0,Consumer,South,2023-01-01
3850,Emily Baker,emily.baker81@example.com,Male,37.0,Consumer,East,2023-07-12
3851,Brian Flores,brian.flores16@example.com,Female,30.0,Home Office,South,2023-04-22
3852,David Brown,david.brown43@example.com,Male,74.0,Corporate,West,2023-08-27
3853,Edward Thomas,edward.thomas90@example.com,Female,64.0,Consumer,East,2023-11-07
3854,Robert Rodriguez,robert.rodriguez19@example.com,Male,19.0,Consumer,South,2023-02-11
3855,Amy Campbell,amy.campbell60@example.com,Male,22.0,Consumer,South,2023-11-18
3856,Jason Anderson,jason.anderson13@example.com,Female,25.0,Consumer,West,2023-08-12
3857,George Thomas,george.thomas64@example.com,Female,57.0,Consumer,West,2023-07-31
3858,Elizabeth Ramirez,elizabeth.ramirez45@example.com,,32.0,Consumer,Midwest,2023-12-08
3859,David Rivera,david.rivera83@example.com,Male,26.0,Consumer,Midwest,2023-10-01
3860,Karen Green,karen.green61@example.com,Male,74.0,Consumer,Midwest,2023-08-25
3861,Angela Taylor,angela.taylor87@example.com,Female,28.0,Consumer,Midwest,2023-06-10
3862,Lisa Flores,lisa.flores63@example.com,Female,51.0,Consumer,South,2023-05-08
3863,Ryan Green,ryan.green64@example.com,Female,73.0,Home Office,East,2023-03-01
3864,David Martin,david.martin38@example.com,Female,56.0,Consumer,West,2023-01-13
3865,Mark Scott,mark.scott73@example.com,Female,40.0,Home Office,West,2023-12-04
3866,Timothy Brown,timothy.brown91@example.com,Male,51.0,Consumer,East,2023-11-09
3867,Emily Hernandez,emily.hernandez55@example.com,Male,,Consumer,South,2023-07-19
3868,Sandra Robinson,sandra.robinson31@example.com,Male,43.0,Consumer,West,2023-01-12
3869,Betty Martinez,betty.martinez34@example.com,Female,-5.0,Home Office,East,2023-06-13
3870,Donald Nelson,donald.nelson89@example.com,Female,32.0,Corporate,East,2023-10-20
3871,Joseph Hill,joseph.hill55@example.com,Female,22.0,Corporate,East,2023-11-26
3872,Karen Taylor,karen.taylor67@example.com,Male,150.0,Corporate,East,2023-07-20
3873,Elizabeth Smith,elizabeth.smith37@example.com,Female,40.0,Consumer,West,2023-12-01
3874,Elizabeth Ramirez,elizabeth.ramirez23@example.com,Female,36.0,Consumer,South,2023-03-24
3875,Betty Wilson,betty.wilson13@example.com,Male,33.0,Consumer,South,2023-09-18
3876,Timothy Martinez,timothy.martinez83@example.com,Female,53.0,Consumer,South,2023-08-27
3877,Thomas Hernandez,thomas.hernandez24@example.com,,63.0,Consumer,West,2023-04-14
3878,Sarah Hernandez,sarah.hernandez91@example.com,Female,66.0,Consumer,South,2023-10-06
3879,Donald Martinez,donald.martinez33@example.com,,22.0,Consumer,Midwest,2023-01-12
3880,Mary Jackson,mary.jackson27@example.com,Female,22.0,Home Office,East,2023-03-24
3881,Melissa Flores,melissa.flores99@example.com,Male,38.0,Corporate,East,2023-11-16
3882,Jeffrey Campbell,jeffrey.campbell51@example.com,Male,19.0,Consumer,South,
3883,Michelle Garcia,michelle.garcia14@example.com,Female,67.0,Corporate,West,2023-03-07
3884,Robert Ramirez,robert.ramirez32@example.com,Male,,Consumer,West,2023-08-20
3885,Robert Rodriguez,robert.rodriguez40@example.com,Male,51.0,Consumer,South,2023-12-28
3886,Joseph Nelson,joseph.nelson44@example.com,Female,47.0,Consumer,South,2023-04-15
3887,Brian Davis,brian.davis65@example.com,Male,53.0,Consumer,East,2023-11-07
3888,Jessica Clark,jessica.clark60@example.com,Female,68.0,Consumer,East,2023-07-17
3889,Mary Walker,mary.walker96@example.com,Male,18.0,Consumer,South,2023-05-23
3890,Daniel Jones,daniel.jones12@example.com,Female,55.0,Home Office,West,2023-01-16
3891,Gary Wright,gary.wright46@example.com,Female,24.0,Consumer,East,2023-12-02
3892,James Young,james.young62@example.com,Female,28.0,Home Office,East,2023-10-28
3893,Robert Jackson,robert.jackson22@example.com,Male,19.0,Home Office,West,2023-07-28
3894,Brenda Torres,brenda.torres63@example.com,Male,71.0,Consumer,Midwest,2023-06-19
3895,Michelle Hernandez,michelle.hernandez99@example.com,Male,68.0,Consumer,West,2023-01-25
3896,Mark Allen,mark.allen80@example.com,Female,58.0,Consumer,East,2023-06-29
3897,Donna Mitchell,donna.mitchell17@example.com,Female,43.0,Consumer,South,2023-06-24
3898,Ryan Baker,ryan.baker35@example.com,Male,23.0,Corporate,East,2023-06-18
3899,Gary Hernandez,gary.hernandez51@example.com,Female,47.0,Home Office,East,2023-10-06
3900,Mary Wright,mary.wright32@example.com,Male,46.0,Consumer,East,2023-10-28
3901,Jane Thomas,jane.thomas12@example.com,Female,52.0,Consumer,East,2023-09-17
3902,John Rivera,john.rivera85@example.com,Female,140.0,Home Office,East,2023-03-09
3903,Lisa Hill,lisa.hill38@example.com,Female,67.0,Consumer,East,2023-07-06
3904,George Lopez,george.lopez15@example.com,Female,46.0,Corporate,Midwest,2023-09-11
3905,George Hill,george.hill21@example.com,Male,55.0,Consumer,East,2023-04-25
3906,Jane Rivera,jane.rivera49@example.com,Female,27.0,Consumer,East,2023-05-09
3907,Mark Roberts,mark.roberts97@example.com,Female,,Consumer,West,2023-07-02
3908,Amy Torres,amy.torres69@example.com,Male,24.0,Consumer,West,2023-12-04
3909,William Lopez,william.lopez24@example.com,Male,51.0,Consumer,Midwest,2023-07-12
3910,Emily Smith,emily.smith75@example.com,Female,65.0,Home Office,West,2023-12-10
3911,Kenneth Green,kenneth.green83@example.com,Male,,Consumer,West,2023-09-11
3912,Donna Harris,donna.harris23@example.com,Male,54.0,Consumer,South,2023-11-24
3913,Joshua Torres,joshua.torres86@example.com,Male,39.0,Consumer,Midwest,2023-01-25
3914,Thomas Wilson,thomas.wilson76@example.com,Female,27.0,Home Office,East,2023-11-26
3915,Mary Flores,mary.flores75@example.com,Male,67.0,Consumer,East,2023-05-01
3916,Brian Robinson,brian.robinson60@example.com,Male,75.0,Consumer,West,2023-11-27
3917,John Walker,john.walker40@example.com,Female,57.0,Consumer,Midwest,2023-12-01
3918,Carol Moore,carol.moore50@example.com,Female,37.0,Consumer,West,2023-01-23
3919,Andrew Sanchez,andrew.sanchez84@example.com,Male,26.0,Corporate,South,2023-06-25
3920,Matthew Adams,matthew.adams39@example.com,Female,54.0,Consumer,Midwest,2023-07-20
3921,Jane Campbell,jane.campbell43@example.com,Male,51.0,Consumer,West,2023-11-17
3922,Edward Rivera,edward.rivera82@example.com,Female,63.0,Consumer,West,2023-08-08
3923,Michelle Allen,michelle.allen50@example.com,Male,49.0,Corporate,West,2023-12-07
3924,Mary Jones,mary.jones58@example.com,Female,31.0,Corporate,West,2023-12-13
3925,Michael Young,michael.young98@example.com,Female,24.0,Consumer,East,2023-08-27
3926,Elizabeth Harris,elizabeth.harris22@example.com,Male,19.0,Consumer,South,2023-01-02
3927,Melissa Allen,melissa.allen78@example.com,Male,30.0,Corporate,East,2023-09-14
3928,Mark Jackson,mark.jackson11@example.com,Male,55.0,Consumer,West,2023-03-08
3929,Mary Perez,mary.perez97@example.com,Male,66.0,Consumer,East,2023-03-12
3930,Gary Sanchez,gary.sanchez50@example.com,Female,62.0,Consumer,East,2023-06-19
3931,Jessica Jackson,jessica.jackson89@example.com,Female,21.0,Consumer,East,2023-03-07
3932,Sandra Moore,sandra.moore71@example.com,Female,57.0,Consumer,West,2023-01-18
3933,Angela Thomas,angela.thomas55@example.com,Female,20.0,Consumer,Midwest,2023-03-18
3934,Michael Williams,michael.williams62@example.com,Female,150.0,Consumer,East,2023-05-16
3935,Michelle Torres,michelle.torres45@example.com,Female,28.0,Consumer,East,2023-10-16
3936,Sandra Nelson,sandra.nelson86@example.com,Male,64.0,Corporate,East,2023-01-08
3937,Paul Lee,paul.lee13@example.com,Female,27.0,Home Office,Midwest,2023-03-18
3938,Kevin Adams,kevin.adams40@example.com,Male,36.0,Consumer,West,2023-10-13
3939,Timothy Thompson,timothy.thompson41@example.com,Female,38.0,Corporate,West,2023-06-24
3940,Angela Perez,angela.perez16@example.com,Female,39.0,Corporate,East,2023-09-13
3941,Melissa Young,melissa.young78@example.com,Female,31.0,Consumer,West,2023-03-12
3942,Melissa Clark,melissa.clark34@example.com,Male,70.0,Consumer,Midwest,2023-01-15
3943,Amy Lopez,amy.lopez98@example.com,Male,42.0,Consumer,South,2023-03-14
3944,Kimberly Torres,kimberly.torres12@example.com,Male,54.0,Consumer,West,2023-06-22
3945,Gary Johnson,gary.johnson61@example.com,Male,47.0,Consumer,West,
3946,Jeffrey Jones,jeffrey.jones53@example.com,Male,,Consumer,West,2023-04-17
3947,Daniel Martin,daniel.martin88@example.com,,48.0,Corporate,West,2023-02-28
3948,Steven Lopez,steven.lopez19@example.com,Male,66.0,Consumer,South,2023-04-29
3949,Angela Mitchell,angela.mitchell91@example.com,Male,28.0,Corporate,West,2023-07-13
3950,Nicole Flores,nicole.flores28@example.com,Female,48.0,Consumer,Midwest,2023-03-30
3951,Paul Williams,paul.williams17@example.com,Male,50.0,Consumer,East,2023-08-26
3952,Andrew Mitchell,andrew.mitchell45@example.com,Male,57.0,Consumer,South,2023-09-09
3953,Ryan Wright,ryan.wright78@example.com,Male,27.0,Consumer,Midwest,2023-04-10
3954,Karen Hernandez,karen.hernandez98@example.com,Male,28.0,Consumer,South,2023-10-23
3955,Mary Brown,mary.brown47@example.com,Female,55.0,Consumer,West,2023-05-19
3956,Melissa Clark,melissa.clark11@example.com,Female,70.0,Home Office,West,
3957,Kimberly Taylor,kimberly.taylor66@example.com,Female,39.0,Consumer,East,2023-08-25
3958,Betty Lewis,betty.lewis80@example.com,Female,53.0,Consumer,East,2023-05-14
3959,John Lewis,john.lewis10@example.com,Female,48.0,Corporate,East,2023-01-28
3960,Kimberly Garcia,kimberly.garcia28@example.com,Female,27.0,Consumer,West,2023-03-21
3961,Laura King,laura.king17@example.com,Male,27.0,Corporate,South,2023-12-18
3962,Jeffrey Jones,jeffrey.jones92@example.com,Female,19.0,Consumer,East,
3963,Joseph Young,joseph.young19@example.com,Female,,Home Office,East,2023-07-23
3964,Kevin Allen,kevin.allen11@example.com,Male,59.0,Home Office,Midwest,2023-06-06
3965,Joshua Torres,joshua.torres57@example.com,Male,51.0,Corporate,East,2023-03-05
3966,Lisa Carter,lisa.carter43@example.com,Female,41.0,Corporate,South,2023-05-19
3967,Sarah Sanchez,sarah.sanchez12@example.com,Male,53.0,Consumer,East,2023-10-12
3968,Jane King,jane.king66@example.com,,48.0,Consumer,East,
3969,Kenneth Roberts,kenneth.roberts97@example.com,Male,20.0,Consumer,West,2023-11-29
3970,James Campbell,james.campbell17@example.com,Female,,Consumer,West,2023-08-06
3971,Mary Nguyen,mary.nguyen57@example.com,Female,27.0,Consumer,West,2023-05-31
3972,Paul Garcia,paul.garcia95@example.com,,23.0,Home Office,East,2023-10-20
3973,John Brown,john.brown96@example.com,Male,65.0,Consumer,East,2023-04-01
3974,John White,john.white16@example.com,Female,28.0,Corporate,South,2023-11-17
3975,Thomas Rivera,thomas.rivera97@example.com,Male,61.0,Home Office,East,2023-08-29
3976,Michelle Flores,michelle.flores87@example.com,Female,59.0,Home Office,East,2023-06-20
3977,Edward Anderson,edward.anderson86@example.com,Female,34.0,Corporate,East,2023-03-27
3978,Donald Martinez,donald.martinez59@example.com,Female,28.0,Home Office,West,2023-02-12
3979,Laura Jackson,laura.jackson24@example.com,Male,20.0,Corporate,South,2023-12-15
3980,Michelle Garcia,michelle.garcia34@example.com,Male,68.0,Consumer,East,2023-07-22
3981,Ryan Torres,ryan.torres97@example.com,Female,65.0,Home Office,East,2023-07-12
3982,Gary Smith,gary.smith77@example.com,Female,69.0,Consumer,West,2023-06-04
3983,George Nelson,george.nelson15@example.com,Female,43.0,Consumer,East,2023-02-10
3984,Donna Moore,donna.moore85@example.com,Male,70.0,Consumer,East,2023-09-15
3985,Laura Hernandez,laura.hernandez46@example.com,Female,34.0,Consumer,Midwest,2023-10-17
3986,Brenda Torres,brenda.torres81@example.com,Male,66.0,Home Office,West,2023-03-16
3987,Andrew Mitchell,andrew.mitchell85@example.com,Male,21.0,Consumer,Midwest,2023-09-23
3988,Michelle Hall,michelle.hall19@example.com,Female,45.0,Consumer,East,2023-11-09
3989,Mary Nelson,mary.nelson51@example.com,Male,140.0,Home Office,South,2023-07-30
3990,Jessica Allen,jessica.allen95@example.com,Female,30.0,Corporate,South,2023-12-21
3991,Kevin Smith,kevin.smith15@example.com,Male,44.0,Consumer,East,2023-06-27
3992,Brenda Young,brenda.young94@example.com,Male,39.0,Corporate,East,2023-03-25
3993,Brian King,brian.king71@example.com,Male,27.0,Consumer,South,2023-05-25
3994,Joshua Baker,joshua.baker42@example.com,Female,42.0,Corporate,West,
3995,Lisa Nguyen,lisa.nguyen41@example.com,Male,53.0,Corporate,South,2023-12-16
3996,Joshua Lopez,joshua.lopez20@example.com,Male,49.0,Corporate,East,2023-01-25
3997,Donna Thompson,donna.thompson28@example.com,Male,73.0,Consumer,East,2023-08-08
3998,Brenda Allen,brenda.allen76@example.com,Female,52.0,Consumer,East,2023-08-29
3999,Ruth Jackson,ruth.jackson45@example.com,Female,66.0,Consumer,West,2023-02-05
4000,Sandra Moore,sandra.moore10@example.com,Male,55.0,Home Office,East,2023-04-20
4001,Paul Smith,paul.smith98@example.com,Female,47.0,Corporate,South,2023-02-02
4002,Timothy Nguyen,timothy.nguyen36@example.com,Male,19.0,Consumer,Midwest,2023-05-23
4003,Amy Jackson,amy.jackson47@example.com,Male,68.0,Consumer,West,2023-07-28
4004,Jessica Jones,jessica.jones56@example.com,Female,26.0,Corporate,East,2023-05-03
4005,Emily Robinson,emily.robinson13@example.com,Female,51.0,Corporate,East,2023-06-11
4006,Thomas Miller,thomas.miller58@example.com,,46.0,Corporate,West,2023-06-03
4007,Sandra Thomas,sandra.thomas16@example.com,Female,29.0,Corporate,East,2023-11-30
4008,Jason Carter,jason.carter72@example.com,,59.0,Corporate,South,2023-06-02
4009,Elizabeth Thompson,elizabeth.thompson63@example.com,Male,24.0,Consumer,West,2023-02-09
4010,Betty Wright,betty.wright99@example.com,,29.0,Consumer,Midwest,2023-09-07
4011,Kevin Carter,kevin.carter16@example.com,Female,140.0,Consumer,South,2023-09-19
4012,Ruth Allen,ruth.allen61@example.com,Female,63.0,Corporate,West,2023-02-10
4013,Amy Johnson,amy.johnson31@example.com,Male,22.0,Consumer,West,2023-12-06
4014,Amy Rivera,amy.rivera79@example.com,Male,38.0,Corporate,East,2023-11-11
4015,Donna Harris,donna.harris85@example.com,Female,50.0,Consumer,South,2023-12-21
4016,Kevin Jackson,kevin.jackson67@example.com,Female,33.0,Consumer,West,2023-04-23
4017,Gary Hernandez,gary.hernandez88@example.com,Female,64.0,Consumer,East,2023-03-27
4018,Betty Mitchell,betty.mitchell30@example.com,Male,42.0,Corporate,East,2023-05-31
4019,Robert Lewis,robert.lewis71@example.com,Male,52.0,Consumer,Midwest,2023-06-23
4020,Lisa Walker,lisa.walker28@example.com,Female,64.0,Consumer,Midwest,2023-01-04
4021,Kenneth Walker,kenneth.walker67@example.com,Female,23.0,Home Office,East,2023-01-04
4022,Paul Lopez,paul.lopez95@example.com,Male,58.0,Consumer,South,2023-11-22
4023,Jason White,jason.white71@example.com,Female,59.0,Consumer,East,2023-08-20
4024,Melissa Adams,melissa.adams14@example.com,,39.0,Corporate,East,2023-12-28
4025,Angela Walker,angela.walker37@example.com,,47.0,Home Office,East,2023-11-22
4026,Ronald Rodriguez,ronald.rodriguez31@example.com,Female,19.0,Consumer,East,2023-03-25
4027,Daniel Williams,daniel.williams29@example.com,Female,44.0,Home Office,South,2023-12-25
4028,Gary Anderson,gary.anderson84@example.com,Female,36.0,Corporate,West,2023-08-01
4029,Joshua Scott,joshua.scott78@example.com,Male,55.0,Consumer,East,2023-05-27
4030,Laura Adams,laura.adams68@example.com,Female,73.0,Consumer,West,2023-11-08
4031,John Martin,john.martin45@example.com,Female,45.0,Corporate,East,2023-04-27
4032,Betty Lopez,betty.lopez32@example.com,Male,28.0,Home Office,East,2023-11-05
4033,Ruth Thompson,ruth.thompson78@example.com,Female,,Home Office,East,2023-08-05
4034,William Thomas,william.thomas96@example.com,Female,55.0,Consumer,East,2023-05-23
4035,William Clark,william.clark45@example.com,,58.0,Consumer,West,2023-06-15
4036,Betty Brown,betty.brown20@example.com,Male,33.0,Consumer,West,2023-01-15
4037,Timothy Davis,timothy.davis40@example.com,Female,66.0,Corporate,South,2023-10-06
4038,Thomas Thomas,thomas.thomas55@example.com,Male,74.0,Corporate,East,2023-02-08
4039,Michael Wright,michael.wright96@example.com,,70.0,Corporate,West,2023-08-23
4040,Donna Gonzalez,donna.gonzalez51@example.com,Male,59.0,Consumer,West,2023-03-26
4041,Kenneth Roberts,kenneth.roberts68@example.com,,42.0,Consumer,East,2023-08-09
4042,Ronald Flores,ronald.flores57@example.com,Female,49.0,Consumer,East,2023-06-25
4043,Brenda Torres,brenda.torres57@example.com,Male,38.0,Corporate,South,2023-05-03
4044,Timothy Green,timothy.green59@example.com,Male,37.0,Home Office,South,2023-05-27
4045,David Scott,david.scott38@example.com,Male,26.0,Consumer,Midwest,2023-12-06
4046,Michelle Martinez,michelle.martinez17@example.com,Male,22.0,Home Office,West,2023-06-10
4047,James Jones,james.jones88@example.com,Male,71.0,Consumer,Midwest,2023-09-09
4048,Matthew Rivera,matthew.rivera47@example.com,Male,20.0,Consumer,Midwest,2023-12-07
4049,Robert Walker,robert.walker90@example.com,Female,19.0,Consumer,East,2023-10-08
4050,Karen Martin,karen.martin17@example.com,Female,33.0,Consumer,West,2023-02-16
4051,William Mitchell,william.mitchell46@example.com,Female,,Corporate,Midwest,2023-10-26
4052,Joseph Roberts,joseph.roberts65@example.com,Male,23.0,Consumer,East,2023-02-15
4053,Mary Williams,mary.williams56@example.com,Male,54.0,Corporate,West,2023-10-18
4054,Emily Rivera,emily.rivera13@example.com,Female,34.0,Consumer,West,2023-12-02
4055,Sandra Martinez,sandra.martinez51@example.com,Male,75.0,Corporate,South,2023-02-28
4056,Betty Martin,betty.martin39@example.com,Female,30.0,Consumer,East,2023-12-18
4057,Brenda Ramirez,brenda.ramirez98@example.com,Female,44.0,Home Office,South,2023-09-10
4058,Sandra Jackson,sandra.jackson26@example.com,Male,67.0,Consumer,East,2023-02-14
4059,Timothy Rivera,timothy.rivera36@example.com,Male,,Corporate,East,2023-06-06
4060,Mary Williams,mary.williams30@example.com,Male,59.0,Consumer,West,2023-02-05
4061,Angela Harris,angela.harris96@example.com,Female,25.0,Consumer,West,2023-02-25
4062,Gary Torres,gary.torres85@example.com,,60.0,Consumer,South,2023-06-14
4063,Laura Scott,laura.scott99@example.com,Female,32.0,Consumer,East,2023-11-17
4064,Laura Young,laura.young16@example.com,Male,23.0,Consumer,Midwest,
4065,Nicole Wilson,nicole.wilson98@example.com,Male,74.0,Home Office,East,2023-09-03
4066,Matthew Williams,matthew.williams51@example.com,Male,64.0,Corporate,West,2023-03-23
4067,Jane Carter,jane.carter41@example.com,Female,45.0,Home Office,West,
4068,Melissa Jones,melissa.jones42@example.com,Female,40.0,Corporate,East,2023-09-11
4069,Elizabeth Thompson,elizabeth.thompson29@example.com,Female,22.0,Consumer,Midwest,2023-04-17
4070,Jessica Sanchez,jessica.sanchez13@example.com,Female,50.0,Consumer,East,2023-02-17
4071,Nicole Nelson,nicole.nelson17@example.com,Female,19.0,Consumer,South,2023-10-21
4072,Brenda Harris,brenda.harris36@example.com,,47.0,Corporate,West,
4073,Donald Hill,donald.hill87@example.com,Female,56.0,Home Office,East,2023-03-12
4074,Gary Thomas,gary.thomas37@example.com,Male,,Consumer,Midwest,2023-12-15
4075,Mark King,mark.king11@example.com,Female,22.0,Consumer,East,2023-01-25
4076,Mary Clark,mary.clark35@example.com,Male,72.0,Consumer,South,2023-07-27
4077,Ruth Wright,ruth.wright72@example.com,Male,59.0,Consumer,Midwest,2023-08-28
4078,Ruth Hill,ruth.hill10@example.com,Female,51.0,Corporate,East,2023-06-16
4079,Kevin Hall,kevin.hall28@example.com,Female,40.0,Corporate,West,2023-02-27
4080,Betty Flores,betty.flores24@example.com,Female,31.0,Consumer,South,2023-09-23
4081,William Roberts,william.roberts40@example.com,Male,49.0,Home Office,East,2023-10-16
4082,Edward Gonzalez,edward.gonzalez28@example.com,Male,,Consumer,West,2023-07-30
4083,Daniel Lewis,daniel.lewis56@example.com,Female,69.0,Consumer,West,2023-08-09
4084,Ryan Walker,ryan.walker44@example.com,Male,23.0,Consumer,South,2023-07-24
4085,Thomas Miller,thomas.miller68@example.com,Male,48.0,Consumer,East,2023-03-04
4086,Daniel Thompson,daniel.thompson75@example.com,Male,67.0,Corporate,South,2023-02-10
4087,Michelle Lewis,michelle.lewis32@example.com,Female,62.0,Consumer,East,2023-02-05
4088,David Clark,david.clark78@example.com,Male,19.0,Corporate,East,2023-07-12
4089,David Garcia,david.garcia76@example.com,Female,19.0,Consumer,South,2023-06-24
4090,Ruth Rivera,ruth.rivera90@example.com,Female,29.0,Consumer,East,2023-09-14
4091,Sandra Harris,sandra.harris74@example.com,Male,23.0,Consumer,East,2023-01-14
4092,Joseph Jackson,joseph.jackson96@example.com,Female,39.0,Consumer,Midwest,2023-07-01
4093,Gary Clark,gary.clark64@example.com,,18.0,Consumer,East,2023-02-17
4094,George Clark,george.clark92@example.com,Male,27.0,Consumer,Midwest,2023-09-25
4095,Steven Nguyen,steven.nguyen70@example.com,Male,59.0,Consumer,West,2023-08-16
4096,Ryan Wilson,ryan.wilson59@example.com,Male,60.0,Home Office,West,2023-01-29
4097,Angela Lee,angela.lee96@example.com,Male,55.0,Consumer,East,2023-01-16
4098,Gary Rivera,gary.rivera87@example.com,Female,41.0,Consumer,East,2023-02-28
4099,David Gonzalez,david.gonzalez62@example.com,Female,66.0,Corporate,East,2023-01-10
4100,Sandra Moore,sandra.moore77@example.com,Female,65.0,Consumer,East,2023-08-26
4101,Michael Smith,michael.smith98@example.com,Female,39.0,Consumer,West,2023-10-23
4102,Ruth Rivera,ruth.rivera25@example.com,Male,40.0,Home Office,West,2023-11-10
4103,Ryan Harris,ryan.harris64@example.com,Female,23.0,Corporate,East,2023-12-23
4104,Joshua Hall,joshua.hall99@example.com,Female,39.0,Consumer,East,2023-01-04
4105,John Davis,john.davis63@example.com,Male,46.0,Consumer,East,2023-06-06
4106,Elizabeth Nguyen,elizabeth.nguyen94@example.com,Female,32.0,Consumer,South,2023-03-02
4107,Paul Rivera,paul.rivera37@example.com,Male,64.0,Consumer,West,2023-09-07
4108,Jason Garcia,jason.garcia97@example.com,Male,,Consumer,West,2023-08-27
4109,Mary Miller,mary.miller26@example.com,Female,39.0,Consumer,East,2023-02-08
4110,Ryan Mitchell,ryan.mitchell40@example.com,,67.0,Consumer,South,2023-10-17
4111,Carol Scott,carol.scott46@example.com,Female,63.0,Home Office,East,2023-05-06
4112,Mark Rivera,mark.rivera54@example.com,Male,48.0,Consumer,Midwest,2023-10-01
4113,Joshua Rivera,joshua.rivera55@example.com,Female,53.0,Consumer,West,2023-04-17
4114,Emily Rodriguez,emily.rodriguez63@example.com,Female,47.0,Consumer,East,2023-08-30
4115,James Garcia,james.garcia53@example.com,Male,64.0,Consumer,West,2023-09-26
4116,Elizabeth Williams,elizabeth.williams96@example.com,Female,-5.0,Consumer,West,2023-10-23
4117,Jessica Davis,jessica.davis63@example.com,Female,34.0,Corporate,West,2023-12-31
4118,Nicole Garcia,nicole.garcia23@example.com,Male,150.0,Consumer,West,2023-06-05
4119,Lisa Campbell,lisa.campbell48@example.com,Female,64.0,Corporate,South,2023-12-10
4120,Amy Wright,amy.wright93@example.com,Male,64.0,Corporate,East,2023-05-30
4121,Mary Baker,mary.baker73@example.com,Male,53.0,Corporate,South,2023-11-20
4122,Karen Perez,karen.perez41@example.com,Male,66.0,Consumer,West,2023-10-12
4123,Jane Scott,jane.scott30@example.com,Female,55.0,Consumer,South,2023-07-29
4124,Ronald Sanchez,ronald.sanchez62@example.com,Male,41.0,Consumer,West,2023-04-15
4125,Mary Wilson,mary.wilson83@example.com,Female,44.0,Home Office,South,2023-12-09
4126,Amy Rodriguez,amy.rodriguez23@example.com,Male,30.0,Home Office,Midwest,2023-08-30
4127,John Carter,john.carter85@example.com,Male,69.0,Consumer,West,2023-09-24
4128,Gary Brown,gary.brown77@example.com,Female,63.0,Consumer,Midwest,2023-10-24
4129,Thomas Hernandez,thomas.hernandez14@example.com,Male,74.0,Consumer,Midwest,2023-05-01
4130,Donna Allen,donna.allen44@example.com,Female,37.0,Corporate,South,2023-07-29
4131,Gary Lopez,gary.lopez88@example.com,Male,69.0,Consumer,East,2023-05-18
4132,Ruth Sanchez,ruth.sanchez50@example.com,Female,41.0,Corporate,East,2023-02-15
4133,Gary Hill,gary.hill75@example.com,Male,55.0,Corporate,East,2023-09-02
4134,Brian Thompson,brian.thompson10@example.com,Male,39.0,Corporate,West,2023-03-18
4135,Emily Lopez,emily.lopez65@example.com,Female,32.0,Corporate,South,2023-03-06
4136,Ryan Harris,ryan.harris94@example.com,Female,41.0,Consumer,East,2023-04-25
4137,Sandra Smith,sandra.smith88@example.com,Male,47.0,Consumer,West,2023-05-13
4138,Gary Carter,gary.carter15@example.com,Male,45.0,Consumer,South,2023-03-17
4139,Nicole Martinez,nicole.martinez44@example.com,Female,26.0,Consumer,West,2023-10-13
4140,Joseph Walker,joseph.walker91@example.com,Male,140.0,Consumer,East,2023-04-18
4141,Laura Campbell,laura.campbell62@example.com,Male,49.0,Consumer,Midwest,2023-04-22
4142,Daniel Rodriguez,daniel.rodriguez29@example.com,Female,28.0,Home Office,East,2023-09-24
4143,Thomas Robinson,thomas.robinson27@example.com,Male,29.0,Consumer,South,2023-10-24
4144,Betty Miller,betty.miller14@example.com,Male,70.0,Consumer,East,2023-12-24
4145,Jason Brown,jason.brown10@example.com,Female,31.0,Consumer,West,2023-01-18
4146,Betty Mitchell,betty.mitchell67@example.com,,32.0,Home Office,South,2023-04-11
4147,Gary Davis,gary.davis90@example.com,Male,41.0,Consumer,East,2023-02-12
4148,Robert White,robert.white92@example.com,Male,32.0,Corporate,South,2023-10-31
4149,Amy Rivera,amy.rivera92@example.com,Male,44.0,Corporate,West,2023-07-17
4150,Kevin Johnson,kevin.johnson93@example.com,Female,63.0,Consumer,South,2023-06-04
4151,Jeffrey Hall,jeffrey.hall28@example.com,Female,52.0,Corporate,East,2023-08-26
4152,Brenda Nelson,brenda.nelson30@example.com,Male,63.0,Corporate,East,2023-08-19
4153,Joseph Adams,joseph.adams87@example.com,Female,34.0,Consumer,East,2023-03-09
4154,Amy Scott,amy.scott37@example.com,Male,47.0,Consumer,East,2023-11-07
4155,Elizabeth Baker,elizabeth.baker96@example.com,Male,23.0,Consumer,West,2023-01-12
4156,Sandra Hernandez,sandra.hernandez22@example.com,Female,70.0,Consumer,East,2023-06-26
4157,Michelle Roberts,michelle.roberts20@example.com,Male,18.0,Consumer,West,2023-08-11
4158,Ryan Adams,ryan.adams77@example.com,Male,47.0,Consumer,East,2023-06-02
4159,Melissa Clark,melissa.clark70@example.com,Female,54.0,Home Office,South,2023-08-08
4160,Sandra Martinez,sandra.martinez81@example.com,Male,18.0,Home Office,West,2023-06-21
4161,Lisa Martin,lisa.martin28@example.com,Female,24.0,Consumer,South,2023-10-17
4162,Jacob Sanchez,jacob.sanchez40@example.com,Female,54.0,Consumer,West,2023-08-01
4163,Thomas Hill,thomas.hill87@example.com,Female,36.0,Consumer,South,
4164,Mary Torres,mary.torres54@example.com,Female,45.0,Consumer,Midwest,2023-12-01
4165,Michelle Gonzalez,michelle.gonzalez19@example.com,Female,21.0,Home Office,West,2023-02-16
4166,Jane Nelson,jane.nelson28@example.com,Female,42.0,Corporate,West,2023-04-24
4167,Gary Mitchell,gary.mitchell31@example.com,Female,47.0,Corporate,West,2023-12-27
4168,Lisa Hernandez,lisa.hernandez36@example.com,Female,31.0,Corporate,West,2023-02-03
4169,Kimberly Nelson,kimberly.nelson60@example.com,,25.0,Home Office,West,2023-01-06
4170,Carol Scott,carol.scott76@example.com,Male,31.0,Consumer,South,2023-03-20
4171,Paul Martin,paul.martin48@example.com,Female,53.0,Corporate,West,2023-11-18
4172,Timothy Gonzalez,timothy.gonzalez95@example.com,Female,58.0,Consumer,West,2023-02-16
4173,Joshua Ramirez,joshua.ramirez17@example.com,Male,49.0,Home Office,South,2023-08-01
4174,Matthew Roberts,matthew.roberts94@example.com,Male,,Corporate,East,2023-09-09
4175,Sandra Rivera,sandra.rivera44@example.com,Female,49.0,Consumer,West,2023-12-19
4176,Thomas Wright,thomas.wright66@example.com,Male,68.0,Corporate,East,2023-12-31
4177,Mark Rodriguez,mark.rodriguez74@example.com,Male,42.0,Home Office,West,2023-02-14
4178,Mary Gonzalez,mary.gonzalez66@example.com,Female,46.0,Consumer,East,2023-09-28
4179,Jacob Wright,jacob.wright74@example.com,Female,70.0,Consumer,West,2023-01-23
4180,George Sanchez,george.sanchez75@example.com,Male,43.0,Consumer,East,2023-06-15
4181,Emily Martinez,emily.martinez40@example.com,,59.0,Corporate,East,2023-12-11
4182,Steven Moore,steven.moore60@example.com,Male,32.0,Consumer,West,2023-04-29
4183,Donald Taylor,donald.taylor77@example.com,Female,25.0,Consumer,South,2023-02-22
4184,Gary Thompson,gary.thompson59@example.com,,46.0,Consumer,South,2023-09-24
4185,Kevin Williams,kevin.williams36@example.com,Female,36.0,Corporate,East,2023-01-01
4186,Carol Nguyen,carol.nguyen17@example.com,Female,35.0,Consumer,West,2023-10-26
4187,Jessica Nelson,jessica.nelson20@example.com,Male,69.0,Consumer,South,2023-05-02
4188,Jeffrey Torres,jeffrey.torres97@example.com,Female,53.0,Consumer,West,2023-12-30
4189,Kenneth Rivera,kenneth.rivera99@example.com,,58.0,Consumer,East,2023-06-04
4190,Jessica Lee,jessica.lee76@example.com,Male,26.0,Consumer,West,2023-08-01
4191,Jason Rivera,jason.rivera94@example.com,Male,50.0,Consumer,East,2023-01-01
4192,Gary Johnson,gary.johnson31@example.com,Female,51.0,Corporate,Midwest,
4193,Jane Jones,jane.jones33@example.com,Female,24.0,Consumer,West,2023-02-17
4194,Michelle Scott,michelle.scott17@example.com,Male,56.0,Home Office,East,2023-10-24
4195,Jessica Gonzalez,jessica.gonzalez61@example.com,Female,,Consumer,East,2023-03-03
4196,Brian Miller,brian.miller95@example.com,Male,54.0,Corporate,East,2023-08-13
4197,Sarah Allen,sarah.allen65@example.com,Female,-5.0,Home Office,South,2023-11-25
4198,Carol Flores,carol.flores28@example.com,Male,66.0,Corporate,South,2023-10-13
4199,Jason White,jason.white12@example.com,Male,23.0,Consumer,West,2023-10-30
4200,Thomas Wilson,thomas.wilson27@example.com,,54.0,Home Office,Midwest,2023-03-11
4201,Michael Torres,michael.torres43@example.com,,,Consumer,Midwest,2023-04-20
4202,Joshua Baker,joshua.baker19@example.com,Female,51.0,Consumer,West,2023-07-17
4203,Karen Rivera,karen.rivera67@example.com,Male,24.0,Consumer,East,2023-04-03
4204,Paul Mitchell,paul.mitchell26@example.com,Male,42.0,Consumer,East,2023-07-09
4205,David Ramirez,david.ramirez50@example.com,Male,25.0,Consumer,West,2023-01-25
4206,Nicole Jones,nicole.jones79@example.com,Male,26.0,Consumer,Midwest,2023-12-30
4207,Nicole Roberts,nicole.roberts39@example.com,Male,29.0,Consumer,West,2023-10-26
4208,Ryan Allen,ryan.allen73@example.com,Male,,Consumer,East,2023-04-24
4209,Jessica Jackson,jessica.jackson94@example.com,Female,62.0,Corporate,West,2023-11-06
4210,James Johnson,james.johnson84@example.com,Male,43.0,Corporate,East,2023-01-25
4211,Matthew Thompson,matthew.thompson13@example.com,Male,-5.0,Consumer,East,2023-08-05
4212,John King,john.king25@example.com,Female,62.0,Consumer,East,2023-01-07
4213,Daniel Taylor,daniel.taylor62@example.com,Male,49.0,Consumer,East,2023-05-12
4214,Michael Roberts,michael.roberts80@example.com,Female,38.0,Consumer,Midwest,2023-10-17
4215,Donald Johnson,donald.johnson61@example.com,,72.0,Consumer,East,2023-09-14
4216,Michael Clark,michael.clark26@example.com,Female,43.0,Consumer,West,2023-10-13
4217,Thomas Baker,thomas.baker89@example.com,Female,20.0,Consumer,Midwest,2023-03-14
4218,George Moore,george.moore20@example.com,Male,40.0,Home Office,East,2023-11-30
4219,Andrew Ramirez,andrew.ramirez32@example.com,Male,58.0,Consumer,East,2023-08-21
4220,Laura Carter,laura.carter59@example.com,Female,24.0,Corporate,West,2023-05-27
4221,Melissa Rodriguez,melissa.rodriguez77@example.com,Female,36.0,Consumer,East,2023-07-12
4222,Amy Lee,amy.lee84@example.com,Male,61.0,Corporate,West,2023-11-08
4223,Andrew Harris,andrew.harris20@example.com,Female,67.0,Consumer,South,2023-07-24
4224,Kimberly Smith,kimberly.smith34@example.com,Male,43.0,Consumer,Midwest,2023-11-01
4225,Edward Baker,edward.baker62@example.com,Male,41.0,Consumer,South,2023-09-12
4226,Ryan Young,ryan.young97@example.com,Male,140.0,Corporate,East,2023-09-12
4227,Robert Wilson,robert.wilson21@example.com,Male,35.0,Corporate,West,2023-04-14
4228,Ruth Martinez,ruth.martinez53@example.com,Female,18.0,Home Office,East,2023-09-25
4229,Brenda Martin,brenda.martin86@example.com,Male,24.0,Corporate,West,2023-01-29
4230,Ruth Roberts,ruth.roberts29@example.com,,64.0,Home Office,East,2023-06-19
4231,Joseph Roberts,joseph.roberts21@example.com,Male,41.0,Home Office,Midwest,2023-01-09
4232,Ruth Flores,ruth.flores89@example.com,Male,26.0,Consumer,South,2023-12-31
4233,Jessica Smith,jessica.smith87@example.com,Male,55.0,Home Office,East,2023-05-13
4234,Ryan Anderson,ryan.anderson23@example.com,Female,59.0,Consumer,West,2023-05-24
4235,Jane Wright,jane.wright72@example.com,Female,69.0,Consumer,East,2023-12-15
4236,Edward Robinson,edward.robinson71@example.com,Male,37.0,Consumer,East,2023-03-18
4237,James Davis,james.davis64@example.com,Male,31.0,Consumer,East,2023-10-17
4238,Gary Mitchell,gary.mitchell76@example.com,Male,20.0,Home Office,South,2023-10-18
4239,Steven Martinez,steven.martinez49@example.com,Female,47.0,Consumer,South,2023-11-12
4240,Jacob Ramirez,jacob.ramirez37@example.com,Female,46.0,Corporate,Midwest,2023-06-27
4241,Robert Clark,robert.clark37@example.com,Female,52.0,Consumer,East,2023-09-10
4242,Edward Martinez,edward.martinez50@example.com,Male,38.0,Home Office,Midwest,2023-03-01
4243,David Robinson,david.robinson77@example.com,Male,39.0,Corporate,South,2023-05-08
4244,Daniel Perez,daniel.perez56@example.com,Male,48.0,Consumer,West,2023-05-15
4245,Andrew Sanchez,andrew.sanchez70@example.com,Female,52.0,Consumer,East,2023-10-07
4246,Melissa Martin,melissa.martin51@example.com,Female,-12.0,Corporate,East,2023-08-30
4247,Mark Wilson,mark.wilson19@example.com,Male,42.0,Consumer,Midwest,2023-11-06
4248,Joseph Miller,joseph.miller57@example.com,Male,24.0,Consumer,Midwest,2023-01-18
4249,Joshua Jackson,joshua.jackson20@example.com,Female,58.0,Home Office,West,2023-01-08
4250,Steven Garcia,steven.garcia45@example.com,Female,68.0,Consumer,East,2023-07-15
4251,Carol Thompson,carol.thompson69@example.com,Male,56.0,Consumer,East,2023-09-03
4252,James Davis,james.davis97@example.com,Male,33.0,Consumer,Midwest,2023-10-25
4253,Andrew Hernandez,andrew.hernandez89@example.com,Female,,Consumer,South,
4254,Michael Mitchell,michael.mitchell36@example.com,Female,37.0,Consumer,West,2023-09-12
4255,Michelle Mitchell,michelle.mitchell79@example.com,Female,64.0,Home Office,East,2023-09-17
4256,Sarah Walker,sarah.walker75@example.com,Male,54.0,Consumer,South,2023-09-13
4257,George Taylor,george.taylor37@example.com,Male,49.0,Corporate,South,2023-10-26
4258,Michael Wilson,michael.wilson37@example.com,Male,73.0,Consumer,East,2023-05-16
4259,Mary Williams,mary.williams66@example.com,,61.0,Home Office,Midwest,2023-06-09
4260,Jeffrey Mitchell,jeffrey.mitchell77@example.com,Female,37.0,Consumer,South,2023-09-12
4261,Daniel Smith,daniel.smith68@example.com,,44.0,Consumer,West,2023-06-30
4262,Laura Smith,laura.smith10@example.com,Female,63.0,Consumer,West,2023-10-09
4263,Karen Davis,karen.davis33@example.com,Male,71.0,Consumer,East,2023-09-15
4264,Paul Wright,paul.wright31@example.com,Female,26.0,Consumer,South,2023-12-29
4265,Betty Hill,betty.hill36@example.com,Male,64.0,Corporate,West,2023-11-26
4266,Angela Ramirez,angela.ramirez82@example.com,Male,43.0,Home Office,East,2023-07-23
4267,Michael Moore,michael.moore79@example.com,Male,30.0,Consumer,South,2023-05-16
4268,Betty Perez,betty.perez76@example.com,Female,53.0,Consumer,East,2023-09-24
4269,Ronald Martin,ronald.martin65@example.com,Male,29.0,Consumer,Midwest,2023-07-19
4270,Ryan Thomas,ryan.thomas69@example.com,Male,63.0,Consumer,Midwest,
4271,Mary Rivera,mary.rivera38@example.com,Female,51.0,Consumer,South,2023-12-19
4272,Paul Campbell,paul.campbell53@example.com,Female,70.0,Corporate,South,2023-11-17
4273,Jason White,jason.white83@example.com,Male,-12.0,Consumer,West,2023-04-12
4274,James Wilson,james.wilson62@example.com,Female,49.0,Corporate,West,2023-07-24
4275,Elizabeth Ramirez,elizabeth.ramirez76@example.com,Female,31.0,Consumer,East,2023-10-14
4276,Kimberly Jones,kimberly.jones36@example.com,Female,34.0,Home Office,East,2023-02-07
4277,Angela Thompson,angela.thompson38@example.com,Male,59.0,Corporate,West,2023-06-02
4278,Lisa Ramirez,lisa.ramirez72@example.com,Male,56.0,Consumer,South,
4279,Melissa Sanchez,melissa.sanchez24@example.com,Male,,Consumer,West,2023-04-25
4280,Brenda Miller,brenda.miller52@example.com,Male,29.0,Corporate,South,2023-07-31
4281,Daniel Young,daniel.young89@example.com,Male,55.0,Consumer,Midwest,2023-02-14
4282,John Campbell,john.campbell77@example.com,Male,42.0,Corporate,Midwest,2023-05-09
4283,Elizabeth Rivera,elizabeth.rivera87@example.com,,69.0,Consumer,West,2023-10-20
4284,Sarah Perez,sarah.perez71@example.com,Male,57.0,Home Office,Midwest,2023-07-15
4285,Elizabeth Nelson,elizabeth.nelson39@example.com,Male,55.0,Consumer,East,2023-03-02
4286,Michael Lopez,michael.lopez34@example.com,Female,61.0,Consumer,West,2023-07-06
4287,Kenneth Harris,kenneth.harris82@example.com,Male,41.0,Consumer,East,2023-08-29
4288,James Nelson,james.nelson92@example.com,Female,28.0,Home Office,East,2023-09-08
4289,Elizabeth Smith,elizabeth.smith25@example.com,Female,57.0,Corporate,East,2023-08-27
4290,Gary Young,gary.young36@example.com,Male,72.0,Consumer,East,2023-10-28
4291,Kimberly Allen,kimberly.allen53@example.com,Female,20.0,Consumer,South,2023-09-26
4292,Ruth Baker,ruth.baker87@example.com,Female,48.0,Home Office,East,2023-10-30
4293,Matthew Wilson,matthew.wilson99@example.com,Female,74.0,Consumer,West,2023-03-28
4294,Steven Gonzalez,steven.gonzalez29@example.com,Female,74.0,Home Office,South,2023-06-29
4295,George Sanchez,george.sanchez43@example.com,Female,42.0,Consumer,South,2023-05-13
4296,Angela Green,angela.green43@example.com,Male,71.0,Corporate,East,2023-05-03
4297,Donna Lewis,donna.lewis42@example.com,Male,26.0,Consumer,Midwest,2023-07-06
4298,Sandra Lewis,sandra.lewis73@example.com,Male,35.0,Corporate,West,2023-09-26
4299,Brenda Sanchez,brenda.sanchez50@example.com,Female,19.0,Consumer,East,2023-06-28
4300,Donna Scott,donna.scott14@example.com,Female,41.0,Consumer,South,2023-04-21
4301,Joseph Campbell,joseph.campbell78@example.com,Female,29.0,Consumer,South,2023-03-03
4302,Sandra Clark,sandra.clark86@example.com,Male,35.0,Home Office,East,2023-01-15
4303,Joshua Anderson,joshua.anderson68@example.com,Female,18.0,Consumer,West,2023-07-17
4304,Betty Lopez,betty.lopez42@example.com,Female,69.0,Corporate,East,2023-03-14
4305,Paul White,paul.white76@example.com,Female,45.0,Corporate,Midwest,2023-05-30
4306,Laura Robinson,laura.robinson45@example.com,Female,68.0,Consumer,Midwest,2023-07-21
4307,Kimberly Mitchell,kimberly.mitchell14@example.com,Male,30.0,Home Office,East,2023-10-20
4308,Brenda Walker,brenda.walker43@example.com,Male,63.0,Consumer,Midwest,2023-10-22
4309,Matthew Jones,matthew.jones16@example.com,Male,49.0,Home Office,East,2023-09-05
4310,Kevin Davis,kevin.davis97@example.com,Female,37.0,Consumer,East,2023-05-15
4311,Angela Robinson,angela.robinson70@example.com,Female,30.0,Home Office,East,2023-01-12
4312,Kimberly Garcia,kimberly.garcia43@example.com,Female,59.0,Consumer,South,2023-12-28
4313,Joshua King,joshua.king85@example.com,Female,,Consumer,West,2023-06-26
4314,Ronald Carter,ronald.carter92@example.com,Female,,Consumer,Midwest,2023-01-15
4315,Jeffrey Sanchez,jeffrey.sanchez77@example.com,Female,21.0,Consumer,South,2023-11-22
4316,Timothy Wright,timothy.wright97@example.com,Male,33.0,Corporate,East,2023-07-24
4317,James Wilson,james.wilson82@example.com,Male,34.0,Consumer,West,2023-11-27
4318,Angela King,angela.king48@example.com,Male,31.0,Consumer,South,2023-05-08
4319,Melissa Clark,melissa.clark74@example.com,Female,50.0,Corporate,West,2023-01-06
4320,Melissa Nguyen,melissa.nguyen18@example.com,Female,41.0,Corporate,West,2023-01-16
4321,Kimberly Moore,kimberly.moore15@example.com,Female,66.0,Corporate,West,2023-11-27
4322,Carol Lewis,carol.lewis77@example.com,Male,32.0,Consumer,East,2023-06-29
4323,Elizabeth Wilson,elizabeth.wilson65@example.com,Female,62.0,Consumer,West,2023-05-30
4324,Daniel Flores,daniel.flores26@example.com,Male,30.0,Consumer,East,2023-08-20
4325,Mary Allen,mary.allen41@example.com,Female,34.0,Corporate,East,2023-02-12
4326,Kimberly Young,kimberly.young76@example.com,Female,35.0,Consumer,West,2023-10-10
4327,Mary Nelson,mary.nelson83@example.com,Male,,Consumer,West,2023-11-17
4328,Michael Robinson,michael.robinson90@example.com,Female,,Consumer,West,2023-06-25
4329,Karen Ramirez,karen.ramirez89@example.com,Male,41.0,Consumer,East,2023-11-29
4330,Michael Rodriguez,michael.rodriguez87@example.com,Female,32.0,Consumer,Midwest,
4331,George Hernandez,george.hernandez41@example.com,Female,18.0,Consumer,West,2023-01-16
4332,Andrew Hill,andrew.hill92@example.com,Female,68.0,Consumer,West,2023-04-03
4333,Gary Robinson,gary.robinson36@example.com,Male,73.0,Consumer,West,2023-11-08
4334,Donald Wilson,donald.wilson21@example.com,Female,,Corporate,East,2023-04-13
4335,Sarah Nelson,sarah.nelson78@example.com,Male,62.0,Consumer,South,2023-09-22
4336,Robert Brown,robert.brown48@example.com,Male,20.0,Home Office,East,2023-01-29
4337,Donald Martin,donald.martin77@example.com,Female,51.0,Consumer,East,2023-09-06
4338,George Lewis,george.lewis36@example.com,Male,63.0,Consumer,East,2023-12-15
4339,Mark Thomas,mark.thomas77@example.com,Female,52.0,Consumer,South,2023-03-16
4340,Gary Gonzalez,gary.gonzalez75@example.com,Female,72.0,Consumer,East,2023-07-01
4341,James Allen,james.allen53@example.com,Female,47.0,Consumer,South,2023-09-28
4342,Amy Nelson,amy.nelson20@example.com,Female,33.0,Consumer,West,2023-09-20
4343,Jessica Torres,jessica.torres64@example.com,Female,34.0,Consumer,West,2023-08-21
4344,Steven Miller,steven.miller96@example.com,Male,66.0,Consumer,East,2023-10-11
4345,Matthew Nguyen,matthew.nguyen24@example.com,Female,50.0,Consumer,East,2023-12-02
4346,Daniel Jackson,daniel.jackson62@example.com,Male,39.0,Consumer,South,
4347,Paul Hill,paul.hill56@example.com,Female,69.0,Consumer,East,2023-04-18
4348,Michelle Perez,michelle.perez75@example.com,Male,63.0,Consumer,West,2023-03-20
4349,Andrew Lewis,andrew.lewis52@example.com,Female,49.0,Home Office,West,2023-10-22
4350,Lisa White,lisa.white46@example.com,Male,50.0,Consumer,West,2023-05-28
4351,Ryan Nguyen,ryan.nguyen41@example.com,Female,19.0,Home Office,South,2023-12-30
4352,Matthew Perez,matthew.perez56@example.com,Female,37.0,Consumer,East,2023-08-02
4353,Elizabeth Taylor,elizabeth.taylor23@example.com,Male,54.0,Consumer,West,2023-08-04
4354,Ronald Young,ronald.young25@example.com,Female,39.0,Corporate,West,2023-03-28
4355,Gary Lewis,gary.lewis65@example.com,Male,25.0,Consumer,South,2023-03-20
4356,Melissa Martinez,melissa.martinez96@example.com,Female,22.0,Corporate,East,2023-07-08
4357,Jessica Hall,jessica.hall90@example.com,Male,58.0,Corporate,West,2023-01-29
4358,Ruth Jackson,ruth.jackson56@example.com,Male,40.0,Home Office,South,2023-06-22
4359,Michelle Ramirez,michelle.ramirez33@example.com,Female,60.0,Consumer,South,2023-07-10
4360,Ronald Walker,ronald.walker99@example.com,Female,21.0,Home Office,West,2023-11-10
4361,Donald Carter,donald.carter10@example.com,Male,,Consumer,South,2023-01-27
4362,Matthew Gonzalez,matthew.gonzalez20@example.com,Female,61.0,Consumer,West,2023-06-14
4363,Gary Hernandez,gary.hernandez21@example.com,Female,32.0,Home Office,South,2023-07-16
4364,Michael Roberts,michael.roberts88@example.com,Male,60.0,Consumer,East,2023-01-19
4365,Amy Torres,amy.torres76@example.com,Female,19.0,Consumer,East,2023-01-18
4366,Michelle White,michelle.white80@example.com,Male,41.0,Consumer,South,2023-03-30
4367,Michael Hernandez,michael.hernandez61@example.com,Male,30.0,Consumer,West,2023-05-02
4368,Jason Wilson,jason.wilson83@example.com,Female,29.0,Consumer,Midwest,2023-12-07
4369,Ronald Thomas,ronald.thomas79@example.com,Female,59.0,Consumer,East,2023-02-02
4370,Mary Wright,mary.wright88@example.com,Female,46.0,Consumer,West,2023-07-31
4371,Gary Lewis,gary.lewis65@example.com,Female,69.0,Consumer,West,2023-01-05
4372,Kevin Anderson,kevin.anderson48@example.com,Male,29.0,Consumer,East,2023-07-27
4373,Kimberly Jackson,kimberly.jackson71@example.com,Female,72.0,Consumer,West,
4374,Elizabeth Adams,elizabeth.adams81@example.com,Male,56.0,Consumer,East,2023-07-28
4375,Sandra Lewis,sandra.lewis86@example.com,Female,61.0,Consumer,East,2023-08-31
4376,Andrew Martin,andrew.martin44@example.com,Male,51.0,Corporate,East,2023-02-15
4377,Carol Taylor,carol.taylor59@example.com,Male,54.0,Consumer,East,2023-06-21
4378,Sandra Garcia,sandra.garcia51@example.com,Female,59.0,Home Office,Midwest,2023-11-11
4379,Donna Smith,donna.smith29@example.com,Male,54.0,Consumer,East,2023-05-18
4380,Gary Nguyen,gary.nguyen59@example.com,Male,25.0,Consumer,West,2023-10-03
4381,Lisa Rodriguez,lisa.rodriguez83@example.com,Male,67.0,Consumer,South,2023-11-27
4382,Robert Moore,robert.moore59@example.com,Male,21.0,Consumer,Midwest,2023-04-17
4383,Thomas Young,thomas.young81@example.com,Male,61.0,Consumer,South,2023-04-15
4384,Kenneth Clark,kenneth.clark72@example.com,Female,33.0,Corporate,East,2023-05-16
4385,Ruth Lee,ruth.lee84@example.com,Female,46.0,Consumer,East,2023-11-30
4386,Ronald White,ronald.white68@example.com,Male,,Consumer,East,2023-02-04
4387,Ryan Rodriguez,ryan.rodriguez60@example.com,Female,34.0,Consumer,West,2023-11-05
4388,Daniel Wilson,daniel.wilson63@example.com,Male,41.0,Home Office,East,2023-05-11
4389,Kimberly Thompson,kimberly.thompson34@example.com,Female,21.0,Home Office,East,2023-02-14
4390,Gary Allen,gary.allen65@example.com,Female,73.0,Corporate,East,2023-01-26
4391,Sandra Lee,sandra.lee20@example.com,Male,51.0,Consumer,Midwest,2023-12-03
4392,Jane Perez,jane.perez62@example.com,Male,38.0,Consumer,South,2023-10-08
4393,Mark Brown,mark.brown79@example.com,Female,29.0,Consumer,West,2023-12-30
4394,Brian Allen,brian.allen70@example.com,Female,31.0,Consumer,South,2023-09-08
4395,Ronald Nguyen,ronald.nguyen98@example.com,Female,31.0,Consumer,South,2023-01-01
4396,Laura Williams,laura.williams74@example.com,Male,49.0,Home Office,East,2023-07-06
4397,Karen Rodriguez,karen.rodriguez87@example.com,Female,75.0,Consumer,South,2023-06-01
4398,Angela Roberts,angela.roberts62@example.com,Male,26.0,Consumer,West,2023-12-27
4399,Lisa Thompson,lisa.thompson88@example.com,Male,69.0,Consumer,West,2023-06-12
4400,Kenneth Gonzalez,kenneth.gonzalez15@example.com,Male,48.0,Consumer,West,2023-07-07
4401,Jessica Anderson,jessica.anderson15@example.com,Male,27.0,Corporate,East,2023-03-13
4402,James Sanchez,james.sanchez80@example.com,Female,30.0,Consumer,Midwest,2023-02-26
4403,Matthew Lewis,matthew.lewis40@example.com,Male,,Corporate,South,2023-11-09
4404,Robert Lewis,robert.lewis46@example.com,Male,45.0,Consumer,South,2023-07-23
4405,Michael Lopez,michael.lopez38@example.com,Male,40.0,Consumer,East,2023-01-12
4406,Paul Carter,paul.carter28@example.com,Female,27.0,Consumer,West,2023-03-13
4407,Emily Baker,emily.baker40@example.com,Female,27.0,Corporate,East,2023-06-10
4408,Jessica Smith,jessica.smith10@example.com,Female,72.0,Corporate,South,2023-12-17
4409,Kimberly Scott,kimberly.scott72@example.com,,38.0,Consumer,West,2023-02-08
4410,Gary Jones,gary.jones32@example.com,Male,47.0,Consumer,East,2023-11-03
4411,Joseph Lopez,joseph.lopez40@example.com,Male,32.0,Consumer,Midwest,2023-04-29
4412,Jane Green,jane.green57@example.com,Female,62.0,Consumer,East,2023-02-11
4413,Paul Perez,paul.perez70@example.com,Female,30.0,Home Office,East,2023-02-25
4414,Jason King,jason.king39@example.com,,43.0,Corporate,East,2023-07-31
4415,Ryan King,ryan.king52@example.com,Female,54.0,Consumer,East,
4416,Jeffrey Williams,jeffrey.williams48@example.com,,75.0,Consumer,West,2023-12-30
4417,Carol Wright,carol.wright74@example.com,,21.0,Corporate,West,2023-04-08
4418,Matthew Sanchez,matthew.sanchez56@example.com,Male,30.0,Home Office,East,2023-01-04
4419,Mark Walker,mark.walker57@example.com,Male,73.0,Consumer,West,2023-10-23
4420,Kevin Jackson,kevin.jackson25@example.com,Female,46.0,Home Office,East,2023-11-28
4421,Karen Miller,karen.miller69@example.com,,35.0,Consumer,Midwest,2023-02-26
4422,Lisa Perez,lisa.perez99@example.com,Male,61.0,Consumer,Midwest,2023-04-25
4423,Betty Green,betty.green82@example.com,Male,71.0,Consumer,South,2023-07-11
4424,Steven King,steven.king23@example.com,Female,40.0,Home Office,South,2023-09-10
4425,Ryan Thomas,ryan.thomas98@example.com,Male,,Consumer,East,2023-01-30
4426,Gary Thompson,gary.thompson56@example.com,Male,56.0,Home Office,West,2023-04-07
4427,Sandra Rivera,sandra.rivera93@example.com,,74.0,Consumer,South,2023-11-26
4428,Melissa Johnson,melissa.johnson76@example.com,Female,20.0,Consumer,East,2023-12-27
4429,Jason Green,jason.green47@example.com,Female,65.0,Consumer,East,2023-04-14
4430,Michelle Robinson,michelle.robinson12@example.com,Female,18.0,Consumer,West,2023-07-20
4431,Lisa Smith,lisa.smith70@example.com,Female,59.0,Consumer,South,2023-04-04
4432,Andrew Davis,andrew.davis84@example.com,Male,66.0,Home Office,West,2023-11-20
4433,Ronald Harris,ronald.harris18@example.com,Female,73.0,Consumer,South,
4434,Jessica Johnson,jessica.johnson87@example.com,Male,18.0,Consumer,West,2023-02-04
4435,Angela Moore,angela.moore83@example.com,,59.0,Corporate,West,2023-01-26
4436,Joseph Rodriguez,joseph.rodriguez73@example.com,Male,40.0,Home Office,East,2023-12-09
4437,Ronald Hall,ronald.hall77@example.com,Female,68.0,Corporate,East,2023-05-23
4438,Ronald Nguyen,ronald.nguyen69@example.com,Female,74.0,Home Office,East,2023-02-23
4439,Brian Perez,brian.perez64@example.com,Female,19.0,Consumer,East,2023-08-19
4440,Joseph Green,joseph.green50@example.com,Female,69.0,Consumer,East,2023-02-27
4441,Angela Hernandez,angela.hernandez29@example.com,,75.0,Consumer,West,2023-04-15
4442,Michelle Sanchez,michelle.sanchez40@example.com,Female,64.0,Consumer,East,2023-12-10
4443,Brenda Lopez,brenda.lopez55@example.com,,24.0,Corporate,South,2023-05-17
4444,Jeffrey King,jeffrey.king63@example.com,Male,25.0,Corporate,South,2023-02-27
4445,Melissa Campbell,melissa.campbell73@example.com,Female,36.0,Consumer,East,2023-11-07
4446,Sandra White,sandra.white88@example.com,Female,37.0,Consumer,South,2023-05-01
4447,Michelle Harris,michelle.harris87@example.com,Female,29.0,Home Office,West,2023-01-19
4448,Sarah Flores,sarah.flores35@example.com,,34.0,Consumer,East,2023-10-23
4449,Jessica Martinez,jessica.martinez58@example.com,Male,54.0,Consumer,West,2023-10-27
4450,Brian Gonzalez,brian.gonzalez36@example.com,Male,22.0,Consumer,Midwest,2023-10-12
4451,Joshua Scott,joshua.scott37@example.com,,51.0,Consumer,Midwest,2023-09-02
4452,Michelle Anderson,michelle.anderson40@example.com,Female,62.0,Corporate,South,2023-03-11
4453,George Baker,george.baker45@example.com,Female,50.0,Corporate,West,2023-04-06
4454,Mary Hernandez,mary.hernandez61@example.com,Male,41.0,Corporate,West,2023-04-29
4455,Brian Hernandez,brian.hernandez26@example.com,Male,59.0,Consumer,Midwest,2023-08-09
4456,Ruth Smith,ruth.smith41@example.com,Female,69.0,Corporate,South,2023-07-11
4457,Jacob Adams,jacob.adams92@example.com,,48.0,Home Office,East,2023-09-11
4458,Jeffrey Walker,jeffrey.walker82@example.com,,22.0,Consumer,West,2023-12-09
4459,Carol Wilson,carol.wilson48@example.com,Male,50.0,Consumer,South,2023-02-09
4460,David Hall,david.hall52@example.com,Male,27.0,Consumer,West,2023-08-24
4461,William Brown,william.brown89@example.com,Male,30.0,Consumer,East,2023-12-26
4462,Michelle Lewis,michelle.lewis92@example.com,Female,57.0,Corporate,South,2023-04-13
4463,Brian Miller,brian.miller62@example.com,Female,69.0,Consumer,West,2023-06-11
4464,Mark Johnson,mark.johnson61@example.com,Female,55.0,Consumer,East,2023-05-20
4465,Donna Miller,donna.miller17@example.com,Male,,Consumer,Midwest,2023-09-07
4466,Gary Mitchell,gary.mitchell85@example.com,Male,71.0,Consumer,East,2023-02-28
4467,John Miller,john.miller77@example.com,Female,57.0,Consumer,South,2023-04-20
4468,Karen Carter,karen.carter90@example.com,Female,38.0,Corporate,West,2023-06-07
4469,Kenneth Green,kenneth.green19@example.com,Female,20.0,Consumer,Midwest,2023-06-03
4470,Elizabeth White,elizabeth.white60@example.com,,71.0,Consumer,East,2023-12-18
4471,William Harris,william.harris33@example.com,Female,36.0,Consumer,West,2023-03-25
4472,John Lopez,john.lopez25@example.com,Female,68.0,Home Office,Midwest,2023-12-30
4473,Timothy Hernandez,timothy.hernandez28@example.com,Female,,Consumer,Midwest,2023-02-12
4474,Jacob Lewis,jacob.lewis41@example.com,Male,42.0,Corporate,Midwest,2023-11-16
4475,Ruth Taylor,ruth.taylor70@example.com,Male,68.0,Consumer,West,2023-10-20
4476,Amy Jones,amy.jones16@example.com,Female,30.0,Consumer,South,2023-02-08
4477,Daniel Green,daniel.green20@example.com,Male,28.0,Consumer,West,2023-02-24
4478,Melissa Perez,melissa.perez61@example.com,,75.0,Consumer,East,2023-08-12
4479,Daniel Nelson,daniel.nelson20@example.com,Female,30.0,Corporate,Midwest,2023-04-11
4480,Kimberly Sanchez,kimberly.sanchez56@example.com,Male,39.0,Corporate,Midwest,2023-11-02
4481,David Perez,david.perez65@example.com,Female,46.0,Consumer,West,2023-02-20
4482,Ronald White,ronald.white70@example.com,Male,29.0,Consumer,East,2023-06-05
4483,Angela Lopez,angela.lopez31@example.com,Male,24.0,Consumer,South,2023-03-23
4484,Brian Nguyen,brian.nguyen87@example.com,Male,36.0,Consumer,South,
4485,Sarah Wilson,sarah.wilson75@example.com,Female,55.0,Consumer,East,2023-03-03
4486,Matthew Hernandez,matthew.hernandez62@example.com,Male,71.0,Consumer,West,2023-12-30
4487,Jane Miller,jane.miller67@example.com,Male,57.0,Consumer,East,2023-11-28
4488,Carol Hall,carol.hall49@example.com,Female,57.0,Consumer,West,2023-02-07
4489,Timothy Wright,timothy.wright28@example.com,Male,42.0,Consumer,South,2023-12-09
4490,Mark Hill,mark.hill23@example.com,Female,62.0,Corporate,East,2023-03-05
4491,Mark Gonzalez,mark.gonzalez29@example.com,Male,24.0,Corporate,West,2023-09-22
4492,Mark Rodriguez,mark.rodriguez37@example.com,Female,52.0,Corporate,West,2023-05-01
4493,Matthew Lopez,matthew.lopez79@example.com,Male,27.0,Consumer,South,2023-05-09
4494,Laura Lopez,laura.lopez60@example.com,Male,67.0,Consumer,Midwest,2023-03-13
4495,Mark Thomas,mark.thomas42@example.com,Female,20.0,Corporate,West,2023-08-31
4496,Steven Johnson,steven.johnson49@example.com,Male,58.0,Consumer,East,2023-12-05
4497,Angela Carter,angela.carter78@example.com,Female,48.0,Consumer,West,2023-10-04
4498,Timothy Young,timothy.young72@example.com,Male,,Consumer,West,2023-04-02
4499,Matthew Hall,matthew.hall16@example.com,,62.0,Consumer,Midwest,2023-07-09
4500,David Johnson,david.johnson98@example.com,Female,27.0,Consumer,Midwest,2023-08-25
4501,Robert Thompson,robert.thompson45@example.com,Female,22.0,Home Office,West,2023-12-08
4502,Kevin Nguyen,kevin.nguyen95@example.com,Male,72.0,Corporate,West,2023-12-30
4503,Jason Anderson,jason.anderson84@example.com,Male,60.0,Corporate,East,2023-10-10
4504,William Allen,william.allen83@example.com,Female,60.0,Consumer,West,2023-08-24
4505,Mary Adams,mary.adams64@example.com,Female,65.0,Consumer,West,2023-05-21
4506,Lisa Adams,lisa.adams39@example.com,Female,32.0,Consumer,West,2023-11-11
4507,George White,george.white84@example.com,Male,61.0,Consumer,East,2023-04-06
4508,Gary Garcia,gary.garcia93@example.com,Male,47.0,Consumer,East,2023-06-27
4509,John Walker,john.walker93@example.com,,18.0,Consumer,South,2023-10-10
4510,Gary Martin,gary.martin82@example.com,Female,40.0,Consumer,South,2023-09-16
4511,Paul Rivera,paul.rivera63@example.com,Male,18.0,Consumer,Midwest,2023-10-24
4512,Donald Jones,donald.jones88@example.com,Female,65.0,Consumer,East,2023-03-29
4513,William White,william.white84@example.com,Male,72.0,Consumer,West,2023-12-29
4514,Michael Mitchell,michael.mitchell51@example.com,Female,55.0,Consumer,East,2023-12-04
4515,Timothy Thompson,timothy.thompson24@example.com,Male,,Home Office,West,2023-06-08
4516,Ruth Miller,ruth.miller96@example.com,Female,66.0,Consumer,South,2023-11-06
4517,John Perez,john.perez13@example.com,Female,74.0,Consumer,South,2023-03-14
4518,Karen Thomas,karen.thomas43@example.com,Female,68.0,Consumer,South,2023-01-21
4519,Jason Gonzalez,jason.gonzalez96@example.com,Male,23.0,Consumer,South,2023-09-27
4520,Brenda Adams,brenda.adams82@example.com,Female,37.0,Corporate,East,2023-12-16
4521,Ryan Lee,ryan.lee27@example.com,Male,-12.0,Consumer,East,2023-06-12
4522,Angela Ramirez,angela.ramirez41@example.com,Female,31.0,Home Office,East,2023-06-06
4523,George Wilson,george.wilson40@example.com,Male,52.0,Consumer,East,2023-03-24
4524,Sandra Brown,sandra.brown65@example.com,Female,55.0,Consumer,West,2023-12-11
4525,Jane Johnson,jane.johnson40@example.com,Male,19.0,Home Office,West,2023-08-02
4526,Carol Scott,carol.scott57@example.com,Male,26.0,Corporate,West,2023-03-20
4527,Carol Jones,carol.jones42@example.com,,20.0,Consumer,East,2023-05-15
4528,Kimberly Jones,kimberly.jones64@example.com,Female,59.0,Consumer,Midwest,2023-04-09
4529,Lisa Carter,lisa.carter18@example.com,Female,72.0,Home Office,East,
4530,Ronald Rodriguez,ronald.rodriguez12@example.com,Female,34.0,Consumer,East,2023-04-15
4531,Carol Martin,carol.martin26@example.com,Female,73.0,Home Office,Midwest,2023-01-11
4532,Matthew Sanchez,matthew.sanchez10@example.com,,25.0,Corporate,West,2023-05-01
4533,Ruth White,ruth.white52@example.com,Female,26.0,Consumer,West,2023-08-30
4534,Jacob Martinez,jacob.martinez97@example.com,Male,40.0,Consumer,West,2023-12-21
4535,Elizabeth Rodriguez,elizabeth.rodriguez94@example.com,Female,22.0,Consumer,East,2023-11-04
4536,Jacob Scott,jacob.scott84@example.com,Female,48.0,Home Office,South,2023-07-09
4537,David Wilson,david.wilson74@example.com,Male,31.0,Consumer,West,2023-02-13
4538,Kevin Torres,kevin.torres38@example.com,Male,,Consumer,South,2023-04-26
4539,Michael Moore,michael.moore56@example.com,Female,65.0,Corporate,South,2023-09-19
4540,Sarah Adams,sarah.adams68@example.com,Male,52.0,Corporate,East,2023-12-18
4541,Jane Young,jane.young84@example.com,Female,20.0,Consumer,West,2023-11-21
4542,James Thompson,james.thompson72@example.com,Female,54.0,Consumer,South,2023-10-04
4543,Edward Lee,edward.lee40@example.com,Male,,Consumer,East,2023-06-06
4544,George Gonzalez,george.gonzalez40@example.com,Female,54.0,Consumer,Midwest,2023-01-16
4545,Paul Anderson,paul.anderson76@example.com,Female,18.0,Consumer,West,2023-01-28
4546,Ryan Robinson,ryan.robinson91@example.com,,47.0,Consumer,East,2023-05-23
4547,Lisa Brown,lisa.brown97@example.com,Female,40.0,Consumer,South,2023-04-23
4548,Gary Lee,gary.lee44@example.com,Male,51.0,Consumer,Midwest,2023-12-13
4549,Paul Robinson,paul.robinson69@example.com,Male,75.0,Consumer,East,2023-02-24
4550,Jacob Williams,jacob.williams14@example.com,Male,18.0,Home Office,West,2023-01-12
4551,Gary Carter,gary.carter89@example.com,Male,68.0,Consumer,South,2023-07-26
4552,James Hall,james.hall66@example.com,Female,18.0,Consumer,South,2023-05-24
4553,James Johnson,james.johnson98@example.com,Female,23.0,Consumer,East,2023-05-12
4554,Donna Martinez,donna.martinez65@example.com,Female,49.0,Consumer,South,2023-05-13
4555,Brian Scott,brian.scott63@example.com,Male,25.0,Consumer,South,2023-08-27
4556,Gary Smith,gary.smith39@example.com,Female,21.0,Home Office,West,2023-12-04
4557,Matthew Anderson,matthew.anderson13@example.com,Male,42.0,Consumer,West,2023-09-29
4558,Brian Flores,brian.flores71@example.com,Female,69.0,Consumer,West,2023-04-20
4559,Edward Roberts,edward.roberts17@example.com,Male,24.0,Corporate,Midwest,2023-08-15
4560,Brenda Hill,brenda.hill74@example.com,Male,71.0,Home Office,Midwest,2023-05-26
4561,Elizabeth Johnson,elizabeth.johnson46@example.com,Male,61.0,Home Office,West,2023-02-17
4562,Kenneth Ramirez,kenneth.ramirez46@example.com,Male,34.0,Corporate,Midwest,2023-12-19
4563,Steven White,steven.white22@example.com,Male,41.0,Consumer,Midwest,2023-09-01
4564,Emily Johnson,emily.johnson41@example.com,Female,64.0,Consumer,West,2023-07-01
4565,Steven Baker,steven.baker70@example.com,Female,26.0,Corporate,Midwest,2023-11-29
4566,Ronald Martinez,ronald.martinez36@example.com,Female,58.0,Consumer,South,2023-10-31
4567,Jane Green,jane.green27@example.com,,,Consumer,East,2023-07-25
4568,Nicole Nguyen,nicole.nguyen36@example.com,,,Corporate,West,2023-04-01
4569,David Baker,david.baker49@example.com,Female,46.0,Corporate,East,2023-05-06
4570,Ryan Carter,ryan.carter56@example.com,Female,38.0,Consumer,West,2023-03-03
4571,Jessica Clark,jessica.clark23@example.com,Female,57.0,Consumer,East,2023-11-09
4572,Carol Moore,carol.moore28@example.com,Male,72.0,Home Office,West,2023-06-11
4573,Betty Lewis,betty.lewis50@example.com,Male,26.0,Corporate,West,2023-11-16
4574,Michelle Brown,michelle.brown78@example.com,Female,29.0,Consumer,West,2023-03-10
4575,Joseph Thompson,joseph.thompson81@example.com,Male,50.0,Consumer,West,2023-04-16
4576,Ronald Mitchell,ronald.mitchell90@example.com,Male,19.0,Consumer,West,2023-09-11
4577,Mark Williams,mark.williams73@example.com,Male,74.0,Consumer,West,2023-08-19
4578,Betty White,betty.white43@example.com,Female,40.0,Consumer,East,2023-12-27
4579,Timothy Walker,timothy.walker73@example.com,Female,35.0,Home Office,West,2023-05-16
4580,Angela Thomas,angela.thomas14@example.com,Female,21.0,Corporate,West,2023-07-17
4581,Brian Wright,brian.wright75@example.com,Female,45.0,Home Office,West,2023-12-10
4582,Elizabeth White,elizabeth.white56@example.com,Female,32.0,Corporate,West,2023-10-15
4583,Donald Adams,donald.adams47@example.com,Female,,Home Office,South,2023-03-04
4584,Jane Taylor,jane.taylor13@example.com,Female,40.0,Home Office,East,2023-11-05
4585,Kimberly Williams,kimberly.williams21@example.com,Male,57.0,Consumer,East,2023-04-24
4586,Karen Green,karen.green42@example.com,Female,43.0,Consumer,Midwest,2023-07-04
4587,Ronald Miller,ronald.miller71@example.com,Male,67.0,Consumer,East,2023-03-09
4588,Michelle Brown,michelle.brown93@example.com,Female,58.0,Consumer,East,2023-09-29
4589,Daniel Moore,daniel.moore29@example.com,Female,33.0,Consumer,South,2023-09-13
4590,Angela Taylor,angela.taylor82@example.com,Female,69.0,Consumer,East,2023-12-24
4591,Ryan Thompson,ryan.thompson89@example.com,Female,74.0,Consumer,West,2023-08-18
4592,Jeffrey Gonzalez,jeffrey.gonzalez23@example.com,Female,73.0,Consumer,South,2023-03-15
4593,Andrew Campbell,andrew.campbell23@example.com,Male,61.0,Corporate,South,2023-01-13
4594,William Wilson,william.wilson86@example.com,Female,26.0,Corporate,East,2023-02-22
4595,Elizabeth Clark,elizabeth.clark44@example.com,Female,35.0,Home Office,South,2023-07-19
4596,Ruth Nelson,ruth.nelson56@example.com,Male,32.0,Home Office,East,2023-03-04
4597,Jane Thompson,jane.thompson10@example.com,Male,56.0,Home Office,South,2023-09-02
4598,Gary Adams,gary.adams47@example.com,Female,28.0,Corporate,East,2023-09-27
4599,Jason Rodriguez,jason.rodriguez66@example.com,Female,68.0,Corporate,Midwest,2023-04-16
4600,Brenda Wilson,brenda.wilson50@example.com,Male,32.0,Corporate,West,2023-08-22
4601,Joseph Campbell,joseph.campbell27@example.com,Male,67.0,Home Office,West,2023-04-06
4602,Sarah Thompson,sarah.thompson25@example.com,,18.0,Consumer,West,2023-03-26
4603,David Taylor,david.taylor34@example.com,Female,62.0,Home Office,East,2023-10-19
4604,Ronald Harris,ronald.harris53@example.com,Female,140.0,Consumer,South,2023-02-27
4605,Jane Thompson,jane.thompson33@example.com,,30.0,Corporate,West,2023-08-21
4606,Thomas Johnson,thomas.johnson95@example.com,Female,,Home Office,Midwest,2023-04-30
4607,Elizabeth Lewis,elizabeth.lewis39@example.com,Male,30.0,Consumer,West,2023-05-21
4608,Sarah Mitchell,sarah.mitchell49@example.com,Male,67.0,Consumer,East,2023-12-20
4609,Elizabeth Nelson,elizabeth.nelson57@example.com,Male,44.0,Consumer,Midwest,2023-01-10
4610,John Hill,john.hill17@example.com,Male,,Corporate,East,2023-09-02
4611,Sarah Hernandez,sarah.hernandez25@example.com,Female,33.0,Consumer,West,2023-11-26
4612,Timothy Lee,timothy.lee82@example.com,Male,31.0,Consumer,East,2023-06-17
4613,Brenda Roberts,brenda.roberts89@example.com,Female,25.0,Home Office,Midwest,2023-08-17
4614,Brenda Johnson,brenda.johnson35@example.com,Male,53.0,Consumer,Midwest,2023-01-30
4615,Kimberly Smith,kimberly.smith87@example.com,Male,18.0,Consumer,South,2023-05-24
4616,Jessica Anderson,jessica.anderson13@example.com,,52.0,Consumer,East,2023-11-29
4617,Donald King,donald.king99@example.com,Female,52.0,Home Office,West,2023-01-03
4618,Angela Perez,angela.perez83@example.com,Female,36.0,Corporate,West,2023-08-13
4619,Lisa Thomas,lisa.thomas60@example.com,Female,26.0,Consumer,East,2023-09-14
4620,Kimberly Perez,kimberly.perez23@example.com,Male,62.0,Consumer,South,2023-06-07
4621,Thomas Adams,thomas.adams80@example.com,Female,61.0,Consumer,South,2023-05-13
4622,Laura Martinez,laura.martinez23@example.com,Female,30.0,Corporate,South,2023-11-06
4623,Joseph Torres,joseph.torres46@example.com,Female,20.0,Consumer,Midwest,2023-12-14
4624,Mary Baker,mary.baker98@example.com,Female,46.0,Consumer,West,2023-02-08
4625,Jacob Garcia,jacob.garcia16@example.com,Female,27.0,Consumer,East,2023-05-29
4626,Sarah Allen,sarah.allen67@example.com,Female,75.0,Consumer,West,2023-08-21
4627,Joshua Brown,joshua.brown19@example.com,Female,74.0,Consumer,East,2023-08-09
4628,Ryan Moore,ryan.moore55@example.com,Male,34.0,Corporate,East,2023-08-13
4629,Kevin Smith,kevin.smith44@example.com,Female,,Consumer,East,2023-04-13
4630,Steven Thompson,steven.thompson18@example.com,Female,68.0,Corporate,East,2023-08-10
4631,Timothy Nguyen,timothy.nguyen27@example.com,Male,64.0,Consumer,West,2023-04-17
4632,Ruth Roberts,ruth.roberts73@example.com,Female,48.0,Corporate,West,2023-02-07
4633,Karen Thomas,karen.thomas10@example.com,,47.0,Corporate,East,2023-10-22
4634,Donald Nguyen,donald.nguyen24@example.com,Male,29.0,Consumer,East,2023-07-18
4635,Steven Johnson,steven.johnson10@example.com,Male,39.0,Consumer,East,2023-10-03
4636,Betty Clark,betty.clark93@example.com,Male,,Consumer,West,2023-05-18
4637,David Thomas,david.thomas91@example.com,Male,50.0,Corporate,West,2023-10-02
4638,Donna Flores,donna.flores96@example.com,Female,69.0,Corporate,East,2023-01-15
4639,Ryan Young,ryan.young15@example.com,Male,42.0,Consumer,West,2023-05-23
4640,Sandra Thomas,sandra.thomas66@example.com,,,Consumer,East,2023-10-30
4641,Sarah Campbell,sarah.campbell94@example.com,Female,36.0,Consumer,Midwest,2023-10-14
4642,Andrew Garcia,andrew.garcia94@example.com,Female,62.0,Corporate,East,2023-04-06
4643,Sarah Thompson,sarah.thompson71@example.com,Female,65.0,Corporate,South,2023-07-11
4644,Kenneth Ramirez,kenneth.ramirez64@example.com,Male,52.0,Corporate,South,2023-06-07
4645,David Moore,david.moore31@example.com,Female,58.0,Consumer,East,2023-02-25
4646,Jeffrey Campbell,jeffrey.campbell87@example.com,Female,31.0,Consumer,West,2023-12-18
4647,Brian Lopez,brian.lopez20@example.com,Male,32.0,Consumer,West,2023-10-27
4648,Amy Hernandez,amy.hernandez25@example.com,Male,,Home Office,Midwest,2023-03-04
4649,Betty Rodriguez,betty.rodriguez94@example.com,Female,50.0,Home Office,South,2023-06-29
4650,Paul Robinson,paul.robinson71@example.com,,60.0,Home Office,East,2023-08-26
4651,Nicole Hall,nicole.hall58@example.com,Female,53.0,Consumer,West,2023-04-29
4652,Brian Garcia,brian.garcia22@example.com,Female,59.0,Corporate,West,2023-12-08
4653,Andrew Carter,andrew.carter61@example.com,Female,42.0,Corporate,East,2023-05-09
4654,Joshua Sanchez,joshua.sanchez15@example.com,Male,,Consumer,South,2023-06-25
4655,Nicole Rodriguez,nicole.rodriguez85@example.com,Female,29.0,Consumer,West,2023-07-06
4656,Emily Jackson,emily.jackson83@example.com,Female,55.0,Consumer,East,2023-09-07
4657,Karen Robinson,karen.robinson56@example.com,Female,18.0,Corporate,West,2023-12-18
4658,Timothy Scott,timothy.scott56@example.com,Female,28.0,Consumer,East,2023-10-02
4659,Elizabeth Baker,elizabeth.baker39@example.com,Female,35.0,Corporate,West,2023-07-14
4660,Joshua Rodriguez,joshua.rodriguez49@example.com,Female,20.0,Corporate,South,2023-02-14
4661,Daniel Thomas,daniel.thomas17@example.com,Male,70.0,Consumer,Midwest,2023-05-04
4662,Jane Garcia,jane.garcia23@example.com,Female,43.0,Corporate,West,2023-09-14
4663,Kevin Lee,kevin.lee53@example.com,Female,62.0,Consumer,Midwest,2023-03-20
4664,Brian Sanchez,brian.sanchez23@example.com,Female,56.0,Corporate,East,2023-05-10
4665,Donald Robinson,donald.robinson76@example.com,Male,54.0,Consumer,South,2023-04-13
4666,Nicole Allen,nicole.allen68@example.com,Male,39.0,Corporate,South,2023-07-23
4667,Kimberly Flores,kimberly.flores65@example.com,Male,31.0,Consumer,South,2023-10-05
4668,Jason Torres,jason.torres55@example.com,Female,22.0,Consumer,East,2023-10-01
4669,Karen Lee,karen.lee97@example.com,Male,56.0,Corporate,Midwest,2023-10-26
4670,Jessica Roberts,jessica.roberts65@example.com,Female,37.0,Consumer,West,2023-08-04
4671,Jason Hernandez,jason.hernandez85@example.com,Female,51.0,Corporate,West,2023-03-01
4672,Melissa Nguyen,melissa.nguyen68@example.com,Female,71.0,Corporate,South,2023-01-25
4673,Sarah Smith,sarah.smith26@example.com,Female,56.0,Consumer,Midwest,2023-12-14
4674,Brenda Lee,brenda.lee96@example.com,Male,60.0,Corporate,Midwest,2023-02-21
4675,Robert Davis,robert.davis56@example.com,Male,75.0,Corporate,Midwest,2023-07-15
4676,William Martin,william.martin44@example.com,Male,24.0,Consumer,East,2023-08-06
4677,Paul Wilson,paul.wilson90@example.com,Male,40.0,Home Office,East,2023-03-21
4678,Matthew Gonzalez,matthew.gonzalez26@example.com,Female,52.0,Consumer,South,2023-05-22
4679,John Thomas,john.thomas16@example.com,Female,72.0,Corporate,East,2023-09-27
4680,Matthew Jones,matthew.jones96@example.com,Male,140.0,Home Office,South,2023-04-08
4681,Jacob Thompson,jacob.thompson16@example.com,Female,,Consumer,South,2023-11-04
4682,Betty Mitchell,betty.mitchell41@example.com,Male,58.0,Consumer,East,2023-10-17
4683,George Robinson,george.robinson13@example.com,Female,,Consumer,West,2023-04-14
4684,Sarah Johnson,sarah.johnson89@example.com,,60.0,Consumer,South,2023-05-01
4685,Gary Perez,gary.perez99@example.com,Male,49.0,Corporate,West,2023-11-26
4686,Thomas Young,thomas.young65@example.com,Female,22.0,Corporate,East,2023-08-16
4687,Donald Walker,donald.walker38@example.com,Female,24.0,Consumer,Midwest,2023-02-19
4688,Lisa Harris,lisa.harris62@example.com,Female,33.0,Consumer,East,2023-10-23
4689,Ryan Rodriguez,ryan.rodriguez87@example.com,Female,71.0,Corporate,West,2023-02-05
4690,Donald Brown,donald.brown92@example.com,Female,32.0,Home Office,East,2023-10-19
4691,Emily Ramirez,emily.ramirez30@example.com,Female,75.0,Consumer,East,2023-08-17
4692,Joshua Gonzalez,joshua.gonzalez37@example.com,Male,56.0,Consumer,West,2023-01-23
4693,Thomas Lewis,thomas.lewis24@example.com,Male,46.0,Consumer,Midwest,2023-05-05
4694,Brian Hall,brian.hall56@example.com,Male,69.0,Home Office,East,2023-02-15
4695,Paul Baker,paul.baker33@example.com,Male,63.0,Consumer,West,2023-12-01
4696,Jeffrey Baker,jeffrey.baker51@example.com,Male,,Home Office,Midwest,2023-05-09
4697,Joseph Sanchez,joseph.sanchez42@example.com,Female,34.0,Consumer,South,2023-03-24
4698,Ryan Roberts,ryan.roberts82@example.com,Female,34.0,Consumer,East,2023-12-20
4699,Jacob Rivera,jacob.rivera10@example.com,Female,28.0,Consumer,West,2023-08-15
4700,Laura Rivera,laura.rivera74@example.com,Male,21.0,Consumer,East,2023-09-17
4701,Andrew Wright,andrew.wright50@example.com,Male,,Corporate,East,2023-04-07
4702,Kevin Carter,kevin.carter57@example.com,Male,,Consumer,East,2023-01-31
4703,Ronald Ramirez,ronald.ramirez37@example.com,Male,64.0,Consumer,West,2023-11-27
4704,Joshua Lewis,joshua.lewis52@example.com,Female,25.0,Consumer,West,2023-10-11
4705,Ronald Martin,ronald.martin69@example.com,Male,69.0,Consumer,West,2023-04-21
4706,Thomas Lopez,thomas.lopez46@example.com,Female,66.0,Consumer,South,2023-09-28
4707,Matthew Roberts,matthew.roberts18@example.com,Female,39.0,Corporate,East,2023-06-10
4708,Melissa Wilson,melissa.wilson50@example.com,Male,50.0,Consumer,East,2023-09-13
4709,Laura Torres,laura.torres96@example.com,Female,44.0,Consumer,East,2023-07-30
4710,John Williams,john.williams91@example.com,Male,46.0,Consumer,West,2023-03-20
4711,Lisa Torres,lisa.torres60@example.com,Female,23.0,Home Office,West,
4712,William Lopez,william.lopez26@example.com,Female,48.0,Consumer,West,2023-11-21
4713,Michelle Campbell,michelle.campbell35@example.com,Male,43.0,Home Office,South,2023-05-20
4714,David Jackson,david.jackson28@example.com,Female,29.0,Consumer,South,2023-08-30
4715,Michael Wright,michael.wright19@example.com,Female,55.0,Consumer,South,2023-03-04
4716,Jane Flores,jane.flores35@example.com,Male,60.0,Corporate,East,2023-03-20
4717,William Hill,william.hill91@example.com,Male,61.0,Corporate,East,2023-06-06
4718,Brian Sanchez,brian.sanchez27@example.com,Male,45.0,Consumer,East,2023-12-08
4719,Angela Perez,angela.perez35@example.com,Female,31.0,Corporate,East,2023-12-03
4720,Matthew Carter,matthew.carter73@example.com,Male,,Consumer,South,2023-09-16
4721,Karen Martin,karen.martin48@example.com,Female,37.0,Consumer,East,2023-04-24
4722,Kimberly Baker,kimberly.baker10@example.com,Female,44.0,Consumer,West,2023-12-16
4723,Ryan Thompson,ryan.thompson12@example.com,Female,39.0,Consumer,East,2023-08-07
4724,William Torres,william.torres71@example.com,Female,66.0,Home Office,South,2023-04-18
4725,Gary Martinez,gary.martinez51@example.com,Male,58.0,Consumer,East,2023-07-31
4726,Kevin Rivera,kevin.rivera87@example.com,Female,64.0,Consumer,West,2023-08-28
4727,Lisa Gonzalez,lisa.gonzalez96@example.com,Female,74.0,Consumer,East,2023-08-09
4728,Paul Sanchez,paul.sanchez23@example.com,,37.0,Home Office,East,2023-07-17
4729,Sarah Wright,sarah.wright16@example.com,Female,70.0,Consumer,Midwest,2023-09-24
4730,Timothy King,timothy.king70@example.com,Male,34.0,Corporate,East,2023-05-11
4731,Jane Carter,jane.carter41@example.com,Female,45.0,Corporate,East,2023-06-15
4732,Paul Garcia,paul.garcia39@example.com,Female,,Corporate,West,2023-10-04
4733,Thomas Hall,thomas.hall93@example.com,Male,52.0,Corporate,Midwest,
4734,Laura Nguyen,laura.nguyen34@example.com,Female,69.0,Home Office,Midwest,2023-04-15
4735,Melissa Young,melissa.young87@example.com,Male,57.0,Consumer,West,2023-01-02
4736,Sarah Roberts,sarah.roberts96@example.com,Male,19.0,Consumer,South,2023-04-21
4737,James Allen,james.allen56@example.com,Male,33.0,Home Office,East,2023-07-06
4738,Karen Wilson,karen.wilson19@example.com,Male,43.0,Home Office,South,2023-12-18
4739,Betty Baker,betty.baker18@example.com,Male,29.0,Home Office,Midwest,2023-09-06
4740,Michael Lopez,michael.lopez41@example.com,Female,20.0,Consumer,East,2023-04-04
4741,Brenda Thompson,brenda.thompson87@example.com,,33.0,Consumer,East,2023-08-22
4742,Melissa Green,melissa.green50@example.com,Male,,Corporate,South,
4743,James Adams,james.adams84@example.com,Male,42.0,Home Office,West,2023-04-19
4744,Jacob Lopez,jacob.lopez47@example.com,Male,31.0,Consumer,East,2023-09-19
4745,Gary Walker,gary.walker24@example.com,Male,64.0,Consumer,West,2023-08-11
4746,Brenda Davis,brenda.davis24@example.com,Male,62.0,Consumer,East,2023-01-06
4747,Robert Walker,robert.walker28@example.com,Male,72.0,Consumer,East,2023-01-24
4748,Brenda Thomas,brenda.thomas94@example.com,Male,52.0,Corporate,West,2023-04-14
4749,Matthew Green,matthew.green82@example.com,Male,28.0,Consumer,West,2023-12-08
4750,Gary Smith,gary.smith13@example.com,Male,62.0,Home Office,East,2023-04-30
4751,Robert Baker,robert.baker54@example.com,Female,41.0,Consumer,South,2023-01-22
4752,William Garcia,william.garcia38@example.com,Female,40.0,Consumer,Midwest,2023-03-26
4753,Amy Mitchell,amy.mitchell37@example.com,Female,19.0,Consumer,West,2023-02-12
4754,Laura Lewis,laura.lewis74@example.com,Female,47.0,Consumer,West,2023-10-02
4755,Paul Mitchell,paul.mitchell27@example.com,Male,24.0,Consumer,East,2023-09-17
4756,Laura Taylor,laura.taylor31@example.com,Male,28.0,Consumer,West,2023-11-11
4757,Brian Martin,brian.martin20@example.com,Female,72.0,Consumer,South,
4758,Gary Smith,gary.smith56@example.com,Male,35.0,Corporate,East,2023-02-01
4759,Ronald Perez,ronald.perez13@example.com,Female,,Consumer,South,2023-06-13
4760,William Scott,william.scott47@example.com,Female,32.0,Consumer,West,2023-09-16
4761,Daniel Ramirez,daniel.ramirez67@example.com,Male,53.0,Consumer,West,2023-04-27
4762,Jane Adams,jane.adams67@example.com,Female,39.0,Home Office,South,2023-04-29
4763,Mark Lee,mark.lee10@example.com,Male,47.0,Consumer,West,2023-08-15
4764,Sandra Campbell,sandra.campbell27@example.com,Male,62.0,Home Office,East,2023-05-01
4765,Robert Smith,robert.smith56@example.com,Male,-12.0,Home Office,Midwest,2023-08-07
4766,Joseph Harris,joseph.harris78@example.com,,56.0,Consumer,Midwest,2023-01-16
4767,Lisa Martin,lisa.martin15@example.com,Male,150.0,Consumer,South,2023-05-20
4768,Joshua Jones,joshua.jones21@example.com,Female,40.0,Consumer,West,2023-08-14
4769,Brian Ramirez,brian.ramirez75@example.com,Male,23.0,Corporate,South,2023-05-11
4770,Emily Lewis,emily.lewis94@example.com,Female,52.0,Consumer,West,2023-05-07
4771,Kevin Nelson,kevin.nelson76@example.com,Male,24.0,Consumer,East,2023-05-21
4772,Ruth Hall,ruth.hall62@example.com,Female,44.0,Consumer,West,2023-10-27
4773,Ruth Rodriguez,ruth.rodriguez44@example.com,Male,20.0,Consumer,East,2023-02-18
4774,Andrew Ramirez,andrew.ramirez49@example.com,Female,47.0,Consumer,East,2023-01-21
4775,Robert Martinez,robert.martinez95@example.com,Male,40.0,Consumer,Midwest,2023-06-06
4776,Andrew Allen,andrew.allen30@example.com,Male,30.0,Consumer,Midwest,2023-01-31
4777,Brenda Thompson,brenda.thompson91@example.com,Male,51.0,Corporate,West,2023-08-31
4778,Sandra White,sandra.white74@example.com,Female,57.0,Corporate,South,2023-04-08
4779,Betty Green,betty.green53@example.com,Male,75.0,Consumer,West,2023-11-10
4780,Sandra Torres,sandra.torres74@example.com,Female,56.0,Corporate,West,2023-06-07
4781,Gary Harris,gary.harris46@example.com,Female,47.0,Corporate,East,2023-10-13
4782,Thomas Lee,thomas.lee60@example.com,Female,33.0,Corporate,West,2023-10-11
4783,Jeffrey Scott,jeffrey.scott63@example.com,Female,27.0,Consumer,East,2023-06-20
4784,Thomas Thomas,thomas.thomas49@example.com,Female,21.0,Corporate,Midwest,2023-07-30
4785,Kimberly Gonzalez,kimberly.gonzalez41@example.com,Male,62.0,Consumer,South,2023-02-17
4786,Michelle Sanchez,michelle.sanchez98@example.com,Female,73.0,Consumer,East,2023-07-25
4787,William King,william.king81@example.com,Male,47.0,Consumer,East,2023-05-22
4788,Donna White,donna.white56@example.com,Male,74.0,Consumer,East,2023-06-06
4789,Betty Moore,betty.moore47@example.com,Male,150.0,Corporate,South,2023-10-22
4790,Daniel Jackson,daniel.jackson82@example.com,Female,70.0,Consumer,East,2023-10-11
4791,Kevin Rivera,kevin.rivera48@example.com,Female,50.0,Consumer,West,2023-07-07
4792,David Hernandez,david.hernandez89@example.com,Female,49.0,Consumer,East,2023-03-30
4793,Daniel Nelson,daniel.nelson59@example.com,Female,46.0,Home Office,South,2023-06-15
4794,Betty Adams,betty.adams89@example.com,Female,59.0,Consumer,West,2023-03-02
4795,Michelle Thomas,michelle.thomas10@example.com,,25.0,Consumer,South,2023-11-30
4796,David King,david.king38@example.com,Female,29.0,Consumer,East,2023-05-01
4797,Emily Perez,emily.perez69@example.com,Male,65.0,Corporate,West,2023-02-09
4798,Jane Campbell,jane.campbell74@example.com,Female,37.0,Consumer,West,2023-05-03
4799,Ryan Walker,ryan.walker78@example.com,Female,37.0,Consumer,East,2023-01-25
4800,Edward Jones,edward.jones44@example.com,Male,65.0,Consumer,West,2023-07-19
4801,Jessica Campbell,jessica.campbell13@example.com,Female,46.0,Consumer,South,2023-11-07
4802,James Martinez,james.martinez18@example.com,Female,62.0,Consumer,East,2023-07-17
4803,Ruth Smith,ruth.smith64@example.com,,46.0,Corporate,South,2023-10-25
4804,John Miller,john.miller23@example.com,Female,,Corporate,West,2023-04-08
4805,Sarah Clark,sarah.clark15@example.com,,21.0,Consumer,South,2023-09-04
4806,William Scott,william.scott89@example.com,Male,25.0,Corporate,East,2023-01-31
4807,Mary Sanchez,mary.sanchez20@example.com,Female,20.0,Home Office,East,2023-11-13
4808,Laura Carter,laura.carter58@example.com,Female,34.0,Home Office,Midwest,2023-02-01
4809,Nicole Jones,nicole.jones46@example.com,Female,43.0,Corporate,Midwest,
4810,Joshua Anderson,joshua.anderson72@example.com,Female,140.0,Corporate,East,2023-03-28
4811,Amy Rivera,amy.rivera51@example.com,Female,38.0,Consumer,East,2023-12-24
4812,Kimberly Wilson,kimberly.wilson72@example.com,Male,19.0,Consumer,South,2023-09-13
4813,Joshua Torres,joshua.torres70@example.com,Male,45.0,Consumer,East,
4814,Carol Campbell,carol.campbell90@example.com,Female,56.0,Consumer,Midwest,2023-12-11
4815,Kevin Miller,kevin.miller50@example.com,,72.0,Consumer,West,2023-01-29
4816,Sandra Perez,sandra.perez65@example.com,Male,67.0,Consumer,South,2023-07-29
4817,Brenda Green,brenda.green59@example.com,Male,44.0,Consumer,South,2023-06-07
4818,Gary Robinson,gary.robinson60@example.com,,72.0,Consumer,East,2023-03-29
4819,Sarah Brown,sarah.brown21@example.com,Male,60.0,Home Office,East,2023-06-09
4820,Nicole Jackson,nicole.jackson23@example.com,Male,40.0,Consumer,East,2023-02-01
4821,Kenneth Thompson,kenneth.thompson87@example.com,Female,33.0,Consumer,West,2023-05-22
4822,Nicole Thomas,nicole.thomas70@example.com,Female,,Consumer,East,2023-08-02
4823,Gary White,gary.white51@example.com,Male,73.0,Consumer,South,2023-06-30
4824,Jeffrey Mitchell,jeffrey.mitchell29@example.com,Male,39.0,Corporate,West,2023-10-10
4825,Matthew Clark,matthew.clark68@example.com,Male,49.0,Consumer,East,2023-03-28
4826,William Walker,william.walker85@example.com,Male,54.0,Consumer,East,2023-08-08
4827,Mark Hernandez,mark.hernandez36@example.com,Female,61.0,Consumer,East,2023-10-16
4828,Brenda Brown,brenda.brown28@example.com,,51.0,Consumer,West,2023-01-20
4829,Andrew Smith,andrew.smith17@example.com,Male,63.0,Home Office,East,2023-03-07
4830,Matthew Martinez,matthew.martinez63@example.com,Female,38.0,Corporate,South,2023-12-22
4831,Kevin Perez,kevin.perez18@example.com,Male,56.0,Consumer,East,2023-07-12
4832,Jason Thomas,jason.thomas52@example.com,Female,37.0,Consumer,East,2023-08-11
4833,Ryan Hernandez,ryan.hernandez12@example.com,Female,43.0,Consumer,South,2023-04-15
4834,Daniel Clark,daniel.clark19@example.com,,51.0,Consumer,East,2023-08-18
4835,Karen King,karen.king32@example.com,Female,75.0,Corporate,South,2023-12-04
4836,Betty Hall,betty.hall74@example.com,,57.0,Consumer,South,2023-02-13
4837,Steven Brown,steven.brown41@example.com,Male,140.0,Consumer,East,2023-02-14
4838,Amy Adams,amy.adams48@example.com,Female,,Consumer,West,2023-01-09
4839,Edward Hill,edward.hill35@example.com,Female,52.0,Home Office,East,2023-03-23
4840,Gary Jones,gary.jones14@example.com,Female,64.0,Consumer,East,2023-09-13
4841,Elizabeth Robinson,elizabeth.robinson68@example.com,Female,47.0,Consumer,East,2023-07-02
4842,Donald Martin,donald.martin52@example.com,Male,75.0,Consumer,South,2023-02-26
4843,Brenda Perez,brenda.perez99@example.com,Female,64.0,Consumer,West,2023-01-26
4844,Robert Harris,robert.harris89@example.com,Female,33.0,Consumer,East,2023-10-03
4845,Brenda Campbell,brenda.campbell27@example.com,Male,74.0,Consumer,South,2023-07-06
4846,Gary Mitchell,gary.mitchell18@example.com,Female,68.0,Home Office,West,
4847,Jane Martinez,jane.martinez58@example.com,Female,68.0,Consumer,South,2023-07-17
4848,Andrew Jackson,andrew.jackson23@example.com,Male,37.0,Consumer,West,2023-09-17
4849,Joshua Ramirez,joshua.ramirez30@example.com,Female,53.0,Consumer,South,2023-05-11
4850,Ronald Rodriguez,ronald.rodriguez68@example.com,Female,29.0,Consumer,South,2023-01-28
4851,Kimberly Torres,kimberly.torres51@example.com,Male,60.0,Corporate,East,2023-04-28
4852,Ryan Roberts,ryan.roberts56@example.com,Male,67.0,Corporate,South,2023-07-11
4853,Kevin Lopez,kevin.lopez78@example.com,Male,74.0,Consumer,East,2023-10-29
4854,Carol Hill,carol.hill55@example.com,Female,39.0,Consumer,West,2023-02-04
4855,Ryan Rivera,ryan.rivera99@example.com,Female,43.0,Consumer,West,2023-05-31
4856,Carol Ramirez,carol.ramirez42@example.com,Male,55.0,Consumer,Midwest,
4857,Daniel Jones,daniel.jones57@example.com,Male,74.0,Consumer,East,2023-09-27
4858,Steven Young,steven.young78@example.com,Female,18.0,Consumer,West,2023-09-15
4859,Angela Walker,angela.walker72@example.com,Female,25.0,Consumer,East,2023-06-04
4860,Steven Lewis,steven.lewis15@example.com,Male,27.0,Consumer,South,2023-06-25
4861,Michael Mitchell,michael.mitchell26@example.com,Male,,Corporate,West,2023-12-08
4862,David Robinson,david.robinson71@example.com,Male,49.0,Corporate,South,2023-12-25
4863,Kimberly Williams,kimberly.williams96@example.com,Female,60.0,Consumer,Midwest,2023-09-07
4864,Angela Flores,angela.flores26@example.com,Male,35.0,Corporate,East,2023-06-15
4865,Lisa Young,lisa.young54@example.com,Male,63.0,Consumer,East,2023-04-14
4866,Robert Carter,robert.carter81@example.com,Female,50.0,Consumer,South,2023-02-16
4867,Donald Baker,donald.baker16@example.com,Female,50.0,Consumer,South,2023-07-03
4868,Ryan Robinson,ryan.robinson24@example.com,Female,61.0,Corporate,West,2023-08-04
4869,Paul Scott,paul.scott84@example.com,Male,44.0,Corporate,East,2023-05-03
4870,Steven Taylor,steven.taylor62@example.com,Female,41.0,Consumer,West,2023-12-23
4871,Paul Davis,paul.davis19@example.com,Female,30.0,Consumer,East,2023-05-14
4872,Michelle Jones,michelle.jones75@example.com,Female,22.0,Home Office,South,2023-02-11
4873,Karen Adams,karen.adams64@example.com,Female,75.0,Consumer,South,2023-12-25
4874,Steven Nguyen,steven.nguyen72@example.com,Female,70.0,Corporate,East,2023-11-07
4875,Paul Mitchell,paul.mitchell35@example.com,Female,21.0,Consumer,Midwest,2023-09-11
4876,Edward Brown,edward.brown43@example.com,Female,71.0,Consumer,East,2023-04-03
4877,Jacob Thompson,jacob.thompson82@example.com,Female,33.0,Consumer,South,
4878,Jessica Rodriguez,jessica.rodriguez71@example.com,Male,42.0,Consumer,East,2023-02-25
4879,Jacob Hill,jacob.hill21@example.com,Female,61.0,Consumer,Midwest,2023-09-26
4880,Michelle Nelson,michelle.nelson54@example.com,Female,,Consumer,West,2023-03-30
4881,Joseph Smith,joseph.smith62@example.com,Female,59.0,Home Office,East,2023-09-09
4882,Elizabeth White,elizabeth.white60@example.com,Female,56.0,Home Office,Midwest,2023-02-03
4883,John Martin,john.martin11@example.com,Male,65.0,Home Office,East,2023-04-15
4884,Jane Wilson,jane.wilson26@example.com,Male,37.0,Corporate,South,2023-07-15
4885,Betty Mitchell,betty.mitchell51@example.com,Male,71.0,Home Office,East,2023-03-01
4886,Mary Allen,mary.allen98@example.com,Male,71.0,Corporate,East,2023-01-02
4887,Gary Ramirez,gary.ramirez96@example.com,Female,44.0,Consumer,West,2023-12-05
4888,David Scott,david.scott52@example.com,Male,24.0,Corporate,West,2023-03-25
4889,Kenneth Carter,kenneth.carter20@example.com,Male,31.0,Consumer,Midwest,2023-08-06
4890,Steven Sanchez,steven.sanchez39@example.com,Female,50.0,Consumer,West,2023-05-07
4891,William Clark,william.clark51@example.com,Female,30.0,Consumer,West,2023-12-17
4892,Melissa Flores,melissa.flores16@example.com,Female,19.0,Corporate,Midwest,2023-09-09
4893,Michelle Wilson,michelle.wilson54@example.com,Male,24.0,Consumer,South,2023-03-21
4894,Jason Taylor,jason.taylor53@example.com,Female,39.0,Consumer,East,2023-02-20
4895,Angela Green,angela.green53@example.com,,68.0,Consumer,East,2023-01-28
4896,Michelle Sanchez,michelle.sanchez74@example.com,Male,22.0,Consumer,West,2023-07-23
4897,Ruth Martinez,ruth.martinez46@example.com,Female,56.0,Consumer,East,2023-07-02
4898,William Campbell,william.campbell86@example.com,Male,75.0,Consumer,West,2023-01-03
4899,Jason Jones,jason.jones51@example.com,Female,44.0,Home Office,West,2023-02-15
4900,Sandra Sanchez,sandra.sanchez20@example.com,Female,71.0,Consumer,Midwest,2023-09-18
4901,William Rodriguez,william.rodriguez59@example.com,Female,63.0,Corporate,East,2023-12-08
4902,Jane Rodriguez,jane.rodriguez82@example.com,Female,36.0,Consumer,South,2023-05-12
4903,Ryan Lee,ryan.lee68@example.com,Female,22.0,Consumer,South,2023-05-02
4904,Kevin Wright,kevin.wright65@example.com,Female,,Corporate,West,2023-01-18
4905,Jason Nguyen,jason.nguyen21@example.com,Female,65.0,Home Office,West,2023-04-07
4906,Karen Wilson,karen.wilson82@example.com,Female,66.0,Consumer,South,2023-04-07
4907,Steven Smith,steven.smith24@example.com,Female,58.0,Consumer,South,2023-08-01
4908,Steven Miller,steven.miller81@example.com,Male,63.0,Home Office,South,2023-10-01
4909,Michael Lewis,michael.lewis27@example.com,,75.0,Consumer,West,2023-04-25
4910,Edward Rivera,edward.rivera37@example.com,Male,28.0,Consumer,West,
4911,Brian Flores,brian.flores64@example.com,Female,32.0,Corporate,South,2023-01-09
4912,Joseph Adams,joseph.adams66@example.com,Female,75.0,Corporate,East,2023-08-04
4913,Joshua Smith,joshua.smith68@example.com,Male,60.0,Consumer,South,2023-09-09
4914,Matthew Gonzalez,matthew.gonzalez85@example.com,Female,,Consumer,West,2023-08-19
4915,Joseph Hill,joseph.hill41@example.com,,56.0,Corporate,South,
4916,Ryan Perez,ryan.perez44@example.com,Female,33.0,Consumer,Midwest,2023-01-26
4917,Jacob Thompson,jacob.thompson76@example.com,Female,21.0,Consumer,Midwest,2023-06-19
4918,Betty Miller,betty.miller27@example.com,Male,74.0,Consumer,East,2023-06-11
4919,Donna Young,donna.young75@example.com,Male,51.0,Home Office,East,2023-01-08
4920,Sarah Roberts,sarah.roberts47@example.com,Female,47.0,Corporate,South,2023-01-07
4921,Michael Johnson,michael.johnson19@example.com,Male,20.0,Home Office,Midwest,2023-09-23
4922,Kenneth Lee,kenneth.lee42@example.com,Male,64.0,Consumer,South,2023-05-05
4923,Laura Carter,laura.carter83@example.com,Male,35.0,Consumer,West,2023-02-24
4924,Brian King,brian.king50@example.com,Female,51.0,Corporate,West,2023-02-25
4925,Joseph Smith,joseph.smith54@example.com,Female,63.0,Consumer,West,2023-11-19
4926,David Miller,david.miller21@example.com,Male,40.0,Corporate,Midwest,2023-01-08
4927,Brian Jackson,brian.jackson31@example.com,Female,-12.0,Consumer,West,2023-08-18
4928,Brenda Flores,brenda.flores85@example.com,,66.0,Home Office,West,2023-05-07
4929,Mary Wright,mary.wright67@example.com,Female,45.0,Consumer,West,2023-11-20
4930,Steven Hernandez,steven.hernandez77@example.com,Female,71.0,Consumer,East,2023-04-14
4931,Gary Martin,gary.martin12@example.com,Female,52.0,Corporate,West,2023-05-29
4932,Ronald Hall,ronald.hall93@example.com,Male,44.0,Home Office,South,2023-12-20
4933,Jacob Torres,jacob.torres95@example.com,Female,29.0,Corporate,East,2023-07-15
4934,Sandra Allen,sandra.allen31@example.com,Female,37.0,Consumer,East,2023-10-10
4935,Mark Davis,mark.davis38@example.com,Male,150.0,Home Office,East,2023-01-29
4936,Ruth Lewis,ruth.lewis67@example.com,Female,55.0,Consumer,West,2023-12-27
4937,Ronald Scott,ronald.scott80@example.com,Male,21.0,Consumer,East,2023-09-29
4938,Andrew Lee,andrew.lee66@example.com,Female,66.0,Consumer,East,2023-05-02
4939,Gary Smith,gary.smith36@example.com,Female,51.0,Consumer,West,2023-11-01
4940,Nicole Hernandez,nicole.hernandez44@example.com,Female,29.0,Corporate,West,2023-06-24
4941,Jacob Robinson,jacob.robinson18@example.com,Female,71.0,Consumer,West,2023-05-13
4942,Timothy White,timothy.white22@example.com,Female,46.0,Consumer,Midwest,2023-04-01
4943,Donald Lewis,donald.lewis48@example.com,Female,70.0,Consumer,South,2023-03-16
4944,Mark Rodriguez,mark.rodriguez63@example.com,Male,70.0,Home Office,South,2023-02-23
4945,Jacob Miller,jacob.miller24@example.com,Female,33.0,Consumer,East,2023-10-06
4946,Donald Jones,donald.jones50@example.com,Female,49.0,Corporate,East,2023-11-29
4947,Michelle Brown,michelle.brown94@example.com,Male,52.0,Corporate,South,2023-04-18
4948,David Nguyen,david.nguyen38@example.com,Female,29.0,Corporate,East,2023-06-13
4949,Kenneth Ramirez,kenneth.ramirez16@example.com,Female,75.0,Corporate,South,2023-04-14
4950,Timothy Thomas,timothy.thomas36@example.com,Male,57.0,Corporate,East,2023-07-04
4951,Robert Moore,robert.moore51@example.com,Female,140.0,Consumer,West,2023-09-29
4952,Edward Rodriguez,edward.rodriguez61@example.com,Male,30.0,Consumer,West,2023-05-18
4953,Gary Mitchell,gary.mitchell28@example.com,Female,51.0,Home Office,West,2023-07-19
4954,Gary Hernandez,gary.hernandez98@example.com,Female,47.0,Corporate,East,2023-05-09
4955,Joshua Clark,joshua.clark33@example.com,Male,19.0,Consumer,East,2023-10-12
4956,Donald Adams,donald.adams45@example.com,Female,62.0,Consumer,Midwest,2023-09-27
4957,James Torres,james.torres34@example.com,Male,54.0,Consumer,West,2023-02-16
4958,Gary Rivera,gary.rivera32@example.com,Male,66.0,Consumer,Midwest,2023-07-20
4959,Lisa Thompson,lisa.thompson40@example.com,Female,24.0,Consumer,East,2023-07-04
4960,Donna Perez,donna.perez57@example.com,Male,75.0,Consumer,West,2023-05-03
4961,Sarah Taylor,sarah.taylor10@example.com,,43.0,Consumer,Midwest,2023-04-14
4962,William Allen,william.allen29@example.com,Male,37.0,Corporate,West,2023-01-05
4963,Carol Lewis,carol.lewis84@example.com,Female,24.0,Consumer,East,2023-09-15
4964,Angela Rivera,angela.rivera65@example.com,Male,67.0,Consumer,Midwest,2023-07-07
4965,Emily King,emily.king63@example.com,Female,38.0,Corporate,Midwest,2023-11-17
4966,Betty Martin,betty.martin66@example.com,Male,54.0,Corporate,East,2023-07-05
4967,Kevin Lewis,kevin.lewis32@example.com,Female,74.0,Consumer,East,2023-07-21
4968,Betty Jones,betty.jones60@example.com,Male,36.0,Consumer,East,2023-02-22
4969,Joshua Hernandez,joshua.hernandez60@example.com,Male,18.0,Consumer,South,2023-04-17
4970,Timothy Sanchez,timothy.sanchez49@example.com,Female,60.0,Home Office,South,2023-10-20
4971,Sarah Green,sarah.green21@example.com,Male,59.0,Home Office,East,2023-12-15
4972,Michael Anderson,michael.anderson22@example.com,,24.0,Consumer,South,2023-05-01
4973,Gary Harris,gary.harris65@example.com,Male,41.0,Consumer,East,2023-06-06
4974,David Jackson,david.jackson10@example.com,Female,72.0,Consumer,East,2023-03-19
4975,William Torres,william.torres55@example.com,,58.0,Consumer,West,
4976,Carol King,carol.king64@example.com,,67.0,Consumer,South,2023-01-23
4977,Ryan Nelson,ryan.nelson17@example.com,Female,36.0,Consumer,East,2023-01-10
4978,Edward Miller,edward.miller66@example.com,Female,71.0,Consumer,East,2023-02-24
4979,Jeffrey Harris,jeffrey.harris27@example.com,Female,-5.0,Corporate,South,2023-11-17
4980,Melissa Wright,melissa.wright79@example.com,Female,32.0,Corporate,East,2023-03-17
4981,David Ramirez,david.ramirez54@example.com,,61.0,Consumer,West,2023-04-19
4982,Gary King,gary.king83@example.com,Female,72.0,Consumer,West,2023-08-24
4983,David Jones,david.jones92@example.com,Female,57.0,Consumer,West,2023-01-13
4984,William Thomas,william.thomas94@example.com,Female,65.0,Corporate,East,2023-08-06
4985,Kimberly Lewis,kimberly.lewis22@example.com,Female,32.0,Corporate,East,2023-03-04
4986,Melissa Carter,melissa.carter20@example.com,Female,65.0,Consumer,Midwest,2023-03-29
4987,Brian Scott,brian.scott98@example.com,Male,70.0,Home Office,East,2023-09-17
4988,Ronald Scott,ronald.scott19@example.com,Male,,Consumer,East,2023-12-15
4989,Donald Rodriguez,donald.rodriguez24@example.com,Female,25.0,Consumer,South,2023-03-22
4990,Paul Hill,paul.hill65@example.com,Male,66.0,Home Office,West,2023-04-27
4991,Jason Rodriguez,jason.rodriguez45@example.com,Male,56.0,Consumer,West,2023-01-28
4992,Sandra Hall,sandra.hall31@example.com,Male,56.0,Consumer,Midwest,2023-03-19
4993,Sandra Scott,sandra.scott39@example.com,Female,66.0,Home Office,West,2023-12-14
4994,Thomas Walker,thomas.walker92@example.com,Female,55.0,Consumer,East,2023-03-21
4995,Jeffrey Scott,jeffrey.scott55@example.com,Male,19.0,Consumer,South,2023-11-24
4996,Daniel Miller,daniel.miller46@example.com,Male,55.0,Consumer,East,2023-09-21
4997,Mark Johnson,mark.johnson52@example.com,Female,50.0,Consumer,South,2023-12-05
4998,James Perez,james.perez84@example.com,,53.0,Consumer,Midwest,2023-04-19
4999,Elizabeth Young,elizabeth.young31@example.com,Male,36.0,Home Office,Midwest,2023-10-21
5000,Timothy Anderson,timothy.anderson82@example.com,Male,49.0,Consumer,East,2024-01-01
